Время	x1	x2	x3	y
0.000000	0.000000	0.000000	0.000000	0.000000
0.001000	0.000009	0.000000	0.000000	0.000000
0.002000	0.000019	0.000000	0.000000	0.000000
0.003000	0.000028	0.000000	0.000000	0.000000
0.004000	0.000037	0.000000	0.000000	0.000000
0.005000	0.000046	0.000000	0.000000	0.000000
0.006000	0.000055	0.000000	0.000000	0.000000
0.007000	0.000065	0.000000	0.000000	0.000000
0.008000	0.000074	0.000000	0.000000	0.000000
0.009000	0.000083	0.000000	0.000000	0.000000
0.010000	0.000092	0.000000	0.000000	0.000000
0.011000	0.000102	0.000000	0.000000	0.000000
0.012000	0.000111	0.000000	0.000000	0.000000
0.013000	0.000120	0.000000	0.000000	0.000000
0.014000	0.000129	0.000000	0.000000	0.000000
0.015000	0.000139	0.000000	0.000000	0.000000
0.016000	0.000148	0.000000	0.000000	0.000000
0.017000	0.000157	0.000000	0.000000	0.000000
0.018000	0.000166	0.000000	0.000000	0.000000
0.019000	0.000175	0.000000	0.000000	0.000000
0.020000	0.000185	0.000000	0.000000	0.000000
0.021000	0.000194	0.000000	0.000000	0.000000
0.022000	0.000203	0.000000	0.000000	0.000000
0.023000	0.000212	0.000000	0.000000	0.000000
0.024000	0.000221	0.000000	0.000000	0.000000
0.025000	0.000230	0.000000	0.000000	0.000000
0.026000	0.000240	0.000000	0.000000	0.000000
0.027000	0.000249	0.000000	0.000000	0.000000
0.028000	0.000258	0.000000	0.000000	0.000000
0.029000	0.000267	0.000000	0.000000	0.000000
0.030000	0.000276	0.000000	0.000000	0.000000
0.031000	0.000285	0.000000	0.000000	0.000000
0.032000	0.000295	0.000000	0.000000	0.000000
0.033000	0.000304	0.000000	0.000000	0.000000
0.034000	0.000313	0.000000	0.000000	0.000000
0.035000	0.000322	0.000000	0.000000	0.000000
0.036000	0.000331	0.000000	0.000000	0.000000
0.037000	0.000340	0.000000	0.000000	0.000000
0.038000	0.000349	0.000000	0.000000	0.000000
0.039000	0.000359	0.000000	0.000000	0.000000
0.040000	0.000368	0.000000	0.000000	0.000000
0.041000	0.000377	0.000000	0.000000	0.000000
0.042000	0.000386	0.000000	0.000000	0.000000
0.043000	0.000395	0.000000	0.000000	0.000000
0.044000	0.000404	0.000000	0.000000	0.000000
0.045000	0.000413	0.000000	0.000000	0.000000
0.046000	0.000422	0.000000	0.000000	0.000000
0.047000	0.000431	0.000000	0.000000	0.000000
0.048000	0.000441	0.000000	0.000000	0.000000
0.049000	0.000450	0.000000	0.000000	0.000000
0.050000	0.000459	0.000000	0.000000	0.000000
0.051000	0.000468	0.000000	0.000000	0.000000
0.052000	0.000477	0.000000	0.000000	0.000000
0.053000	0.000486	0.000000	0.000000	0.000000
0.054000	0.000495	0.000000	0.000000	0.000000
0.055000	0.000504	0.000000	0.000000	0.000000
0.056000	0.000513	0.000000	0.000000	0.000000
0.057000	0.000522	0.000000	0.000000	0.000000
0.058000	0.000531	0.000000	0.000000	0.000000
0.059000	0.000540	0.000000	0.000000	0.000000
0.060000	0.000549	0.000000	0.000000	0.000000
0.061000	0.000558	0.000000	0.000000	0.000000
0.062000	0.000568	0.000000	0.000000	0.000000
0.063000	0.000577	0.000000	0.000000	0.000000
0.064000	0.000586	0.000000	0.000000	0.000000
0.065000	0.000595	0.000000	0.000000	0.000000
0.066000	0.000604	0.000000	0.000000	0.000000
0.067000	0.000613	0.000000	0.000000	0.000000
0.068000	0.000622	0.000000	0.000000	0.000000
0.069000	0.000631	0.000000	0.000000	0.000000
0.070000	0.000640	0.000000	0.000000	0.000000
0.071000	0.000649	0.000000	0.000000	0.000000
0.072000	0.000658	0.000000	0.000000	0.000000
0.073000	0.000667	0.000000	0.000000	0.000000
0.074000	0.000676	0.000000	0.000000	0.000000
0.075000	0.000685	0.000000	0.000000	0.000000
0.076000	0.000694	0.000000	0.000000	0.000000
0.077000	0.000703	0.000000	0.000000	0.000000
0.078000	0.000712	0.000000	0.000000	0.000000
0.079000	0.000721	0.000000	0.000000	0.000000
0.080000	0.000730	0.000000	0.000000	0.000000
0.081000	0.000739	0.000000	0.000000	0.000000
0.082000	0.000748	0.000000	0.000000	0.000000
0.083000	0.000757	0.000000	0.000000	0.000000
0.084000	0.000766	0.000000	0.000000	0.000000
0.085000	0.000775	0.000000	0.000000	0.000000
0.086000	0.000784	0.000000	0.000000	0.000000
0.087000	0.000793	0.000000	0.000000	0.000000
0.088000	0.000802	0.000000	0.000000	0.000000
0.089000	0.000811	0.000000	0.000000	0.000000
0.090000	0.000820	0.000000	0.000000	0.000000
0.091000	0.000829	0.000000	0.000000	0.000000
0.092000	0.000838	0.000000	0.000000	0.000000
0.093000	0.000846	0.000000	0.000000	0.000000
0.094000	0.000855	0.000000	0.000000	0.000000
0.095000	0.000864	0.000000	0.000000	0.000000
0.096000	0.000873	0.000000	0.000000	0.000000
0.097000	0.000882	0.000000	0.000000	0.000000
0.098000	0.000891	0.000000	0.000000	0.000000
0.099000	0.000900	0.000000	0.000000	0.000000
0.100000	0.000909	0.000000	0.000000	0.000000
0.101000	0.000918	0.000000	0.000000	0.000000
0.102000	0.000927	0.000000	0.000000	0.000000
0.103000	0.000936	0.000000	0.000000	0.000000
0.104000	0.000945	0.000000	0.000000	0.000000
0.105000	0.000954	0.000000	0.000000	0.000000
0.106000	0.000962	0.000000	0.000000	0.000000
0.107000	0.000971	0.000000	0.000000	0.000000
0.108000	0.000980	0.000000	0.000000	0.000000
0.109000	0.000989	0.000000	0.000000	0.000000
0.110000	0.000998	0.000000	0.000000	0.000000
0.111000	0.001007	0.000000	0.000000	0.000000
0.112000	0.001016	0.000000	0.000000	0.000000
0.113000	0.001025	0.000000	0.000000	0.000000
0.114000	0.001034	0.000001	0.000000	0.000000
0.115000	0.001042	0.000001	0.000000	0.000000
0.116000	0.001051	0.000001	0.000000	0.000000
0.117000	0.001060	0.000001	0.000000	0.000000
0.118000	0.001069	0.000001	0.000000	0.000000
0.119000	0.001078	0.000001	0.000000	0.000000
0.120000	0.001087	0.000001	0.000000	0.000000
0.121000	0.001096	0.000001	0.000000	0.000000
0.122000	0.001104	0.000001	0.000000	0.000000
0.123000	0.001113	0.000001	0.000000	0.000000
0.124000	0.001122	0.000001	0.000000	0.000000
0.125000	0.001131	0.000001	0.000000	0.000000
0.126000	0.001140	0.000001	0.000000	0.000000
0.127000	0.001149	0.000001	0.000000	0.000000
0.128000	0.001158	0.000001	0.000000	0.000000
0.129000	0.001166	0.000001	0.000000	0.000000
0.130000	0.001175	0.000001	0.000000	0.000000
0.131000	0.001184	0.000001	0.000000	0.000000
0.132000	0.001193	0.000001	0.000000	0.000000
0.133000	0.001202	0.000001	0.000000	0.000000
0.134000	0.001210	0.000001	0.000000	0.000000
0.135000	0.001219	0.000001	0.000000	0.000000
0.136000	0.001228	0.000001	0.000000	0.000000
0.137000	0.001237	0.000001	0.000000	0.000000
0.138000	0.001246	0.000001	0.000000	0.000000
0.139000	0.001254	0.000001	0.000000	0.000000
0.140000	0.001263	0.000001	0.000000	0.000000
0.141000	0.001272	0.000001	0.000000	0.000000
0.142000	0.001281	0.000001	0.000000	0.000000
0.143000	0.001290	0.000001	0.000000	0.000000
0.144000	0.001298	0.000001	0.000000	0.000000
0.145000	0.001307	0.000001	0.000000	0.000000
0.146000	0.001316	0.000001	0.000000	0.000000
0.147000	0.001325	0.000001	0.000000	0.000000
0.148000	0.001333	0.000001	0.000000	0.000000
0.149000	0.001342	0.000001	0.000000	0.000000
0.150000	0.001351	0.000001	0.000000	0.000000
0.151000	0.001360	0.000001	0.000000	0.000000
0.152000	0.001369	0.000001	0.000000	0.000000
0.153000	0.001377	0.000001	0.000000	0.000000
0.154000	0.001386	0.000001	0.000000	0.000000
0.155000	0.001395	0.000001	0.000000	0.000000
0.156000	0.001404	0.000001	0.000000	0.000000
0.157000	0.001412	0.000001	0.000000	0.000000
0.158000	0.001421	0.000001	0.000000	0.000000
0.159000	0.001430	0.000001	0.000000	0.000000
0.160000	0.001438	0.000001	0.000000	0.000000
0.161000	0.001447	0.000001	0.000000	0.000000
0.162000	0.001456	0.000001	0.000000	0.000000
0.163000	0.001465	0.000001	0.000000	0.000000
0.164000	0.001473	0.000001	0.000000	0.000000
0.165000	0.001482	0.000001	0.000000	0.000000
0.166000	0.001491	0.000001	0.000000	0.000000
0.167000	0.001499	0.000001	0.000000	0.000000
0.168000	0.001508	0.000001	0.000000	0.000000
0.169000	0.001517	0.000001	0.000000	0.000000
0.170000	0.001526	0.000001	0.000000	0.000000
0.171000	0.001534	0.000001	0.000000	0.000000
0.172000	0.001543	0.000001	0.000000	0.000000
0.173000	0.001552	0.000001	0.000000	0.000000
0.174000	0.001560	0.000001	0.000000	0.000000
0.175000	0.001569	0.000001	0.000000	0.000000
0.176000	0.001578	0.000001	0.000000	0.000000
0.177000	0.001586	0.000001	0.000000	0.000000
0.178000	0.001595	0.000001	0.000000	0.000000
0.179000	0.001604	0.000001	0.000000	0.000000
0.180000	0.001612	0.000001	0.000000	0.000000
0.181000	0.001621	0.000001	0.000000	0.000000
0.182000	0.001630	0.000001	0.000000	0.000000
0.183000	0.001638	0.000001	0.000000	0.000000
0.184000	0.001647	0.000001	0.000000	0.000000
0.185000	0.001656	0.000001	0.000000	0.000000
0.186000	0.001664	0.000001	0.000000	0.000000
0.187000	0.001673	0.000001	0.000000	0.000000
0.188000	0.001682	0.000001	0.000000	0.000000
0.189000	0.001690	0.000001	0.000000	0.000000
0.190000	0.001699	0.000001	0.000000	0.000000
0.191000	0.001707	0.000001	0.000000	0.000000
0.192000	0.001716	0.000001	0.000000	0.000000
0.193000	0.001725	0.000001	0.000000	0.000000
0.194000	0.001733	0.000001	0.000000	0.000000
0.195000	0.001742	0.000001	0.000000	0.000000
0.196000	0.001751	0.000001	0.000000	0.000000
0.197000	0.001759	0.000001	0.000000	0.000000
0.198000	0.001768	0.000002	0.000000	0.000000
0.199000	0.001776	0.000002	0.000000	0.000000
0.200000	0.001785	0.000002	0.000000	0.000000
0.201000	0.001794	0.000002	0.000000	0.000000
0.202000	0.001802	0.000002	0.000000	0.000000
0.203000	0.001811	0.000002	0.000000	0.000000
0.204000	0.001819	0.000002	0.000000	0.000000
0.205000	0.001828	0.000002	0.000000	0.000000
0.206000	0.001836	0.000002	0.000000	0.000000
0.207000	0.001845	0.000002	0.000000	0.000000
0.208000	0.001854	0.000002	0.000000	0.000000
0.209000	0.001862	0.000002	0.000000	0.000000
0.210000	0.001871	0.000002	0.000000	0.000000
0.211000	0.001879	0.000002	0.000000	0.000000
0.212000	0.001888	0.000002	0.000000	0.000000
0.213000	0.001896	0.000002	0.000000	0.000000
0.214000	0.001905	0.000002	0.000000	0.000000
0.215000	0.001914	0.000002	0.000000	0.000000
0.216000	0.001922	0.000002	0.000000	0.000000
0.217000	0.001931	0.000002	0.000000	0.000000
0.218000	0.001939	0.000002	0.000000	0.000000
0.219000	0.001948	0.000002	0.000000	0.000000
0.220000	0.001956	0.000002	0.000000	0.000000
0.221000	0.001965	0.000002	0.000000	0.000000
0.222000	0.001973	0.000002	0.000000	0.000000
0.223000	0.001982	0.000002	0.000000	0.000000
0.224000	0.001990	0.000002	0.000000	0.000000
0.225000	0.001999	0.000002	0.000000	0.000000
0.226000	0.002007	0.000002	0.000000	0.000000
0.227000	0.002016	0.000002	0.000000	0.000000
0.228000	0.002024	0.000002	0.000000	0.000000
0.229000	0.002033	0.000002	0.000000	0.000000
0.230000	0.002041	0.000002	0.000000	0.000000
0.231000	0.002050	0.000002	0.000000	0.000000
0.232000	0.002058	0.000002	0.000000	0.000000
0.233000	0.002067	0.000002	0.000000	0.000000
0.234000	0.002075	0.000002	0.000000	0.000000
0.235000	0.002084	0.000002	0.000000	0.000000
0.236000	0.002092	0.000002	0.000000	0.000000
0.237000	0.002101	0.000002	0.000000	0.000000
0.238000	0.002109	0.000002	0.000000	0.000000
0.239000	0.002118	0.000002	0.000000	0.000000
0.240000	0.002126	0.000002	0.000000	0.000000
0.241000	0.002135	0.000002	0.000000	0.000000
0.242000	0.002143	0.000002	0.000000	0.000000
0.243000	0.002152	0.000002	0.000000	0.000000
0.244000	0.002160	0.000002	0.000000	0.000000
0.245000	0.002169	0.000002	0.000000	0.000000
0.246000	0.002177	0.000002	0.000000	0.000000
0.247000	0.002186	0.000002	0.000000	0.000000
0.248000	0.002194	0.000002	0.000000	0.000000
0.249000	0.002202	0.000002	0.000000	0.000000
0.250000	0.002211	0.000002	0.000000	0.000000
0.251000	0.002219	0.000002	0.000000	0.000000
0.252000	0.002228	0.000002	0.000000	0.000000
0.253000	0.002236	0.000002	0.000000	0.000000
0.254000	0.002245	0.000002	0.000000	0.000000
0.255000	0.002253	0.000002	0.000000	0.000000
0.256000	0.002261	0.000002	0.000000	0.000000
0.257000	0.002270	0.000003	0.000000	0.000000
0.258000	0.002278	0.000003	0.000000	0.000000
0.259000	0.002287	0.000003	0.000000	0.000000
0.260000	0.002295	0.000003	0.000000	0.000000
0.261000	0.002304	0.000003	0.000000	0.000000
0.262000	0.002312	0.000003	0.000000	0.000000
0.263000	0.002320	0.000003	0.000000	0.000000
0.264000	0.002329	0.000003	0.000000	0.000000
0.265000	0.002337	0.000003	0.000000	0.000000
0.266000	0.002346	0.000003	0.000000	0.000000
0.267000	0.002354	0.000003	0.000000	0.000000
0.268000	0.002362	0.000003	0.000000	0.000000
0.269000	0.002371	0.000003	0.000000	0.000000
0.270000	0.002379	0.000003	0.000000	0.000000
0.271000	0.002387	0.000003	0.000000	0.000000
0.272000	0.002396	0.000003	0.000000	0.000000
0.273000	0.002404	0.000003	0.000000	0.000000
0.274000	0.002413	0.000003	0.000000	0.000000
0.275000	0.002421	0.000003	0.000000	0.000000
0.276000	0.002429	0.000003	0.000000	0.000000
0.277000	0.002438	0.000003	0.000000	0.000000
0.278000	0.002446	0.000003	0.000000	0.000000
0.279000	0.002454	0.000003	0.000000	0.000000
0.280000	0.002463	0.000003	0.000000	0.000000
0.281000	0.002471	0.000003	0.000000	0.000000
0.282000	0.002479	0.000003	0.000000	0.000000
0.283000	0.002488	0.000003	0.000000	0.000000
0.284000	0.002496	0.000003	0.000000	0.000000
0.285000	0.002504	0.000003	0.000000	0.000000
0.286000	0.002513	0.000003	0.000000	0.000000
0.287000	0.002521	0.000003	0.000000	0.000000
0.288000	0.002529	0.000003	0.000000	0.000000
0.289000	0.002538	0.000003	0.000000	0.000000
0.290000	0.002546	0.000003	0.000000	0.000000
0.291000	0.002554	0.000003	0.000000	0.000000
0.292000	0.002563	0.000003	0.000000	0.000000
0.293000	0.002571	0.000003	0.000000	0.000000
0.294000	0.002579	0.000003	0.000000	0.000000
0.295000	0.002588	0.000003	0.000000	0.000000
0.296000	0.002596	0.000003	0.000000	0.000000
0.297000	0.002604	0.000003	0.000000	0.000000
0.298000	0.002612	0.000003	0.000000	0.000000
0.299000	0.002621	0.000003	0.000000	0.000000
0.300000	0.002629	0.000003	0.000000	0.000000
0.301000	0.002637	0.000003	0.000000	0.000000
0.302000	0.002646	0.000003	0.000000	0.000000
0.303000	0.002654	0.000003	0.000000	0.000000
0.304000	0.002662	0.000003	0.000000	0.000000
0.305000	0.002670	0.000004	0.000000	0.000000
0.306000	0.002679	0.000004	0.000000	0.000000
0.307000	0.002687	0.000004	0.000000	0.000000
0.308000	0.002695	0.000004	0.000000	0.000000
0.309000	0.002703	0.000004	0.000000	0.000000
0.310000	0.002712	0.000004	0.000000	0.000000
0.311000	0.002720	0.000004	0.000000	0.000000
0.312000	0.002728	0.000004	0.000000	0.000000
0.313000	0.002736	0.000004	0.000000	0.000000
0.314000	0.002745	0.000004	0.000000	0.000000
0.315000	0.002753	0.000004	0.000000	0.000000
0.316000	0.002761	0.000004	0.000000	0.000000
0.317000	0.002769	0.000004	0.000000	0.000000
0.318000	0.002778	0.000004	0.000000	0.000000
0.319000	0.002786	0.000004	0.000000	0.000000
0.320000	0.002794	0.000004	0.000000	0.000000
0.321000	0.002802	0.000004	0.000000	0.000000
0.322000	0.002811	0.000004	0.000000	0.000000
0.323000	0.002819	0.000004	0.000000	0.000000
0.324000	0.002827	0.000004	0.000000	0.000000
0.325000	0.002835	0.000004	0.000000	0.000000
0.326000	0.002843	0.000004	0.000000	0.000000
0.327000	0.002852	0.000004	0.000000	0.000000
0.328000	0.002860	0.000004	0.000000	0.000000
0.329000	0.002868	0.000004	0.000000	0.000000
0.330000	0.002876	0.000004	0.000000	0.000000
0.331000	0.002884	0.000004	0.000000	0.000000
0.332000	0.002893	0.000004	0.000000	0.000000
0.333000	0.002901	0.000004	0.000000	0.000000
0.334000	0.002909	0.000004	0.000000	0.000000
0.335000	0.002917	0.000004	0.000000	0.000000
0.336000	0.002925	0.000004	0.000000	0.000000
0.337000	0.002933	0.000004	0.000000	0.000000
0.338000	0.002942	0.000004	0.000000	0.000000
0.339000	0.002950	0.000004	0.000000	0.000000
0.340000	0.002958	0.000004	0.000000	0.000000
0.341000	0.002966	0.000004	0.000001	0.000001
0.342000	0.002974	0.000004	0.000001	0.000001
0.343000	0.002982	0.000004	0.000001	0.000001
0.344000	0.002991	0.000004	0.000001	0.000001
0.345000	0.002999	0.000004	0.000001	0.000001
0.346000	0.003007	0.000004	0.000001	0.000001
0.347000	0.003015	0.000005	0.000001	0.000001
0.348000	0.003023	0.000005	0.000001	0.000001
0.349000	0.003031	0.000005	0.000001	0.000001
0.350000	0.003039	0.000005	0.000001	0.000001
0.351000	0.003048	0.000005	0.000001	0.000001
0.352000	0.003056	0.000005	0.000001	0.000001
0.353000	0.003064	0.000005	0.000001	0.000001
0.354000	0.003072	0.000005	0.000001	0.000001
0.355000	0.003080	0.000005	0.000001	0.000001
0.356000	0.003088	0.000005	0.000001	0.000001
0.357000	0.003096	0.000005	0.000001	0.000001
0.358000	0.003104	0.000005	0.000001	0.000001
0.359000	0.003113	0.000005	0.000001	0.000001
0.360000	0.003121	0.000005	0.000001	0.000001
0.361000	0.003129	0.000005	0.000001	0.000001
0.362000	0.003137	0.000005	0.000001	0.000001
0.363000	0.003145	0.000005	0.000001	0.000001
0.364000	0.003153	0.000005	0.000001	0.000001
0.365000	0.003161	0.000005	0.000001	0.000001
0.366000	0.003169	0.000005	0.000001	0.000001
0.367000	0.003177	0.000005	0.000001	0.000001
0.368000	0.003185	0.000005	0.000001	0.000001
0.369000	0.003193	0.000005	0.000001	0.000001
0.370000	0.003202	0.000005	0.000001	0.000001
0.371000	0.003210	0.000005	0.000001	0.000001
0.372000	0.003218	0.000005	0.000001	0.000001
0.373000	0.003226	0.000005	0.000001	0.000001
0.374000	0.003234	0.000005	0.000001	0.000001
0.375000	0.003242	0.000005	0.000001	0.000001
0.376000	0.003250	0.000005	0.000001	0.000001
0.377000	0.003258	0.000005	0.000001	0.000001
0.378000	0.003266	0.000005	0.000001	0.000001
0.379000	0.003274	0.000005	0.000001	0.000001
0.380000	0.003282	0.000005	0.000001	0.000001
0.381000	0.003290	0.000005	0.000001	0.000001
0.382000	0.003298	0.000005	0.000001	0.000001
0.383000	0.003306	0.000005	0.000001	0.000001
0.384000	0.003314	0.000005	0.000001	0.000001
0.385000	0.003322	0.000006	0.000001	0.000001
0.386000	0.003330	0.000006	0.000001	0.000001
0.387000	0.003338	0.000006	0.000001	0.000001
0.388000	0.003346	0.000006	0.000001	0.000001
0.389000	0.003354	0.000006	0.000001	0.000001
0.390000	0.003362	0.000006	0.000001	0.000001
0.391000	0.003370	0.000006	0.000001	0.000001
0.392000	0.003378	0.000006	0.000001	0.000001
0.393000	0.003386	0.000006	0.000001	0.000001
0.394000	0.003394	0.000006	0.000001	0.000001
0.395000	0.003402	0.000006	0.000001	0.000001
0.396000	0.003410	0.000006	0.000001	0.000001
0.397000	0.003418	0.000006	0.000001	0.000001
0.398000	0.003426	0.000006	0.000001	0.000001
0.399000	0.003434	0.000006	0.000001	0.000001
0.400000	0.003442	0.000006	0.000001	0.000001
0.401000	0.003450	0.000006	0.000001	0.000001
0.402000	0.003458	0.000006	0.000001	0.000001
0.403000	0.003466	0.000006	0.000001	0.000001
0.404000	0.003474	0.000006	0.000001	0.000001
0.405000	0.003482	0.000006	0.000001	0.000001
0.406000	0.003490	0.000006	0.000001	0.000001
0.407000	0.003498	0.000006	0.000001	0.000001
0.408000	0.003506	0.000006	0.000001	0.000001
0.409000	0.003514	0.000006	0.000001	0.000001
0.410000	0.003522	0.000006	0.000001	0.000001
0.411000	0.003530	0.000006	0.000001	0.000001
0.412000	0.003538	0.000006	0.000001	0.000001
0.413000	0.003546	0.000006	0.000001	0.000001
0.414000	0.003554	0.000006	0.000001	0.000001
0.415000	0.003562	0.000006	0.000001	0.000001
0.416000	0.003570	0.000006	0.000001	0.000001
0.417000	0.003578	0.000006	0.000001	0.000001
0.418000	0.003586	0.000006	0.000001	0.000001
0.419000	0.003594	0.000006	0.000001	0.000001
0.420000	0.003602	0.000007	0.000001	0.000001
0.421000	0.003609	0.000007	0.000001	0.000001
0.422000	0.003617	0.000007	0.000001	0.000001
0.423000	0.003625	0.000007	0.000001	0.000001
0.424000	0.003633	0.000007	0.000001	0.000001
0.425000	0.003641	0.000007	0.000001	0.000001
0.426000	0.003649	0.000007	0.000001	0.000001
0.427000	0.003657	0.000007	0.000001	0.000001
0.428000	0.003665	0.000007	0.000001	0.000001
0.429000	0.003673	0.000007	0.000001	0.000001
0.430000	0.003681	0.000007	0.000001	0.000001
0.431000	0.003689	0.000007	0.000001	0.000001
0.432000	0.003696	0.000007	0.000001	0.000001
0.433000	0.003704	0.000007	0.000001	0.000001
0.434000	0.003712	0.000007	0.000001	0.000001
0.435000	0.003720	0.000007	0.000001	0.000001
0.436000	0.003728	0.000007	0.000001	0.000001
0.437000	0.003736	0.000007	0.000001	0.000001
0.438000	0.003744	0.000007	0.000001	0.000001
0.439000	0.003752	0.000007	0.000001	0.000001
0.440000	0.003759	0.000007	0.000001	0.000001
0.441000	0.003767	0.000007	0.000001	0.000001
0.442000	0.003775	0.000007	0.000001	0.000001
0.443000	0.003783	0.000007	0.000001	0.000001
0.444000	0.003791	0.000007	0.000001	0.000001
0.445000	0.003799	0.000007	0.000001	0.000001
0.446000	0.003807	0.000007	0.000001	0.000001
0.447000	0.003814	0.000007	0.000001	0.000001
0.448000	0.003822	0.000007	0.000001	0.000001
0.449000	0.003830	0.000007	0.000001	0.000001
0.450000	0.003838	0.000007	0.000001	0.000001
0.451000	0.003846	0.000007	0.000001	0.000001
0.452000	0.003854	0.000008	0.000001	0.000001
0.453000	0.003861	0.000008	0.000001	0.000001
0.454000	0.003869	0.000008	0.000001	0.000001
0.455000	0.003877	0.000008	0.000001	0.000001
0.456000	0.003885	0.000008	0.000001	0.000001
0.457000	0.003893	0.000008	0.000001	0.000001
0.458000	0.003901	0.000008	0.000001	0.000001
0.459000	0.003908	0.000008	0.000001	0.000001
0.460000	0.003916	0.000008	0.000001	0.000001
0.461000	0.003924	0.000008	0.000001	0.000001
0.462000	0.003932	0.000008	0.000001	0.000001
0.463000	0.003940	0.000008	0.000001	0.000001
0.464000	0.003947	0.000008	0.000001	0.000001
0.465000	0.003955	0.000008	0.000001	0.000001
0.466000	0.003963	0.000008	0.000001	0.000001
0.467000	0.003971	0.000008	0.000001	0.000001
0.468000	0.003979	0.000008	0.000001	0.000001
0.469000	0.003986	0.000008	0.000001	0.000001
0.470000	0.003994	0.000008	0.000001	0.000001
0.471000	0.004002	0.000008	0.000001	0.000001
0.472000	0.004010	0.000008	0.000001	0.000001
0.473000	0.004017	0.000008	0.000001	0.000001
0.474000	0.004025	0.000008	0.000001	0.000001
0.475000	0.004033	0.000008	0.000001	0.000001
0.476000	0.004041	0.000008	0.000001	0.000001
0.477000	0.004049	0.000008	0.000001	0.000001
0.478000	0.004056	0.000008	0.000001	0.000001
0.479000	0.004064	0.000008	0.000001	0.000001
0.480000	0.004072	0.000008	0.000001	0.000001
0.481000	0.004080	0.000008	0.000001	0.000001
0.482000	0.004087	0.000009	0.000001	0.000001
0.483000	0.004095	0.000009	0.000001	0.000001
0.484000	0.004103	0.000009	0.000001	0.000001
0.485000	0.004111	0.000009	0.000001	0.000001
0.486000	0.004118	0.000009	0.000001	0.000001
0.487000	0.004126	0.000009	0.000001	0.000001
0.488000	0.004134	0.000009	0.000001	0.000001
0.489000	0.004141	0.000009	0.000001	0.000001
0.490000	0.004149	0.000009	0.000001	0.000001
0.491000	0.004157	0.000009	0.000001	0.000001
0.492000	0.004165	0.000009	0.000001	0.000001
0.493000	0.004172	0.000009	0.000001	0.000001
0.494000	0.004180	0.000009	0.000002	0.000002
0.495000	0.004188	0.000009	0.000002	0.000002
0.496000	0.004195	0.000009	0.000002	0.000002
0.497000	0.004203	0.000009	0.000002	0.000002
0.498000	0.004211	0.000009	0.000002	0.000002
0.499000	0.004219	0.000009	0.000002	0.000002
0.500000	0.004226	0.000009	0.000002	0.000002
0.501000	0.004234	0.000009	0.000002	0.000002
0.502000	0.004242	0.000009	0.000002	0.000002
0.503000	0.004249	0.000009	0.000002	0.000002
0.504000	0.004257	0.000009	0.000002	0.000002
0.505000	0.004265	0.000009	0.000002	0.000002
0.506000	0.004272	0.000009	0.000002	0.000002
0.507000	0.004280	0.000009	0.000002	0.000002
0.508000	0.004288	0.000009	0.000002	0.000002
0.509000	0.004295	0.000009	0.000002	0.000002
0.510000	0.004303	0.000009	0.000002	0.000002
0.511000	0.004311	0.000010	0.000002	0.000002
0.512000	0.004318	0.000010	0.000002	0.000002
0.513000	0.004326	0.000010	0.000002	0.000002
0.514000	0.004334	0.000010	0.000002	0.000002
0.515000	0.004341	0.000010	0.000002	0.000002
0.516000	0.004349	0.000010	0.000002	0.000002
0.517000	0.004357	0.000010	0.000002	0.000002
0.518000	0.004364	0.000010	0.000002	0.000002
0.519000	0.004372	0.000010	0.000002	0.000002
0.520000	0.004380	0.000010	0.000002	0.000002
0.521000	0.004387	0.000010	0.000002	0.000002
0.522000	0.004395	0.000010	0.000002	0.000002
0.523000	0.004402	0.000010	0.000002	0.000002
0.524000	0.004410	0.000010	0.000002	0.000002
0.525000	0.004418	0.000010	0.000002	0.000002
0.526000	0.004425	0.000010	0.000002	0.000002
0.527000	0.004433	0.000010	0.000002	0.000002
0.528000	0.004441	0.000010	0.000002	0.000002
0.529000	0.004448	0.000010	0.000002	0.000002
0.530000	0.004456	0.000010	0.000002	0.000002
0.531000	0.004463	0.000010	0.000002	0.000002
0.532000	0.004471	0.000010	0.000002	0.000002
0.533000	0.004479	0.000010	0.000002	0.000002
0.534000	0.004486	0.000010	0.000002	0.000002
0.535000	0.004494	0.000010	0.000002	0.000002
0.536000	0.004501	0.000010	0.000002	0.000002
0.537000	0.004509	0.000010	0.000002	0.000002
0.538000	0.004517	0.000010	0.000002	0.000002
0.539000	0.004524	0.000011	0.000002	0.000002
0.540000	0.004532	0.000011	0.000002	0.000002
0.541000	0.004539	0.000011	0.000002	0.000002
0.542000	0.004547	0.000011	0.000002	0.000002
0.543000	0.004554	0.000011	0.000002	0.000002
0.544000	0.004562	0.000011	0.000002	0.000002
0.545000	0.004570	0.000011	0.000002	0.000002
0.546000	0.004577	0.000011	0.000002	0.000002
0.547000	0.004585	0.000011	0.000002	0.000002
0.548000	0.004592	0.000011	0.000002	0.000002
0.549000	0.004600	0.000011	0.000002	0.000002
0.550000	0.004607	0.000011	0.000002	0.000002
0.551000	0.004615	0.000011	0.000002	0.000002
0.552000	0.004622	0.000011	0.000002	0.000002
0.553000	0.004630	0.000011	0.000002	0.000002
0.554000	0.004638	0.000011	0.000002	0.000002
0.555000	0.004645	0.000011	0.000002	0.000002
0.556000	0.004653	0.000011	0.000002	0.000002
0.557000	0.004660	0.000011	0.000002	0.000002
0.558000	0.004668	0.000011	0.000002	0.000002
0.559000	0.004675	0.000011	0.000002	0.000002
0.560000	0.004683	0.000011	0.000002	0.000002
0.561000	0.004690	0.000011	0.000002	0.000002
0.562000	0.004698	0.000011	0.000002	0.000002
0.563000	0.004705	0.000011	0.000002	0.000002
0.564000	0.004713	0.000011	0.000002	0.000002
0.565000	0.004720	0.000012	0.000002	0.000002
0.566000	0.004728	0.000012	0.000002	0.000002
0.567000	0.004735	0.000012	0.000002	0.000002
0.568000	0.004743	0.000012	0.000002	0.000002
0.569000	0.004750	0.000012	0.000002	0.000002
0.570000	0.004758	0.000012	0.000002	0.000002
0.571000	0.004765	0.000012	0.000002	0.000002
0.572000	0.004773	0.000012	0.000002	0.000002
0.573000	0.004780	0.000012	0.000002	0.000002
0.574000	0.004788	0.000012	0.000002	0.000002
0.575000	0.004795	0.000012	0.000002	0.000002
0.576000	0.004803	0.000012	0.000002	0.000002
0.577000	0.004810	0.000012	0.000002	0.000002
0.578000	0.004818	0.000012	0.000002	0.000002
0.579000	0.004825	0.000012	0.000002	0.000002
0.580000	0.004833	0.000012	0.000002	0.000002
0.581000	0.004840	0.000012	0.000002	0.000002
0.582000	0.004848	0.000012	0.000002	0.000002
0.583000	0.004855	0.000012	0.000002	0.000002
0.584000	0.004863	0.000012	0.000002	0.000002
0.585000	0.004870	0.000012	0.000002	0.000002
0.586000	0.004877	0.000012	0.000002	0.000002
0.587000	0.004885	0.000012	0.000002	0.000002
0.588000	0.004892	0.000012	0.000002	0.000002
0.589000	0.004900	0.000012	0.000003	0.000003
0.590000	0.004907	0.000012	0.000003	0.000003
0.591000	0.004915	0.000013	0.000003	0.000003
0.592000	0.004922	0.000013	0.000003	0.000003
0.593000	0.004930	0.000013	0.000003	0.000003
0.594000	0.004937	0.000013	0.000003	0.000003
0.595000	0.004944	0.000013	0.000003	0.000003
0.596000	0.004952	0.000013	0.000003	0.000003
0.597000	0.004959	0.000013	0.000003	0.000003
0.598000	0.004967	0.000013	0.000003	0.000003
0.599000	0.004974	0.000013	0.000003	0.000003
0.600000	0.004982	0.000013	0.000003	0.000003
0.601000	0.004989	0.000013	0.000003	0.000003
0.602000	0.004996	0.000013	0.000003	0.000003
0.603000	0.005004	0.000013	0.000003	0.000003
0.604000	0.005011	0.000013	0.000003	0.000003
0.605000	0.005019	0.000013	0.000003	0.000003
0.606000	0.005026	0.000013	0.000003	0.000003
0.607000	0.005033	0.000013	0.000003	0.000003
0.608000	0.005041	0.000013	0.000003	0.000003
0.609000	0.005048	0.000013	0.000003	0.000003
0.610000	0.005056	0.000013	0.000003	0.000003
0.611000	0.005063	0.000013	0.000003	0.000003
0.612000	0.005070	0.000013	0.000003	0.000003
0.613000	0.005078	0.000013	0.000003	0.000003
0.614000	0.005085	0.000013	0.000003	0.000003
0.615000	0.005092	0.000014	0.000003	0.000003
0.616000	0.005100	0.000014	0.000003	0.000003
0.617000	0.005107	0.000014	0.000003	0.000003
0.618000	0.005115	0.000014	0.000003	0.000003
0.619000	0.005122	0.000014	0.000003	0.000003
0.620000	0.005129	0.000014	0.000003	0.000003
0.621000	0.005137	0.000014	0.000003	0.000003
0.622000	0.005144	0.000014	0.000003	0.000003
0.623000	0.005151	0.000014	0.000003	0.000003
0.624000	0.005159	0.000014	0.000003	0.000003
0.625000	0.005166	0.000014	0.000003	0.000003
0.626000	0.005173	0.000014	0.000003	0.000003
0.627000	0.005181	0.000014	0.000003	0.000003
0.628000	0.005188	0.000014	0.000003	0.000003
0.629000	0.005195	0.000014	0.000003	0.000003
0.630000	0.005203	0.000014	0.000003	0.000003
0.631000	0.005210	0.000014	0.000003	0.000003
0.632000	0.005217	0.000014	0.000003	0.000003
0.633000	0.005225	0.000014	0.000003	0.000003
0.634000	0.005232	0.000014	0.000003	0.000003
0.635000	0.005239	0.000014	0.000003	0.000003
0.636000	0.005247	0.000014	0.000003	0.000003
0.637000	0.005254	0.000014	0.000003	0.000003
0.638000	0.005261	0.000014	0.000003	0.000003
0.639000	0.005269	0.000015	0.000003	0.000003
0.640000	0.005276	0.000015	0.000003	0.000003
0.641000	0.005283	0.000015	0.000003	0.000003
0.642000	0.005291	0.000015	0.000003	0.000003
0.643000	0.005298	0.000015	0.000003	0.000003
0.644000	0.005305	0.000015	0.000003	0.000003
0.645000	0.005312	0.000015	0.000003	0.000003
0.646000	0.005320	0.000015	0.000003	0.000003
0.647000	0.005327	0.000015	0.000003	0.000003
0.648000	0.005334	0.000015	0.000003	0.000003
0.649000	0.005342	0.000015	0.000003	0.000003
0.650000	0.005349	0.000015	0.000003	0.000003
0.651000	0.005356	0.000015	0.000003	0.000003
0.652000	0.005363	0.000015	0.000003	0.000003
0.653000	0.005371	0.000015	0.000003	0.000003
0.654000	0.005378	0.000015	0.000003	0.000003
0.655000	0.005385	0.000015	0.000003	0.000003
0.656000	0.005392	0.000015	0.000003	0.000003
0.657000	0.005400	0.000015	0.000003	0.000003
0.658000	0.005407	0.000015	0.000003	0.000003
0.659000	0.005414	0.000015	0.000003	0.000003
0.660000	0.005422	0.000015	0.000004	0.000004
0.661000	0.005429	0.000015	0.000004	0.000004
0.662000	0.005436	0.000016	0.000004	0.000004
0.663000	0.005443	0.000016	0.000004	0.000004
0.664000	0.005450	0.000016	0.000004	0.000004
0.665000	0.005458	0.000016	0.000004	0.000004
0.666000	0.005465	0.000016	0.000004	0.000004
0.667000	0.005472	0.000016	0.000004	0.000004
0.668000	0.005479	0.000016	0.000004	0.000004
0.669000	0.005487	0.000016	0.000004	0.000004
0.670000	0.005494	0.000016	0.000004	0.000004
0.671000	0.005501	0.000016	0.000004	0.000004
0.672000	0.005508	0.000016	0.000004	0.000004
0.673000	0.005516	0.000016	0.000004	0.000004
0.674000	0.005523	0.000016	0.000004	0.000004
0.675000	0.005530	0.000016	0.000004	0.000004
0.676000	0.005537	0.000016	0.000004	0.000004
0.677000	0.005544	0.000016	0.000004	0.000004
0.678000	0.005552	0.000016	0.000004	0.000004
0.679000	0.005559	0.000016	0.000004	0.000004
0.680000	0.005566	0.000016	0.000004	0.000004
0.681000	0.005573	0.000016	0.000004	0.000004
0.682000	0.005580	0.000016	0.000004	0.000004
0.683000	0.005588	0.000016	0.000004	0.000004
0.684000	0.005595	0.000017	0.000004	0.000004
0.685000	0.005602	0.000017	0.000004	0.000004
0.686000	0.005609	0.000017	0.000004	0.000004
0.687000	0.005616	0.000017	0.000004	0.000004
0.688000	0.005623	0.000017	0.000004	0.000004
0.689000	0.005631	0.000017	0.000004	0.000004
0.690000	0.005638	0.000017	0.000004	0.000004
0.691000	0.005645	0.000017	0.000004	0.000004
0.692000	0.005652	0.000017	0.000004	0.000004
0.693000	0.005659	0.000017	0.000004	0.000004
0.694000	0.005667	0.000017	0.000004	0.000004
0.695000	0.005674	0.000017	0.000004	0.000004
0.696000	0.005681	0.000017	0.000004	0.000004
0.697000	0.005688	0.000017	0.000004	0.000004
0.698000	0.005695	0.000017	0.000004	0.000004
0.699000	0.005702	0.000017	0.000004	0.000004
0.700000	0.005709	0.000017	0.000004	0.000004
0.701000	0.005717	0.000017	0.000004	0.000004
0.702000	0.005724	0.000017	0.000004	0.000004
0.703000	0.005731	0.000017	0.000004	0.000004
0.704000	0.005738	0.000017	0.000004	0.000004
0.705000	0.005745	0.000017	0.000004	0.000004
0.706000	0.005752	0.000018	0.000004	0.000004
0.707000	0.005759	0.000018	0.000004	0.000004
0.708000	0.005766	0.000018	0.000004	0.000004
0.709000	0.005774	0.000018	0.000004	0.000004
0.710000	0.005781	0.000018	0.000004	0.000004
0.711000	0.005788	0.000018	0.000004	0.000004
0.712000	0.005795	0.000018	0.000004	0.000004
0.713000	0.005802	0.000018	0.000004	0.000004
0.714000	0.005809	0.000018	0.000004	0.000004
0.715000	0.005816	0.000018	0.000004	0.000004
0.716000	0.005823	0.000018	0.000004	0.000004
0.717000	0.005831	0.000018	0.000004	0.000004
0.718000	0.005838	0.000018	0.000004	0.000004
0.719000	0.005845	0.000018	0.000004	0.000004
0.720000	0.005852	0.000018	0.000005	0.000005
0.721000	0.005859	0.000018	0.000005	0.000005
0.722000	0.005866	0.000018	0.000005	0.000005
0.723000	0.005873	0.000018	0.000005	0.000005
0.724000	0.005880	0.000018	0.000005	0.000005
0.725000	0.005887	0.000018	0.000005	0.000005
0.726000	0.005894	0.000018	0.000005	0.000005
0.727000	0.005901	0.000019	0.000005	0.000005
0.728000	0.005908	0.000019	0.000005	0.000005
0.729000	0.005916	0.000019	0.000005	0.000005
0.730000	0.005923	0.000019	0.000005	0.000005
0.731000	0.005930	0.000019	0.000005	0.000005
0.732000	0.005937	0.000019	0.000005	0.000005
0.733000	0.005944	0.000019	0.000005	0.000005
0.734000	0.005951	0.000019	0.000005	0.000005
0.735000	0.005958	0.000019	0.000005	0.000005
0.736000	0.005965	0.000019	0.000005	0.000005
0.737000	0.005972	0.000019	0.000005	0.000005
0.738000	0.005979	0.000019	0.000005	0.000005
0.739000	0.005986	0.000019	0.000005	0.000005
0.740000	0.005993	0.000019	0.000005	0.000005
0.741000	0.006000	0.000019	0.000005	0.000005
0.742000	0.006007	0.000019	0.000005	0.000005
0.743000	0.006014	0.000019	0.000005	0.000005
0.744000	0.006021	0.000019	0.000005	0.000005
0.745000	0.006028	0.000019	0.000005	0.000005
0.746000	0.006035	0.000019	0.000005	0.000005
0.747000	0.006042	0.000019	0.000005	0.000005
0.748000	0.006049	0.000020	0.000005	0.000005
0.749000	0.006056	0.000020	0.000005	0.000005
0.750000	0.006063	0.000020	0.000005	0.000005
0.751000	0.006070	0.000020	0.000005	0.000005
0.752000	0.006077	0.000020	0.000005	0.000005
0.753000	0.006084	0.000020	0.000005	0.000005
0.754000	0.006091	0.000020	0.000005	0.000005
0.755000	0.006098	0.000020	0.000005	0.000005
0.756000	0.006105	0.000020	0.000005	0.000005
0.757000	0.006112	0.000020	0.000005	0.000005
0.758000	0.006119	0.000020	0.000005	0.000005
0.759000	0.006126	0.000020	0.000005	0.000005
0.760000	0.006133	0.000020	0.000005	0.000005
0.761000	0.006140	0.000020	0.000005	0.000005
0.762000	0.006147	0.000020	0.000005	0.000005
0.763000	0.006154	0.000020	0.000005	0.000005
0.764000	0.006161	0.000020	0.000005	0.000005
0.765000	0.006168	0.000020	0.000005	0.000005
0.766000	0.006175	0.000020	0.000005	0.000005
0.767000	0.006182	0.000020	0.000005	0.000005
0.768000	0.006189	0.000021	0.000005	0.000005
0.769000	0.006196	0.000021	0.000005	0.000005
0.770000	0.006203	0.000021	0.000005	0.000005
0.771000	0.006210	0.000021	0.000005	0.000005
0.772000	0.006217	0.000021	0.000006	0.000006
0.773000	0.006224	0.000021	0.000006	0.000006
0.774000	0.006231	0.000021	0.000006	0.000006
0.775000	0.006238	0.000021	0.000006	0.000006
0.776000	0.006245	0.000021	0.000006	0.000006
0.777000	0.006252	0.000021	0.000006	0.000006
0.778000	0.006259	0.000021	0.000006	0.000006
0.779000	0.006266	0.000021	0.000006	0.000006
0.780000	0.006273	0.000021	0.000006	0.000006
0.781000	0.006280	0.000021	0.000006	0.000006
0.782000	0.006286	0.000021	0.000006	0.000006
0.783000	0.006293	0.000021	0.000006	0.000006
0.784000	0.006300	0.000021	0.000006	0.000006
0.785000	0.006307	0.000021	0.000006	0.000006
0.786000	0.006314	0.000021	0.000006	0.000006
0.787000	0.006321	0.000021	0.000006	0.000006
0.788000	0.006328	0.000022	0.000006	0.000006
0.789000	0.006335	0.000022	0.000006	0.000006
0.790000	0.006342	0.000022	0.000006	0.000006
0.791000	0.006349	0.000022	0.000006	0.000006
0.792000	0.006356	0.000022	0.000006	0.000006
0.793000	0.006363	0.000022	0.000006	0.000006
0.794000	0.006369	0.000022	0.000006	0.000006
0.795000	0.006376	0.000022	0.000006	0.000006
0.796000	0.006383	0.000022	0.000006	0.000006
0.797000	0.006390	0.000022	0.000006	0.000006
0.798000	0.006397	0.000022	0.000006	0.000006
0.799000	0.006404	0.000022	0.000006	0.000006
0.800000	0.006411	0.000022	0.000006	0.000006
0.801000	0.006418	0.000022	0.000006	0.000006
0.802000	0.006425	0.000022	0.000006	0.000006
0.803000	0.006431	0.000022	0.000006	0.000006
0.804000	0.006438	0.000022	0.000006	0.000006
0.805000	0.006445	0.000022	0.000006	0.000006
0.806000	0.006452	0.000022	0.000006	0.000006
0.807000	0.006459	0.000023	0.000006	0.000006
0.808000	0.006466	0.000023	0.000006	0.000006
0.809000	0.006473	0.000023	0.000006	0.000006
0.810000	0.006480	0.000023	0.000006	0.000006
0.811000	0.006486	0.000023	0.000006	0.000006
0.812000	0.006493	0.000023	0.000006	0.000006
0.813000	0.006500	0.000023	0.000006	0.000006
0.814000	0.006507	0.000023	0.000006	0.000006
0.815000	0.006514	0.000023	0.000006	0.000006
0.816000	0.006521	0.000023	0.000006	0.000006
0.817000	0.006527	0.000023	0.000007	0.000007
0.818000	0.006534	0.000023	0.000007	0.000007
0.819000	0.006541	0.000023	0.000007	0.000007
0.820000	0.006548	0.000023	0.000007	0.000007
0.821000	0.006555	0.000023	0.000007	0.000007
0.822000	0.006562	0.000023	0.000007	0.000007
0.823000	0.006569	0.000023	0.000007	0.000007
0.824000	0.006575	0.000023	0.000007	0.000007
0.825000	0.006582	0.000023	0.000007	0.000007
0.826000	0.006589	0.000023	0.000007	0.000007
0.827000	0.006596	0.000024	0.000007	0.000007
0.828000	0.006603	0.000024	0.000007	0.000007
0.829000	0.006609	0.000024	0.000007	0.000007
0.830000	0.006616	0.000024	0.000007	0.000007
0.831000	0.006623	0.000024	0.000007	0.000007
0.832000	0.006630	0.000024	0.000007	0.000007
0.833000	0.006637	0.000024	0.000007	0.000007
0.834000	0.006643	0.000024	0.000007	0.000007
0.835000	0.006650	0.000024	0.000007	0.000007
0.836000	0.006657	0.000024	0.000007	0.000007
0.837000	0.006664	0.000024	0.000007	0.000007
0.838000	0.006671	0.000024	0.000007	0.000007
0.839000	0.006677	0.000024	0.000007	0.000007
0.840000	0.006684	0.000024	0.000007	0.000007
0.841000	0.006691	0.000024	0.000007	0.000007
0.842000	0.006698	0.000024	0.000007	0.000007
0.843000	0.006705	0.000024	0.000007	0.000007
0.844000	0.006711	0.000024	0.000007	0.000007
0.845000	0.006718	0.000025	0.000007	0.000007
0.846000	0.006725	0.000025	0.000007	0.000007
0.847000	0.006732	0.000025	0.000007	0.000007
0.848000	0.006738	0.000025	0.000007	0.000007
0.849000	0.006745	0.000025	0.000007	0.000007
0.850000	0.006752	0.000025	0.000007	0.000007
0.851000	0.006759	0.000025	0.000007	0.000007
0.852000	0.006765	0.000025	0.000007	0.000007
0.853000	0.006772	0.000025	0.000007	0.000007
0.854000	0.006779	0.000025	0.000007	0.000007
0.855000	0.006786	0.000025	0.000007	0.000007
0.856000	0.006792	0.000025	0.000007	0.000007
0.857000	0.006799	0.000025	0.000007	0.000007
0.858000	0.006806	0.000025	0.000007	0.000007
0.859000	0.006813	0.000025	0.000008	0.000008
0.860000	0.006819	0.000025	0.000008	0.000008
0.861000	0.006826	0.000025	0.000008	0.000008
0.862000	0.006833	0.000025	0.000008	0.000008
0.863000	0.006840	0.000025	0.000008	0.000008
0.864000	0.006846	0.000026	0.000008	0.000008
0.865000	0.006853	0.000026	0.000008	0.000008
0.866000	0.006860	0.000026	0.000008	0.000008
0.867000	0.006866	0.000026	0.000008	0.000008
0.868000	0.006873	0.000026	0.000008	0.000008
0.869000	0.006880	0.000026	0.000008	0.000008
0.870000	0.006887	0.000026	0.000008	0.000008
0.871000	0.006893	0.000026	0.000008	0.000008
0.872000	0.006900	0.000026	0.000008	0.000008
0.873000	0.006907	0.000026	0.000008	0.000008
0.874000	0.006913	0.000026	0.000008	0.000008
0.875000	0.006920	0.000026	0.000008	0.000008
0.876000	0.006927	0.000026	0.000008	0.000008
0.877000	0.006933	0.000026	0.000008	0.000008
0.878000	0.006940	0.000026	0.000008	0.000008
0.879000	0.006947	0.000026	0.000008	0.000008
0.880000	0.006954	0.000026	0.000008	0.000008
0.881000	0.006960	0.000026	0.000008	0.000008
0.882000	0.006967	0.000027	0.000008	0.000008
0.883000	0.006974	0.000027	0.000008	0.000008
0.884000	0.006980	0.000027	0.000008	0.000008
0.885000	0.006987	0.000027	0.000008	0.000008
0.886000	0.006994	0.000027	0.000008	0.000008
0.887000	0.007000	0.000027	0.000008	0.000008
0.888000	0.007007	0.000027	0.000008	0.000008
0.889000	0.007014	0.000027	0.000008	0.000008
0.890000	0.007020	0.000027	0.000008	0.000008
0.891000	0.007027	0.000027	0.000008	0.000008
0.892000	0.007034	0.000027	0.000008	0.000008
0.893000	0.007040	0.000027	0.000008	0.000008
0.894000	0.007047	0.000027	0.000008	0.000008
0.895000	0.007054	0.000027	0.000008	0.000008
0.896000	0.007060	0.000027	0.000008	0.000008
0.897000	0.007067	0.000027	0.000009	0.000009
0.898000	0.007073	0.000027	0.000009	0.000009
0.899000	0.007080	0.000027	0.000009	0.000009
0.900000	0.007087	0.000028	0.000009	0.000009
0.901000	0.007093	0.000028	0.000009	0.000009
0.902000	0.007100	0.000028	0.000009	0.000009
0.903000	0.007107	0.000028	0.000009	0.000009
0.904000	0.007113	0.000028	0.000009	0.000009
0.905000	0.007120	0.000028	0.000009	0.000009
0.906000	0.007126	0.000028	0.000009	0.000009
0.907000	0.007133	0.000028	0.000009	0.000009
0.908000	0.007140	0.000028	0.000009	0.000009
0.909000	0.007146	0.000028	0.000009	0.000009
0.910000	0.007153	0.000028	0.000009	0.000009
0.911000	0.007160	0.000028	0.000009	0.000009
0.912000	0.007166	0.000028	0.000009	0.000009
0.913000	0.007173	0.000028	0.000009	0.000009
0.914000	0.007179	0.000028	0.000009	0.000009
0.915000	0.007186	0.000028	0.000009	0.000009
0.916000	0.007193	0.000028	0.000009	0.000009
0.917000	0.007199	0.000028	0.000009	0.000009
0.918000	0.007206	0.000029	0.000009	0.000009
0.919000	0.007212	0.000029	0.000009	0.000009
0.920000	0.007219	0.000029	0.000009	0.000009
0.921000	0.007226	0.000029	0.000009	0.000009
0.922000	0.007232	0.000029	0.000009	0.000009
0.923000	0.007239	0.000029	0.000009	0.000009
0.924000	0.007245	0.000029	0.000009	0.000009
0.925000	0.007252	0.000029	0.000009	0.000009
0.926000	0.007258	0.000029	0.000009	0.000009
0.927000	0.007265	0.000029	0.000009	0.000009
0.928000	0.007272	0.000029	0.000009	0.000009
0.929000	0.007278	0.000029	0.000009	0.000009
0.930000	0.007285	0.000029	0.000009	0.000009
0.931000	0.007291	0.000029	0.000009	0.000009
0.932000	0.007298	0.000029	0.000010	0.000010
0.933000	0.007304	0.000029	0.000010	0.000010
0.934000	0.007311	0.000029	0.000010	0.000010
0.935000	0.007317	0.000030	0.000010	0.000010
0.936000	0.007324	0.000030	0.000010	0.000010
0.937000	0.007331	0.000030	0.000010	0.000010
0.938000	0.007337	0.000030	0.000010	0.000010
0.939000	0.007344	0.000030	0.000010	0.000010
0.940000	0.007350	0.000030	0.000010	0.000010
0.941000	0.007357	0.000030	0.000010	0.000010
0.942000	0.007363	0.000030	0.000010	0.000010
0.943000	0.007370	0.000030	0.000010	0.000010
0.944000	0.007376	0.000030	0.000010	0.000010
0.945000	0.007383	0.000030	0.000010	0.000010
0.946000	0.007389	0.000030	0.000010	0.000010
0.947000	0.007396	0.000030	0.000010	0.000010
0.948000	0.007402	0.000030	0.000010	0.000010
0.949000	0.007409	0.000030	0.000010	0.000010
0.950000	0.007415	0.000030	0.000010	0.000010
0.951000	0.007422	0.000030	0.000010	0.000010
0.952000	0.007428	0.000031	0.000010	0.000010
0.953000	0.007435	0.000031	0.000010	0.000010
0.954000	0.007441	0.000031	0.000010	0.000010
0.955000	0.007448	0.000031	0.000010	0.000010
0.956000	0.007454	0.000031	0.000010	0.000010
0.957000	0.007461	0.000031	0.000010	0.000010
0.958000	0.007467	0.000031	0.000010	0.000010
0.959000	0.007474	0.000031	0.000010	0.000010
0.960000	0.007480	0.000031	0.000010	0.000010
0.961000	0.007487	0.000031	0.000010	0.000010
0.962000	0.007493	0.000031	0.000010	0.000010
0.963000	0.007500	0.000031	0.000010	0.000010
0.964000	0.007506	0.000031	0.000010	0.000010
0.965000	0.007513	0.000031	0.000011	0.000011
0.966000	0.007519	0.000031	0.000011	0.000011
0.967000	0.007526	0.000031	0.000011	0.000011
0.968000	0.007532	0.000031	0.000011	0.000011
0.969000	0.007539	0.000032	0.000011	0.000011
0.970000	0.007545	0.000032	0.000011	0.000011
0.971000	0.007552	0.000032	0.000011	0.000011
0.972000	0.007558	0.000032	0.000011	0.000011
0.973000	0.007565	0.000032	0.000011	0.000011
0.974000	0.007571	0.000032	0.000011	0.000011
0.975000	0.007577	0.000032	0.000011	0.000011
0.976000	0.007584	0.000032	0.000011	0.000011
0.977000	0.007590	0.000032	0.000011	0.000011
0.978000	0.007597	0.000032	0.000011	0.000011
0.979000	0.007603	0.000032	0.000011	0.000011
0.980000	0.007610	0.000032	0.000011	0.000011
0.981000	0.007616	0.000032	0.000011	0.000011
0.982000	0.007623	0.000032	0.000011	0.000011
0.983000	0.007629	0.000032	0.000011	0.000011
0.984000	0.007635	0.000032	0.000011	0.000011
0.985000	0.007642	0.000032	0.000011	0.000011
0.986000	0.007648	0.000033	0.000011	0.000011
0.987000	0.007655	0.000033	0.000011	0.000011
0.988000	0.007661	0.000033	0.000011	0.000011
0.989000	0.007668	0.000033	0.000011	0.000011
0.990000	0.007674	0.000033	0.000011	0.000011
0.991000	0.007680	0.000033	0.000011	0.000011
0.992000	0.007687	0.000033	0.000011	0.000011
0.993000	0.007693	0.000033	0.000011	0.000011
0.994000	0.007700	0.000033	0.000011	0.000011
0.995000	0.007706	0.000033	0.000011	0.000011
0.996000	0.007712	0.000033	0.000012	0.000012
0.997000	0.007719	0.000033	0.000012	0.000012
0.998000	0.007725	0.000033	0.000012	0.000012
0.999000	0.007732	0.000033	0.000012	0.000012
1.000000	0.007738	0.000033	0.000012	0.000012
1.001000	0.007744	0.000033	0.000012	0.000012
1.002000	0.007751	0.000034	0.000012	0.000012
1.003000	0.007757	0.000034	0.000012	0.000012
1.004000	0.007764	0.000034	0.000012	0.000012
1.005000	0.007770	0.000034	0.000012	0.000012
1.006000	0.007776	0.000034	0.000012	0.000012
1.007000	0.007783	0.000034	0.000012	0.000012
1.008000	0.007789	0.000034	0.000012	0.000012
1.009000	0.007795	0.000034	0.000012	0.000012
1.010000	0.007802	0.000034	0.000012	0.000012
1.011000	0.007808	0.000034	0.000012	0.000012
1.012000	0.007815	0.000034	0.000012	0.000012
1.013000	0.007821	0.000034	0.000012	0.000012
1.014000	0.007827	0.000034	0.000012	0.000012
1.015000	0.007834	0.000034	0.000012	0.000012
1.016000	0.007840	0.000034	0.000012	0.000012
1.017000	0.007846	0.000034	0.000012	0.000012
1.018000	0.007853	0.000035	0.000012	0.000012
1.019000	0.007859	0.000035	0.000012	0.000012
1.020000	0.007865	0.000035	0.000012	0.000012
1.021000	0.007872	0.000035	0.000012	0.000012
1.022000	0.007878	0.000035	0.000012	0.000012
1.023000	0.007884	0.000035	0.000012	0.000012
1.024000	0.007891	0.000035	0.000012	0.000012
1.025000	0.007897	0.000035	0.000012	0.000012
1.026000	0.007903	0.000035	0.000013	0.000013
1.027000	0.007910	0.000035	0.000013	0.000013
1.028000	0.007916	0.000035	0.000013	0.000013
1.029000	0.007922	0.000035	0.000013	0.000013
1.030000	0.007929	0.000035	0.000013	0.000013
1.031000	0.007935	0.000035	0.000013	0.000013
1.032000	0.007941	0.000035	0.000013	0.000013
1.033000	0.007948	0.000035	0.000013	0.000013
1.034000	0.007954	0.000035	0.000013	0.000013
1.035000	0.007960	0.000036	0.000013	0.000013
1.036000	0.007967	0.000036	0.000013	0.000013
1.037000	0.007973	0.000036	0.000013	0.000013
1.038000	0.007979	0.000036	0.000013	0.000013
1.039000	0.007986	0.000036	0.000013	0.000013
1.040000	0.007992	0.000036	0.000013	0.000013
1.041000	0.007998	0.000036	0.000013	0.000013
1.042000	0.008004	0.000036	0.000013	0.000013
1.043000	0.008011	0.000036	0.000013	0.000013
1.044000	0.008017	0.000036	0.000013	0.000013
1.045000	0.008023	0.000036	0.000013	0.000013
1.046000	0.008030	0.000036	0.000013	0.000013
1.047000	0.008036	0.000036	0.000013	0.000013
1.048000	0.008042	0.000036	0.000013	0.000013
1.049000	0.008048	0.000036	0.000013	0.000013
1.050000	0.008055	0.000037	0.000013	0.000013
1.051000	0.008061	0.000037	0.000013	0.000013
1.052000	0.008067	0.000037	0.000013	0.000013
1.053000	0.008074	0.000037	0.000013	0.000013
1.054000	0.008080	0.000037	0.000014	0.000014
1.055000	0.008086	0.000037	0.000014	0.000014
1.056000	0.008092	0.000037	0.000014	0.000014
1.057000	0.008099	0.000037	0.000014	0.000014
1.058000	0.008105	0.000037	0.000014	0.000014
1.059000	0.008111	0.000037	0.000014	0.000014
1.060000	0.008117	0.000037	0.000014	0.000014
1.061000	0.008124	0.000037	0.000014	0.000014
1.062000	0.008130	0.000037	0.000014	0.000014
1.063000	0.008136	0.000037	0.000014	0.000014
1.064000	0.008142	0.000037	0.000014	0.000014
1.065000	0.008149	0.000037	0.000014	0.000014
1.066000	0.008155	0.000038	0.000014	0.000014
1.067000	0.008161	0.000038	0.000014	0.000014
1.068000	0.008167	0.000038	0.000014	0.000014
1.069000	0.008174	0.000038	0.000014	0.000014
1.070000	0.008180	0.000038	0.000014	0.000014
1.071000	0.008186	0.000038	0.000014	0.000014
1.072000	0.008192	0.000038	0.000014	0.000014
1.073000	0.008198	0.000038	0.000014	0.000014
1.074000	0.008205	0.000038	0.000014	0.000014
1.075000	0.008211	0.000038	0.000014	0.000014
1.076000	0.008217	0.000038	0.000014	0.000014
1.077000	0.008223	0.000038	0.000014	0.000014
1.078000	0.008230	0.000038	0.000014	0.000014
1.079000	0.008236	0.000038	0.000014	0.000014
1.080000	0.008242	0.000038	0.000015	0.000015
1.081000	0.008248	0.000038	0.000015	0.000015
1.082000	0.008254	0.000039	0.000015	0.000015
1.083000	0.008261	0.000039	0.000015	0.000015
1.084000	0.008267	0.000039	0.000015	0.000015
1.085000	0.008273	0.000039	0.000015	0.000015
1.086000	0.008279	0.000039	0.000015	0.000015
1.087000	0.008285	0.000039	0.000015	0.000015
1.088000	0.008292	0.000039	0.000015	0.000015
1.089000	0.008298	0.000039	0.000015	0.000015
1.090000	0.008304	0.000039	0.000015	0.000015
1.091000	0.008310	0.000039	0.000015	0.000015
1.092000	0.008316	0.000039	0.000015	0.000015
1.093000	0.008322	0.000039	0.000015	0.000015
1.094000	0.008329	0.000039	0.000015	0.000015
1.095000	0.008335	0.000039	0.000015	0.000015
1.096000	0.008341	0.000039	0.000015	0.000015
1.097000	0.008347	0.000040	0.000015	0.000015
1.098000	0.008353	0.000040	0.000015	0.000015
1.099000	0.008360	0.000040	0.000015	0.000015
1.100000	0.008366	0.000040	0.000015	0.000015
1.101000	0.008372	0.000040	0.000015	0.000015
1.102000	0.008378	0.000040	0.000015	0.000015
1.103000	0.008384	0.000040	0.000015	0.000015
1.104000	0.008390	0.000040	0.000015	0.000015
1.105000	0.008396	0.000040	0.000015	0.000015
1.106000	0.008403	0.000040	0.000016	0.000016
1.107000	0.008409	0.000040	0.000016	0.000016
1.108000	0.008415	0.000040	0.000016	0.000016
1.109000	0.008421	0.000040	0.000016	0.000016
1.110000	0.008427	0.000040	0.000016	0.000016
1.111000	0.008433	0.000040	0.000016	0.000016
1.112000	0.008439	0.000040	0.000016	0.000016
1.113000	0.008446	0.000041	0.000016	0.000016
1.114000	0.008452	0.000041	0.000016	0.000016
1.115000	0.008458	0.000041	0.000016	0.000016
1.116000	0.008464	0.000041	0.000016	0.000016
1.117000	0.008470	0.000041	0.000016	0.000016
1.118000	0.008476	0.000041	0.000016	0.000016
1.119000	0.008482	0.000041	0.000016	0.000016
1.120000	0.008488	0.000041	0.000016	0.000016
1.121000	0.008495	0.000041	0.000016	0.000016
1.122000	0.008501	0.000041	0.000016	0.000016
1.123000	0.008507	0.000041	0.000016	0.000016
1.124000	0.008513	0.000041	0.000016	0.000016
1.125000	0.008519	0.000041	0.000016	0.000016
1.126000	0.008525	0.000041	0.000016	0.000016
1.127000	0.008531	0.000041	0.000016	0.000016
1.128000	0.008537	0.000042	0.000016	0.000016
1.129000	0.008543	0.000042	0.000016	0.000016
1.130000	0.008549	0.000042	0.000017	0.000017
1.131000	0.008556	0.000042	0.000017	0.000017
1.132000	0.008562	0.000042	0.000017	0.000017
1.133000	0.008568	0.000042	0.000017	0.000017
1.134000	0.008574	0.000042	0.000017	0.000017
1.135000	0.008580	0.000042	0.000017	0.000017
1.136000	0.008586	0.000042	0.000017	0.000017
1.137000	0.008592	0.000042	0.000017	0.000017
1.138000	0.008598	0.000042	0.000017	0.000017
1.139000	0.008604	0.000042	0.000017	0.000017
1.140000	0.008610	0.000042	0.000017	0.000017
1.141000	0.008616	0.000042	0.000017	0.000017
1.142000	0.008622	0.000042	0.000017	0.000017
1.143000	0.008628	0.000043	0.000017	0.000017
1.144000	0.008635	0.000043	0.000017	0.000017
1.145000	0.008641	0.000043	0.000017	0.000017
1.146000	0.008647	0.000043	0.000017	0.000017
1.147000	0.008653	0.000043	0.000017	0.000017
1.148000	0.008659	0.000043	0.000017	0.000017
1.149000	0.008665	0.000043	0.000017	0.000017
1.150000	0.008671	0.000043	0.000017	0.000017
1.151000	0.008677	0.000043	0.000017	0.000017
1.152000	0.008683	0.000043	0.000017	0.000017
1.153000	0.008689	0.000043	0.000017	0.000017
1.154000	0.008695	0.000043	0.000018	0.000018
1.155000	0.008701	0.000043	0.000018	0.000018
1.156000	0.008707	0.000043	0.000018	0.000018
1.157000	0.008713	0.000044	0.000018	0.000018
1.158000	0.008719	0.000044	0.000018	0.000018
1.159000	0.008725	0.000044	0.000018	0.000018
1.160000	0.008731	0.000044	0.000018	0.000018
1.161000	0.008737	0.000044	0.000018	0.000018
1.162000	0.008743	0.000044	0.000018	0.000018
1.163000	0.008749	0.000044	0.000018	0.000018
1.164000	0.008755	0.000044	0.000018	0.000018
1.165000	0.008761	0.000044	0.000018	0.000018
1.166000	0.008767	0.000044	0.000018	0.000018
1.167000	0.008773	0.000044	0.000018	0.000018
1.168000	0.008779	0.000044	0.000018	0.000018
1.169000	0.008785	0.000044	0.000018	0.000018
1.170000	0.008791	0.000044	0.000018	0.000018
1.171000	0.008797	0.000044	0.000018	0.000018
1.172000	0.008803	0.000045	0.000018	0.000018
1.173000	0.008809	0.000045	0.000018	0.000018
1.174000	0.008815	0.000045	0.000018	0.000018
1.175000	0.008821	0.000045	0.000018	0.000018
1.176000	0.008827	0.000045	0.000019	0.000019
1.177000	0.008833	0.000045	0.000019	0.000019
1.178000	0.008839	0.000045	0.000019	0.000019
1.179000	0.008845	0.000045	0.000019	0.000019
1.180000	0.008851	0.000045	0.000019	0.000019
1.181000	0.008857	0.000045	0.000019	0.000019
1.182000	0.008863	0.000045	0.000019	0.000019
1.183000	0.008869	0.000045	0.000019	0.000019
1.184000	0.008875	0.000045	0.000019	0.000019
1.185000	0.008881	0.000045	0.000019	0.000019
1.186000	0.008887	0.000045	0.000019	0.000019
1.187000	0.008893	0.000046	0.000019	0.000019
1.188000	0.008899	0.000046	0.000019	0.000019
1.189000	0.008905	0.000046	0.000019	0.000019
1.190000	0.008911	0.000046	0.000019	0.000019
1.191000	0.008917	0.000046	0.000019	0.000019
1.192000	0.008923	0.000046	0.000019	0.000019
1.193000	0.008929	0.000046	0.000019	0.000019
1.194000	0.008935	0.000046	0.000019	0.000019
1.195000	0.008941	0.000046	0.000019	0.000019
1.196000	0.008947	0.000046	0.000019	0.000019
1.197000	0.008953	0.000046	0.000019	0.000019
1.198000	0.008959	0.000046	0.000020	0.000020
1.199000	0.008965	0.000046	0.000020	0.000020
1.200000	0.008970	0.000046	0.000020	0.000020
1.201000	0.008976	0.000047	0.000020	0.000020
1.202000	0.008982	0.000047	0.000020	0.000020
1.203000	0.008988	0.000047	0.000020	0.000020
1.204000	0.008994	0.000047	0.000020	0.000020
1.205000	0.009000	0.000047	0.000020	0.000020
1.206000	0.009006	0.000047	0.000020	0.000020
1.207000	0.009012	0.000047	0.000020	0.000020
1.208000	0.009018	0.000047	0.000020	0.000020
1.209000	0.009024	0.000047	0.000020	0.000020
1.210000	0.009030	0.000047	0.000020	0.000020
1.211000	0.009036	0.000047	0.000020	0.000020
1.212000	0.009042	0.000047	0.000020	0.000020
1.213000	0.009047	0.000047	0.000020	0.000020
1.214000	0.009053	0.000047	0.000020	0.000020
1.215000	0.009059	0.000047	0.000020	0.000020
1.216000	0.009065	0.000048	0.000020	0.000020
1.217000	0.009071	0.000048	0.000020	0.000020
1.218000	0.009077	0.000048	0.000020	0.000020
1.219000	0.009083	0.000048	0.000020	0.000020
1.220000	0.009089	0.000048	0.000021	0.000021
1.221000	0.009095	0.000048	0.000021	0.000021
1.222000	0.009101	0.000048	0.000021	0.000021
1.223000	0.009106	0.000048	0.000021	0.000021
1.224000	0.009112	0.000048	0.000021	0.000021
1.225000	0.009118	0.000048	0.000021	0.000021
1.226000	0.009124	0.000048	0.000021	0.000021
1.227000	0.009130	0.000048	0.000021	0.000021
1.228000	0.009136	0.000048	0.000021	0.000021
1.229000	0.009142	0.000048	0.000021	0.000021
1.230000	0.009148	0.000049	0.000021	0.000021
1.231000	0.009153	0.000049	0.000021	0.000021
1.232000	0.009159	0.000049	0.000021	0.000021
1.233000	0.009165	0.000049	0.000021	0.000021
1.234000	0.009171	0.000049	0.000021	0.000021
1.235000	0.009177	0.000049	0.000021	0.000021
1.236000	0.009183	0.000049	0.000021	0.000021
1.237000	0.009189	0.000049	0.000021	0.000021
1.238000	0.009195	0.000049	0.000021	0.000021
1.239000	0.009200	0.000049	0.000021	0.000021
1.240000	0.009206	0.000049	0.000022	0.000022
1.241000	0.009212	0.000049	0.000022	0.000022
1.242000	0.009218	0.000049	0.000022	0.000022
1.243000	0.009224	0.000049	0.000022	0.000022
1.244000	0.009230	0.000050	0.000022	0.000022
1.245000	0.009235	0.000050	0.000022	0.000022
1.246000	0.009241	0.000050	0.000022	0.000022
1.247000	0.009247	0.000050	0.000022	0.000022
1.248000	0.009253	0.000050	0.000022	0.000022
1.249000	0.009259	0.000050	0.000022	0.000022
1.250000	0.009265	0.000050	0.000022	0.000022
1.251000	0.009270	0.000050	0.000022	0.000022
1.252000	0.009276	0.000050	0.000022	0.000022
1.253000	0.009282	0.000050	0.000022	0.000022
1.254000	0.009288	0.000050	0.000022	0.000022
1.255000	0.009294	0.000050	0.000022	0.000022
1.256000	0.009300	0.000050	0.000022	0.000022
1.257000	0.009305	0.000050	0.000022	0.000022
1.258000	0.009311	0.000051	0.000022	0.000022
1.259000	0.009317	0.000051	0.000022	0.000022
1.260000	0.009323	0.000051	0.000023	0.000023
1.261000	0.009329	0.000051	0.000023	0.000023
1.262000	0.009334	0.000051	0.000023	0.000023
1.263000	0.009340	0.000051	0.000023	0.000023
1.264000	0.009346	0.000051	0.000023	0.000023
1.265000	0.009352	0.000051	0.000023	0.000023
1.266000	0.009358	0.000051	0.000023	0.000023
1.267000	0.009363	0.000051	0.000023	0.000023
1.268000	0.009369	0.000051	0.000023	0.000023
1.269000	0.009375	0.000051	0.000023	0.000023
1.270000	0.009381	0.000051	0.000023	0.000023
1.271000	0.009387	0.000051	0.000023	0.000023
1.272000	0.009392	0.000052	0.000023	0.000023
1.273000	0.009398	0.000052	0.000023	0.000023
1.274000	0.009404	0.000052	0.000023	0.000023
1.275000	0.009410	0.000052	0.000023	0.000023
1.276000	0.009415	0.000052	0.000023	0.000023
1.277000	0.009421	0.000052	0.000023	0.000023
1.278000	0.009427	0.000052	0.000023	0.000023
1.279000	0.009433	0.000052	0.000023	0.000023
1.280000	0.009438	0.000052	0.000024	0.000024
1.281000	0.009444	0.000052	0.000024	0.000024
1.282000	0.009450	0.000052	0.000024	0.000024
1.283000	0.009456	0.000052	0.000024	0.000024
1.284000	0.009462	0.000052	0.000024	0.000024
1.285000	0.009467	0.000052	0.000024	0.000024
1.286000	0.009473	0.000053	0.000024	0.000024
1.287000	0.009479	0.000053	0.000024	0.000024
1.288000	0.009485	0.000053	0.000024	0.000024
1.289000	0.009490	0.000053	0.000024	0.000024
1.290000	0.009496	0.000053	0.000024	0.000024
1.291000	0.009502	0.000053	0.000024	0.000024
1.292000	0.009507	0.000053	0.000024	0.000024
1.293000	0.009513	0.000053	0.000024	0.000024
1.294000	0.009519	0.000053	0.000024	0.000024
1.295000	0.009525	0.000053	0.000024	0.000024
1.296000	0.009530	0.000053	0.000024	0.000024
1.297000	0.009536	0.000053	0.000024	0.000024
1.298000	0.009542	0.000053	0.000024	0.000024
1.299000	0.009548	0.000053	0.000025	0.000025
1.300000	0.009553	0.000054	0.000025	0.000025
1.301000	0.009559	0.000054	0.000025	0.000025
1.302000	0.009565	0.000054	0.000025	0.000025
1.303000	0.009570	0.000054	0.000025	0.000025
1.304000	0.009576	0.000054	0.000025	0.000025
1.305000	0.009582	0.000054	0.000025	0.000025
1.306000	0.009588	0.000054	0.000025	0.000025
1.307000	0.009593	0.000054	0.000025	0.000025
1.308000	0.009599	0.000054	0.000025	0.000025
1.309000	0.009605	0.000054	0.000025	0.000025
1.310000	0.009610	0.000054	0.000025	0.000025
1.311000	0.009616	0.000054	0.000025	0.000025
1.312000	0.009622	0.000054	0.000025	0.000025
1.313000	0.009628	0.000055	0.000025	0.000025
1.314000	0.009633	0.000055	0.000025	0.000025
1.315000	0.009639	0.000055	0.000025	0.000025
1.316000	0.009645	0.000055	0.000025	0.000025
1.317000	0.009650	0.000055	0.000026	0.000026
1.318000	0.009656	0.000055	0.000026	0.000026
1.319000	0.009662	0.000055	0.000026	0.000026
1.320000	0.009667	0.000055	0.000026	0.000026
1.321000	0.009673	0.000055	0.000026	0.000026
1.322000	0.009679	0.000055	0.000026	0.000026
1.323000	0.009684	0.000055	0.000026	0.000026
1.324000	0.009690	0.000055	0.000026	0.000026
1.325000	0.009696	0.000055	0.000026	0.000026
1.326000	0.009701	0.000055	0.000026	0.000026
1.327000	0.009707	0.000056	0.000026	0.000026
1.328000	0.009713	0.000056	0.000026	0.000026
1.329000	0.009718	0.000056	0.000026	0.000026
1.330000	0.009724	0.000056	0.000026	0.000026
1.331000	0.009730	0.000056	0.000026	0.000026
1.332000	0.009735	0.000056	0.000026	0.000026
1.333000	0.009741	0.000056	0.000026	0.000026
1.334000	0.009747	0.000056	0.000026	0.000026
1.335000	0.009752	0.000056	0.000027	0.000027
1.336000	0.009758	0.000056	0.000027	0.000027
1.337000	0.009764	0.000056	0.000027	0.000027
1.338000	0.009769	0.000056	0.000027	0.000027
1.339000	0.009775	0.000056	0.000027	0.000027
1.340000	0.009780	0.000057	0.000027	0.000027
1.341000	0.009786	0.000057	0.000027	0.000027
1.342000	0.009792	0.000057	0.000027	0.000027
1.343000	0.009797	0.000057	0.000027	0.000027
1.344000	0.009803	0.000057	0.000027	0.000027
1.345000	0.009809	0.000057	0.000027	0.000027
1.346000	0.009814	0.000057	0.000027	0.000027
1.347000	0.009820	0.000057	0.000027	0.000027
1.348000	0.009825	0.000057	0.000027	0.000027
1.349000	0.009831	0.000057	0.000027	0.000027
1.350000	0.009837	0.000057	0.000027	0.000027
1.351000	0.009842	0.000057	0.000027	0.000027
1.352000	0.009848	0.000057	0.000027	0.000027
1.353000	0.009854	0.000057	0.000028	0.000028
1.354000	0.009859	0.000058	0.000028	0.000028
1.355000	0.009865	0.000058	0.000028	0.000028
1.356000	0.009870	0.000058	0.000028	0.000028
1.357000	0.009876	0.000058	0.000028	0.000028
1.358000	0.009882	0.000058	0.000028	0.000028
1.359000	0.009887	0.000058	0.000028	0.000028
1.360000	0.009893	0.000058	0.000028	0.000028
1.361000	0.009898	0.000058	0.000028	0.000028
1.362000	0.009904	0.000058	0.000028	0.000028
1.363000	0.009910	0.000058	0.000028	0.000028
1.364000	0.009915	0.000058	0.000028	0.000028
1.365000	0.009921	0.000058	0.000028	0.000028
1.366000	0.009926	0.000058	0.000028	0.000028
1.367000	0.009932	0.000059	0.000028	0.000028
1.368000	0.009937	0.000059	0.000028	0.000028
1.369000	0.009943	0.000059	0.000028	0.000028
1.370000	0.009949	0.000059	0.000029	0.000029
1.371000	0.009954	0.000059	0.000029	0.000029
1.372000	0.009960	0.000059	0.000029	0.000029
1.373000	0.009965	0.000059	0.000029	0.000029
1.374000	0.009971	0.000059	0.000029	0.000029
1.375000	0.009976	0.000059	0.000029	0.000029
1.376000	0.009982	0.000059	0.000029	0.000029
1.377000	0.009988	0.000059	0.000029	0.000029
1.378000	0.009993	0.000059	0.000029	0.000029
1.379000	0.009999	0.000059	0.000029	0.000029
1.380000	0.010004	0.000060	0.000029	0.000029
1.381000	0.010010	0.000060	0.000029	0.000029
1.382000	0.010015	0.000060	0.000029	0.000029
1.383000	0.010021	0.000060	0.000029	0.000029
1.384000	0.010026	0.000060	0.000029	0.000029
1.385000	0.010032	0.000060	0.000029	0.000029
1.386000	0.010038	0.000060	0.000029	0.000029
1.387000	0.010043	0.000060	0.000030	0.000030
1.388000	0.010049	0.000060	0.000030	0.000030
1.389000	0.010054	0.000060	0.000030	0.000030
1.390000	0.010060	0.000060	0.000030	0.000030
1.391000	0.010065	0.000060	0.000030	0.000030
1.392000	0.010071	0.000060	0.000030	0.000030
1.393000	0.010076	0.000061	0.000030	0.000030
1.394000	0.010082	0.000061	0.000030	0.000030
1.395000	0.010087	0.000061	0.000030	0.000030
1.396000	0.010093	0.000061	0.000030	0.000030
1.397000	0.010098	0.000061	0.000030	0.000030
1.398000	0.010104	0.000061	0.000030	0.000030
1.399000	0.010109	0.000061	0.000030	0.000030
1.400000	0.010115	0.000061	0.000030	0.000030
1.401000	0.010120	0.000061	0.000030	0.000030
1.402000	0.010126	0.000061	0.000030	0.000030
1.403000	0.010131	0.000061	0.000031	0.000031
1.404000	0.010137	0.000061	0.000031	0.000031
1.405000	0.010142	0.000061	0.000031	0.000031
1.406000	0.010148	0.000062	0.000031	0.000031
1.407000	0.010153	0.000062	0.000031	0.000031
1.408000	0.010159	0.000062	0.000031	0.000031
1.409000	0.010164	0.000062	0.000031	0.000031
1.410000	0.010170	0.000062	0.000031	0.000031
1.411000	0.010175	0.000062	0.000031	0.000031
1.412000	0.010181	0.000062	0.000031	0.000031
1.413000	0.010186	0.000062	0.000031	0.000031
1.414000	0.010192	0.000062	0.000031	0.000031
1.415000	0.010197	0.000062	0.000031	0.000031
1.416000	0.010203	0.000062	0.000031	0.000031
1.417000	0.010208	0.000062	0.000031	0.000031
1.418000	0.010214	0.000062	0.000031	0.000031
1.419000	0.010219	0.000063	0.000031	0.000031
1.420000	0.010225	0.000063	0.000032	0.000032
1.421000	0.010230	0.000063	0.000032	0.000032
1.422000	0.010236	0.000063	0.000032	0.000032
1.423000	0.010241	0.000063	0.000032	0.000032
1.424000	0.010247	0.000063	0.000032	0.000032
1.425000	0.010252	0.000063	0.000032	0.000032
1.426000	0.010258	0.000063	0.000032	0.000032
1.427000	0.010263	0.000063	0.000032	0.000032
1.428000	0.010269	0.000063	0.000032	0.000032
1.429000	0.010274	0.000063	0.000032	0.000032
1.430000	0.010279	0.000063	0.000032	0.000032
1.431000	0.010285	0.000063	0.000032	0.000032
1.432000	0.010290	0.000064	0.000032	0.000032
1.433000	0.010296	0.000064	0.000032	0.000032
1.434000	0.010301	0.000064	0.000032	0.000032
1.435000	0.010307	0.000064	0.000033	0.000033
1.436000	0.010312	0.000064	0.000033	0.000033
1.437000	0.010318	0.000064	0.000033	0.000033
1.438000	0.010323	0.000064	0.000033	0.000033
1.439000	0.010328	0.000064	0.000033	0.000033
1.440000	0.010334	0.000064	0.000033	0.000033
1.441000	0.010339	0.000064	0.000033	0.000033
1.442000	0.010345	0.000064	0.000033	0.000033
1.443000	0.010350	0.000064	0.000033	0.000033
1.444000	0.010356	0.000064	0.000033	0.000033
1.445000	0.010361	0.000065	0.000033	0.000033
1.446000	0.010366	0.000065	0.000033	0.000033
1.447000	0.010372	0.000065	0.000033	0.000033
1.448000	0.010377	0.000065	0.000033	0.000033
1.449000	0.010383	0.000065	0.000033	0.000033
1.450000	0.010388	0.000065	0.000033	0.000033
1.451000	0.010393	0.000065	0.000034	0.000034
1.452000	0.010399	0.000065	0.000034	0.000034
1.453000	0.010404	0.000065	0.000034	0.000034
1.454000	0.010410	0.000065	0.000034	0.000034
1.455000	0.010415	0.000065	0.000034	0.000034
1.456000	0.010420	0.000065	0.000034	0.000034
1.457000	0.010426	0.000065	0.000034	0.000034
1.458000	0.010431	0.000066	0.000034	0.000034
1.459000	0.010437	0.000066	0.000034	0.000034
1.460000	0.010442	0.000066	0.000034	0.000034
1.461000	0.010447	0.000066	0.000034	0.000034
1.462000	0.010453	0.000066	0.000034	0.000034
1.463000	0.010458	0.000066	0.000034	0.000034
1.464000	0.010464	0.000066	0.000034	0.000034
1.465000	0.010469	0.000066	0.000034	0.000034
1.466000	0.010474	0.000066	0.000035	0.000035
1.467000	0.010480	0.000066	0.000035	0.000035
1.468000	0.010485	0.000066	0.000035	0.000035
1.469000	0.010491	0.000066	0.000035	0.000035
1.470000	0.010496	0.000067	0.000035	0.000035
1.471000	0.010501	0.000067	0.000035	0.000035
1.472000	0.010507	0.000067	0.000035	0.000035
1.473000	0.010512	0.000067	0.000035	0.000035
1.474000	0.010517	0.000067	0.000035	0.000035
1.475000	0.010523	0.000067	0.000035	0.000035
1.476000	0.010528	0.000067	0.000035	0.000035
1.477000	0.010533	0.000067	0.000035	0.000035
1.478000	0.010539	0.000067	0.000035	0.000035
1.479000	0.010544	0.000067	0.000035	0.000035
1.480000	0.010550	0.000067	0.000035	0.000035
1.481000	0.010555	0.000067	0.000036	0.000036
1.482000	0.010560	0.000067	0.000036	0.000036
1.483000	0.010566	0.000068	0.000036	0.000036
1.484000	0.010571	0.000068	0.000036	0.000036
1.485000	0.010576	0.000068	0.000036	0.000036
1.486000	0.010582	0.000068	0.000036	0.000036
1.487000	0.010587	0.000068	0.000036	0.000036
1.488000	0.010592	0.000068	0.000036	0.000036
1.489000	0.010598	0.000068	0.000036	0.000036
1.490000	0.010603	0.000068	0.000036	0.000036
1.491000	0.010608	0.000068	0.000036	0.000036
1.492000	0.010614	0.000068	0.000036	0.000036
1.493000	0.010619	0.000068	0.000036	0.000036
1.494000	0.010624	0.000068	0.000036	0.000036
1.495000	0.010630	0.000068	0.000036	0.000036
1.496000	0.010635	0.000069	0.000037	0.000037
1.497000	0.010640	0.000069	0.000037	0.000037
1.498000	0.010646	0.000069	0.000037	0.000037
1.499000	0.010651	0.000069	0.000037	0.000037
1.500000	0.010656	0.000069	0.000037	0.000037
1.501000	0.010661	0.000069	0.000037	0.000037
1.502000	0.010667	0.000069	0.000037	0.000037
1.503000	0.010672	0.000069	0.000037	0.000037
1.504000	0.010677	0.000069	0.000037	0.000037
1.505000	0.010683	0.000069	0.000037	0.000037
1.506000	0.010688	0.000069	0.000037	0.000037
1.507000	0.010693	0.000069	0.000037	0.000037
1.508000	0.010699	0.000070	0.000037	0.000037
1.509000	0.010704	0.000070	0.000037	0.000037
1.510000	0.010709	0.000070	0.000038	0.000038
1.511000	0.010714	0.000070	0.000038	0.000038
1.512000	0.010720	0.000070	0.000038	0.000038
1.513000	0.010725	0.000070	0.000038	0.000038
1.514000	0.010730	0.000070	0.000038	0.000038
1.515000	0.010736	0.000070	0.000038	0.000038
1.516000	0.010741	0.000070	0.000038	0.000038
1.517000	0.010746	0.000070	0.000038	0.000038
1.518000	0.010751	0.000070	0.000038	0.000038
1.519000	0.010757	0.000070	0.000038	0.000038
1.520000	0.010762	0.000071	0.000038	0.000038
1.521000	0.010767	0.000071	0.000038	0.000038
1.522000	0.010773	0.000071	0.000038	0.000038
1.523000	0.010778	0.000071	0.000038	0.000038
1.524000	0.010783	0.000071	0.000038	0.000038
1.525000	0.010788	0.000071	0.000039	0.000039
1.526000	0.010794	0.000071	0.000039	0.000039
1.527000	0.010799	0.000071	0.000039	0.000039
1.528000	0.010804	0.000071	0.000039	0.000039
1.529000	0.010809	0.000071	0.000039	0.000039
1.530000	0.010815	0.000071	0.000039	0.000039
1.531000	0.010820	0.000071	0.000039	0.000039
1.532000	0.010825	0.000071	0.000039	0.000039
1.533000	0.010830	0.000072	0.000039	0.000039
1.534000	0.010836	0.000072	0.000039	0.000039
1.535000	0.010841	0.000072	0.000039	0.000039
1.536000	0.010846	0.000072	0.000039	0.000039
1.537000	0.010851	0.000072	0.000039	0.000039
1.538000	0.010857	0.000072	0.000039	0.000039
1.539000	0.010862	0.000072	0.000040	0.000040
1.540000	0.010867	0.000072	0.000040	0.000040
1.541000	0.010872	0.000072	0.000040	0.000040
1.542000	0.010878	0.000072	0.000040	0.000040
1.543000	0.010883	0.000072	0.000040	0.000040
1.544000	0.010888	0.000072	0.000040	0.000040
1.545000	0.010893	0.000073	0.000040	0.000040
1.546000	0.010898	0.000073	0.000040	0.000040
1.547000	0.010904	0.000073	0.000040	0.000040
1.548000	0.010909	0.000073	0.000040	0.000040
1.549000	0.010914	0.000073	0.000040	0.000040
1.550000	0.010919	0.000073	0.000040	0.000040
1.551000	0.010925	0.000073	0.000040	0.000040
1.552000	0.010930	0.000073	0.000041	0.000041
1.553000	0.010935	0.000073	0.000041	0.000041
1.554000	0.010940	0.000073	0.000041	0.000041
1.555000	0.010945	0.000073	0.000041	0.000041
1.556000	0.010951	0.000073	0.000041	0.000041
1.557000	0.010956	0.000074	0.000041	0.000041
1.558000	0.010961	0.000074	0.000041	0.000041
1.559000	0.010966	0.000074	0.000041	0.000041
1.560000	0.010971	0.000074	0.000041	0.000041
1.561000	0.010977	0.000074	0.000041	0.000041
1.562000	0.010982	0.000074	0.000041	0.000041
1.563000	0.010987	0.000074	0.000041	0.000041
1.564000	0.010992	0.000074	0.000041	0.000041
1.565000	0.010997	0.000074	0.000041	0.000041
1.566000	0.011003	0.000074	0.000042	0.000042
1.567000	0.011008	0.000074	0.000042	0.000042
1.568000	0.011013	0.000074	0.000042	0.000042
1.569000	0.011018	0.000074	0.000042	0.000042
1.570000	0.011023	0.000075	0.000042	0.000042
1.571000	0.011028	0.000075	0.000042	0.000042
1.572000	0.011034	0.000075	0.000042	0.000042
1.573000	0.011039	0.000075	0.000042	0.000042
1.574000	0.011044	0.000075	0.000042	0.000042
1.575000	0.011049	0.000075	0.000042	0.000042
1.576000	0.011054	0.000075	0.000042	0.000042
1.577000	0.011059	0.000075	0.000042	0.000042
1.578000	0.011065	0.000075	0.000042	0.000042
1.579000	0.011070	0.000075	0.000043	0.000043
1.580000	0.011075	0.000075	0.000043	0.000043
1.581000	0.011080	0.000075	0.000043	0.000043
1.582000	0.011085	0.000076	0.000043	0.000043
1.583000	0.011090	0.000076	0.000043	0.000043
1.584000	0.011096	0.000076	0.000043	0.000043
1.585000	0.011101	0.000076	0.000043	0.000043
1.586000	0.011106	0.000076	0.000043	0.000043
1.587000	0.011111	0.000076	0.000043	0.000043
1.588000	0.011116	0.000076	0.000043	0.000043
1.589000	0.011121	0.000076	0.000043	0.000043
1.590000	0.011126	0.000076	0.000043	0.000043
1.591000	0.011132	0.000076	0.000043	0.000043
1.592000	0.011137	0.000076	0.000044	0.000044
1.593000	0.011142	0.000076	0.000044	0.000044
1.594000	0.011147	0.000077	0.000044	0.000044
1.595000	0.011152	0.000077	0.000044	0.000044
1.596000	0.011157	0.000077	0.000044	0.000044
1.597000	0.011162	0.000077	0.000044	0.000044
1.598000	0.011167	0.000077	0.000044	0.000044
1.599000	0.011173	0.000077	0.000044	0.000044
1.600000	0.011178	0.000077	0.000044	0.000044
1.601000	0.011183	0.000077	0.000044	0.000044
1.602000	0.011188	0.000077	0.000044	0.000044
1.603000	0.011193	0.000077	0.000044	0.000044
1.604000	0.011198	0.000077	0.000044	0.000044
1.605000	0.011203	0.000077	0.000045	0.000045
1.606000	0.011208	0.000078	0.000045	0.000045
1.607000	0.011213	0.000078	0.000045	0.000045
1.608000	0.011219	0.000078	0.000045	0.000045
1.609000	0.011224	0.000078	0.000045	0.000045
1.610000	0.011229	0.000078	0.000045	0.000045
1.611000	0.011234	0.000078	0.000045	0.000045
1.612000	0.011239	0.000078	0.000045	0.000045
1.613000	0.011244	0.000078	0.000045	0.000045
1.614000	0.011249	0.000078	0.000045	0.000045
1.615000	0.011254	0.000078	0.000045	0.000045
1.616000	0.011259	0.000078	0.000045	0.000045
1.617000	0.011264	0.000078	0.000045	0.000045
1.618000	0.011270	0.000079	0.000046	0.000046
1.619000	0.011275	0.000079	0.000046	0.000046
1.620000	0.011280	0.000079	0.000046	0.000046
1.621000	0.011285	0.000079	0.000046	0.000046
1.622000	0.011290	0.000079	0.000046	0.000046
1.623000	0.011295	0.000079	0.000046	0.000046
1.624000	0.011300	0.000079	0.000046	0.000046
1.625000	0.011305	0.000079	0.000046	0.000046
1.626000	0.011310	0.000079	0.000046	0.000046
1.627000	0.011315	0.000079	0.000046	0.000046
1.628000	0.011320	0.000079	0.000046	0.000046
1.629000	0.011325	0.000079	0.000046	0.000046
1.630000	0.011330	0.000080	0.000046	0.000046
1.631000	0.011335	0.000080	0.000047	0.000047
1.632000	0.011341	0.000080	0.000047	0.000047
1.633000	0.011346	0.000080	0.000047	0.000047
1.634000	0.011351	0.000080	0.000047	0.000047
1.635000	0.011356	0.000080	0.000047	0.000047
1.636000	0.011361	0.000080	0.000047	0.000047
1.637000	0.011366	0.000080	0.000047	0.000047
1.638000	0.011371	0.000080	0.000047	0.000047
1.639000	0.011376	0.000080	0.000047	0.000047
1.640000	0.011381	0.000080	0.000047	0.000047
1.641000	0.011386	0.000080	0.000047	0.000047
1.642000	0.011391	0.000081	0.000047	0.000047
1.643000	0.011396	0.000081	0.000048	0.000048
1.644000	0.011401	0.000081	0.000048	0.000048
1.645000	0.011406	0.000081	0.000048	0.000048
1.646000	0.011411	0.000081	0.000048	0.000048
1.647000	0.011416	0.000081	0.000048	0.000048
1.648000	0.011421	0.000081	0.000048	0.000048
1.649000	0.011426	0.000081	0.000048	0.000048
1.650000	0.011431	0.000081	0.000048	0.000048
1.651000	0.011436	0.000081	0.000048	0.000048
1.652000	0.011441	0.000081	0.000048	0.000048
1.653000	0.011446	0.000081	0.000048	0.000048
1.654000	0.011451	0.000082	0.000048	0.000048
1.655000	0.011456	0.000082	0.000048	0.000048
1.656000	0.011461	0.000082	0.000049	0.000049
1.657000	0.011466	0.000082	0.000049	0.000049
1.658000	0.011471	0.000082	0.000049	0.000049
1.659000	0.011476	0.000082	0.000049	0.000049
1.660000	0.011481	0.000082	0.000049	0.000049
1.661000	0.011486	0.000082	0.000049	0.000049
1.662000	0.011491	0.000082	0.000049	0.000049
1.663000	0.011496	0.000082	0.000049	0.000049
1.664000	0.011501	0.000082	0.000049	0.000049
1.665000	0.011506	0.000083	0.000049	0.000049
1.666000	0.011511	0.000083	0.000049	0.000049
1.667000	0.011516	0.000083	0.000049	0.000049
1.668000	0.011521	0.000083	0.000050	0.000050
1.669000	0.011526	0.000083	0.000050	0.000050
1.670000	0.011531	0.000083	0.000050	0.000050
1.671000	0.011536	0.000083	0.000050	0.000050
1.672000	0.011541	0.000083	0.000050	0.000050
1.673000	0.011546	0.000083	0.000050	0.000050
1.674000	0.011551	0.000083	0.000050	0.000050
1.675000	0.011556	0.000083	0.000050	0.000050
1.676000	0.011561	0.000083	0.000050	0.000050
1.677000	0.011566	0.000084	0.000050	0.000050
1.678000	0.011571	0.000084	0.000050	0.000050
1.679000	0.011576	0.000084	0.000050	0.000050
1.680000	0.011581	0.000084	0.000051	0.000051
1.681000	0.011586	0.000084	0.000051	0.000051
1.682000	0.011591	0.000084	0.000051	0.000051
1.683000	0.011596	0.000084	0.000051	0.000051
1.684000	0.011601	0.000084	0.000051	0.000051
1.685000	0.011606	0.000084	0.000051	0.000051
1.686000	0.011611	0.000084	0.000051	0.000051
1.687000	0.011616	0.000084	0.000051	0.000051
1.688000	0.011621	0.000084	0.000051	0.000051
1.689000	0.011626	0.000085	0.000051	0.000051
1.690000	0.011631	0.000085	0.000051	0.000051
1.691000	0.011636	0.000085	0.000051	0.000051
1.692000	0.011641	0.000085	0.000052	0.000052
1.693000	0.011646	0.000085	0.000052	0.000052
1.694000	0.011651	0.000085	0.000052	0.000052
1.695000	0.011656	0.000085	0.000052	0.000052
1.696000	0.011661	0.000085	0.000052	0.000052
1.697000	0.011665	0.000085	0.000052	0.000052
1.698000	0.011670	0.000085	0.000052	0.000052
1.699000	0.011675	0.000085	0.000052	0.000052
1.700000	0.011680	0.000086	0.000052	0.000052
1.701000	0.011685	0.000086	0.000052	0.000052
1.702000	0.011690	0.000086	0.000052	0.000052
1.703000	0.011695	0.000086	0.000052	0.000052
1.704000	0.011700	0.000086	0.000053	0.000053
1.705000	0.011705	0.000086	0.000053	0.000053
1.706000	0.011710	0.000086	0.000053	0.000053
1.707000	0.011715	0.000086	0.000053	0.000053
1.708000	0.011720	0.000086	0.000053	0.000053
1.709000	0.011725	0.000086	0.000053	0.000053
1.710000	0.011730	0.000086	0.000053	0.000053
1.711000	0.011734	0.000086	0.000053	0.000053
1.712000	0.011739	0.000087	0.000053	0.000053
1.713000	0.011744	0.000087	0.000053	0.000053
1.714000	0.011749	0.000087	0.000053	0.000053
1.715000	0.011754	0.000087	0.000054	0.000054
1.716000	0.011759	0.000087	0.000054	0.000054
1.717000	0.011764	0.000087	0.000054	0.000054
1.718000	0.011769	0.000087	0.000054	0.000054
1.719000	0.011774	0.000087	0.000054	0.000054
1.720000	0.011779	0.000087	0.000054	0.000054
1.721000	0.011783	0.000087	0.000054	0.000054
1.722000	0.011788	0.000087	0.000054	0.000054
1.723000	0.011793	0.000087	0.000054	0.000054
1.724000	0.011798	0.000088	0.000054	0.000054
1.725000	0.011803	0.000088	0.000054	0.000054
1.726000	0.011808	0.000088	0.000054	0.000054
1.727000	0.011813	0.000088	0.000055	0.000055
1.728000	0.011818	0.000088	0.000055	0.000055
1.729000	0.011823	0.000088	0.000055	0.000055
1.730000	0.011827	0.000088	0.000055	0.000055
1.731000	0.011832	0.000088	0.000055	0.000055
1.732000	0.011837	0.000088	0.000055	0.000055
1.733000	0.011842	0.000088	0.000055	0.000055
1.734000	0.011847	0.000088	0.000055	0.000055
1.735000	0.011852	0.000089	0.000055	0.000055
1.736000	0.011857	0.000089	0.000055	0.000055
1.737000	0.011862	0.000089	0.000055	0.000055
1.738000	0.011866	0.000089	0.000056	0.000056
1.739000	0.011871	0.000089	0.000056	0.000056
1.740000	0.011876	0.000089	0.000056	0.000056
1.741000	0.011881	0.000089	0.000056	0.000056
1.742000	0.011886	0.000089	0.000056	0.000056
1.743000	0.011891	0.000089	0.000056	0.000056
1.744000	0.011896	0.000089	0.000056	0.000056
1.745000	0.011900	0.000089	0.000056	0.000056
1.746000	0.011905	0.000089	0.000056	0.000056
1.747000	0.011910	0.000090	0.000056	0.000056
1.748000	0.011915	0.000090	0.000056	0.000056
1.749000	0.011920	0.000090	0.000057	0.000057
1.750000	0.011925	0.000090	0.000057	0.000057
1.751000	0.011930	0.000090	0.000057	0.000057
1.752000	0.011934	0.000090	0.000057	0.000057
1.753000	0.011939	0.000090	0.000057	0.000057
1.754000	0.011944	0.000090	0.000057	0.000057
1.755000	0.011949	0.000090	0.000057	0.000057
1.756000	0.011954	0.000090	0.000057	0.000057
1.757000	0.011959	0.000090	0.000057	0.000057
1.758000	0.011963	0.000091	0.000057	0.000057
1.759000	0.011968	0.000091	0.000057	0.000057
1.760000	0.011973	0.000091	0.000058	0.000058
1.761000	0.011978	0.000091	0.000058	0.000058
1.762000	0.011983	0.000091	0.000058	0.000058
1.763000	0.011987	0.000091	0.000058	0.000058
1.764000	0.011992	0.000091	0.000058	0.000058
1.765000	0.011997	0.000091	0.000058	0.000058
1.766000	0.012002	0.000091	0.000058	0.000058
1.767000	0.012007	0.000091	0.000058	0.000058
1.768000	0.012012	0.000091	0.000058	0.000058
1.769000	0.012016	0.000091	0.000058	0.000058
1.770000	0.012021	0.000092	0.000058	0.000058
1.771000	0.012026	0.000092	0.000059	0.000059
1.772000	0.012031	0.000092	0.000059	0.000059
1.773000	0.012036	0.000092	0.000059	0.000059
1.774000	0.012040	0.000092	0.000059	0.000059
1.775000	0.012045	0.000092	0.000059	0.000059
1.776000	0.012050	0.000092	0.000059	0.000059
1.777000	0.012055	0.000092	0.000059	0.000059
1.778000	0.012060	0.000092	0.000059	0.000059
1.779000	0.012064	0.000092	0.000059	0.000059
1.780000	0.012069	0.000092	0.000059	0.000059
1.781000	0.012074	0.000093	0.000059	0.000059
1.782000	0.012079	0.000093	0.000060	0.000060
1.783000	0.012084	0.000093	0.000060	0.000060
1.784000	0.012088	0.000093	0.000060	0.000060
1.785000	0.012093	0.000093	0.000060	0.000060
1.786000	0.012098	0.000093	0.000060	0.000060
1.787000	0.012103	0.000093	0.000060	0.000060
1.788000	0.012107	0.000093	0.000060	0.000060
1.789000	0.012112	0.000093	0.000060	0.000060
1.790000	0.012117	0.000093	0.000060	0.000060
1.791000	0.012122	0.000093	0.000060	0.000060
1.792000	0.012126	0.000094	0.000060	0.000060
1.793000	0.012131	0.000094	0.000061	0.000061
1.794000	0.012136	0.000094	0.000061	0.000061
1.795000	0.012141	0.000094	0.000061	0.000061
1.796000	0.012146	0.000094	0.000061	0.000061
1.797000	0.012150	0.000094	0.000061	0.000061
1.798000	0.012155	0.000094	0.000061	0.000061
1.799000	0.012160	0.000094	0.000061	0.000061
1.800000	0.012165	0.000094	0.000061	0.000061
1.801000	0.012169	0.000094	0.000061	0.000061
1.802000	0.012174	0.000094	0.000061	0.000061
1.803000	0.012179	0.000095	0.000062	0.000062
1.804000	0.012184	0.000095	0.000062	0.000062
1.805000	0.012188	0.000095	0.000062	0.000062
1.806000	0.012193	0.000095	0.000062	0.000062
1.807000	0.012198	0.000095	0.000062	0.000062
1.808000	0.012203	0.000095	0.000062	0.000062
1.809000	0.012207	0.000095	0.000062	0.000062
1.810000	0.012212	0.000095	0.000062	0.000062
1.811000	0.012217	0.000095	0.000062	0.000062
1.812000	0.012221	0.000095	0.000062	0.000062
1.813000	0.012226	0.000095	0.000062	0.000062
1.814000	0.012231	0.000095	0.000063	0.000063
1.815000	0.012236	0.000096	0.000063	0.000063
1.816000	0.012240	0.000096	0.000063	0.000063
1.817000	0.012245	0.000096	0.000063	0.000063
1.818000	0.012250	0.000096	0.000063	0.000063
1.819000	0.012255	0.000096	0.000063	0.000063
1.820000	0.012259	0.000096	0.000063	0.000063
1.821000	0.012264	0.000096	0.000063	0.000063
1.822000	0.012269	0.000096	0.000063	0.000063
1.823000	0.012273	0.000096	0.000063	0.000063
1.824000	0.012278	0.000096	0.000064	0.000064
1.825000	0.012283	0.000096	0.000064	0.000064
1.826000	0.012288	0.000097	0.000064	0.000064
1.827000	0.012292	0.000097	0.000064	0.000064
1.828000	0.012297	0.000097	0.000064	0.000064
1.829000	0.012302	0.000097	0.000064	0.000064
1.830000	0.012306	0.000097	0.000064	0.000064
1.831000	0.012311	0.000097	0.000064	0.000064
1.832000	0.012316	0.000097	0.000064	0.000064
1.833000	0.012320	0.000097	0.000064	0.000064
1.834000	0.012325	0.000097	0.000064	0.000064
1.835000	0.012330	0.000097	0.000065	0.000065
1.836000	0.012335	0.000097	0.000065	0.000065
1.837000	0.012339	0.000098	0.000065	0.000065
1.838000	0.012344	0.000098	0.000065	0.000065
1.839000	0.012349	0.000098	0.000065	0.000065
1.840000	0.012353	0.000098	0.000065	0.000065
1.841000	0.012358	0.000098	0.000065	0.000065
1.842000	0.012363	0.000098	0.000065	0.000065
1.843000	0.012367	0.000098	0.000065	0.000065
1.844000	0.012372	0.000098	0.000065	0.000065
1.845000	0.012377	0.000098	0.000066	0.000066
1.846000	0.012381	0.000098	0.000066	0.000066
1.847000	0.012386	0.000098	0.000066	0.000066
1.848000	0.012391	0.000099	0.000066	0.000066
1.849000	0.012395	0.000099	0.000066	0.000066
1.850000	0.012400	0.000099	0.000066	0.000066
1.851000	0.012405	0.000099	0.000066	0.000066
1.852000	0.012409	0.000099	0.000066	0.000066
1.853000	0.012414	0.000099	0.000066	0.000066
1.854000	0.012419	0.000099	0.000066	0.000066
1.855000	0.012423	0.000099	0.000067	0.000067
1.856000	0.012428	0.000099	0.000067	0.000067
1.857000	0.012433	0.000099	0.000067	0.000067
1.858000	0.012437	0.000099	0.000067	0.000067
1.859000	0.012442	0.000100	0.000067	0.000067
1.860000	0.012447	0.000100	0.000067	0.000067
1.861000	0.012451	0.000100	0.000067	0.000067
1.862000	0.012456	0.000100	0.000067	0.000067
1.863000	0.012461	0.000100	0.000067	0.000067
1.864000	0.012465	0.000100	0.000067	0.000067
1.865000	0.012470	0.000100	0.000068	0.000068
1.866000	0.012475	0.000100	0.000068	0.000068
1.867000	0.012479	0.000100	0.000068	0.000068
1.868000	0.012484	0.000100	0.000068	0.000068
1.869000	0.012488	0.000100	0.000068	0.000068
1.870000	0.012493	0.000100	0.000068	0.000068
1.871000	0.012498	0.000101	0.000068	0.000068
1.872000	0.012502	0.000101	0.000068	0.000068
1.873000	0.012507	0.000101	0.000068	0.000068
1.874000	0.012512	0.000101	0.000068	0.000068
1.875000	0.012516	0.000101	0.000069	0.000069
1.876000	0.012521	0.000101	0.000069	0.000069
1.877000	0.012525	0.000101	0.000069	0.000069
1.878000	0.012530	0.000101	0.000069	0.000069
1.879000	0.012535	0.000101	0.000069	0.000069
1.880000	0.012539	0.000101	0.000069	0.000069
1.881000	0.012544	0.000101	0.000069	0.000069
1.882000	0.012549	0.000102	0.000069	0.000069
1.883000	0.012553	0.000102	0.000069	0.000069
1.884000	0.012558	0.000102	0.000069	0.000069
1.885000	0.012562	0.000102	0.000070	0.000070
1.886000	0.012567	0.000102	0.000070	0.000070
1.887000	0.012572	0.000102	0.000070	0.000070
1.888000	0.012576	0.000102	0.000070	0.000070
1.889000	0.012581	0.000102	0.000070	0.000070
1.890000	0.012585	0.000102	0.000070	0.000070
1.891000	0.012590	0.000102	0.000070	0.000070
1.892000	0.012595	0.000102	0.000070	0.000070
1.893000	0.012599	0.000103	0.000070	0.000070
1.894000	0.012604	0.000103	0.000070	0.000070
1.895000	0.012608	0.000103	0.000071	0.000071
1.896000	0.012613	0.000103	0.000071	0.000071
1.897000	0.012618	0.000103	0.000071	0.000071
1.898000	0.012622	0.000103	0.000071	0.000071
1.899000	0.012627	0.000103	0.000071	0.000071
1.900000	0.012631	0.000103	0.000071	0.000071
1.901000	0.012636	0.000103	0.000071	0.000071
1.902000	0.012640	0.000103	0.000071	0.000071
1.903000	0.012645	0.000103	0.000071	0.000071
1.904000	0.012650	0.000104	0.000072	0.000072
1.905000	0.012654	0.000104	0.000072	0.000072
1.906000	0.012659	0.000104	0.000072	0.000072
1.907000	0.012663	0.000104	0.000072	0.000072
1.908000	0.012668	0.000104	0.000072	0.000072
1.909000	0.012672	0.000104	0.000072	0.000072
1.910000	0.012677	0.000104	0.000072	0.000072
1.911000	0.012682	0.000104	0.000072	0.000072
1.912000	0.012686	0.000104	0.000072	0.000072
1.913000	0.012691	0.000104	0.000072	0.000072
1.914000	0.012695	0.000104	0.000073	0.000073
1.915000	0.012700	0.000105	0.000073	0.000073
1.916000	0.012704	0.000105	0.000073	0.000073
1.917000	0.012709	0.000105	0.000073	0.000073
1.918000	0.012713	0.000105	0.000073	0.000073
1.919000	0.012718	0.000105	0.000073	0.000073
1.920000	0.012723	0.000105	0.000073	0.000073
1.921000	0.012727	0.000105	0.000073	0.000073
1.922000	0.012732	0.000105	0.000073	0.000073
1.923000	0.012736	0.000105	0.000073	0.000073
1.924000	0.012741	0.000105	0.000074	0.000074
1.925000	0.012745	0.000106	0.000074	0.000074
1.926000	0.012750	0.000106	0.000074	0.000074
1.927000	0.012754	0.000106	0.000074	0.000074
1.928000	0.012759	0.000106	0.000074	0.000074
1.929000	0.012763	0.000106	0.000074	0.000074
1.930000	0.012768	0.000106	0.000074	0.000074
1.931000	0.012772	0.000106	0.000074	0.000074
1.932000	0.012777	0.000106	0.000074	0.000074
1.933000	0.012782	0.000106	0.000075	0.000075
1.934000	0.012786	0.000106	0.000075	0.000075
1.935000	0.012791	0.000106	0.000075	0.000075
1.936000	0.012795	0.000107	0.000075	0.000075
1.937000	0.012800	0.000107	0.000075	0.000075
1.938000	0.012804	0.000107	0.000075	0.000075
1.939000	0.012809	0.000107	0.000075	0.000075
1.940000	0.012813	0.000107	0.000075	0.000075
1.941000	0.012818	0.000107	0.000075	0.000075
1.942000	0.012822	0.000107	0.000076	0.000076
1.943000	0.012827	0.000107	0.000076	0.000076
1.944000	0.012831	0.000107	0.000076	0.000076
1.945000	0.012836	0.000107	0.000076	0.000076
1.946000	0.012840	0.000107	0.000076	0.000076
1.947000	0.012845	0.000108	0.000076	0.000076
1.948000	0.012849	0.000108	0.000076	0.000076
1.949000	0.012854	0.000108	0.000076	0.000076
1.950000	0.012858	0.000108	0.000076	0.000076
1.951000	0.012863	0.000108	0.000076	0.000076
1.952000	0.012867	0.000108	0.000077	0.000077
1.953000	0.012872	0.000108	0.000077	0.000077
1.954000	0.012876	0.000108	0.000077	0.000077
1.955000	0.012881	0.000108	0.000077	0.000077
1.956000	0.012885	0.000108	0.000077	0.000077
1.957000	0.012890	0.000108	0.000077	0.000077
1.958000	0.012894	0.000109	0.000077	0.000077
1.959000	0.012899	0.000109	0.000077	0.000077
1.960000	0.012903	0.000109	0.000077	0.000077
1.961000	0.012908	0.000109	0.000078	0.000078
1.962000	0.012912	0.000109	0.000078	0.000078
1.963000	0.012917	0.000109	0.000078	0.000078
1.964000	0.012921	0.000109	0.000078	0.000078
1.965000	0.012925	0.000109	0.000078	0.000078
1.966000	0.012930	0.000109	0.000078	0.000078
1.967000	0.012934	0.000109	0.000078	0.000078
1.968000	0.012939	0.000109	0.000078	0.000078
1.969000	0.012943	0.000110	0.000078	0.000078
1.970000	0.012948	0.000110	0.000079	0.000079
1.971000	0.012952	0.000110	0.000079	0.000079
1.972000	0.012957	0.000110	0.000079	0.000079
1.973000	0.012961	0.000110	0.000079	0.000079
1.974000	0.012966	0.000110	0.000079	0.000079
1.975000	0.012970	0.000110	0.000079	0.000079
1.976000	0.012975	0.000110	0.000079	0.000079
1.977000	0.012979	0.000110	0.000079	0.000079
1.978000	0.012983	0.000110	0.000079	0.000079
1.979000	0.012988	0.000110	0.000080	0.000080
1.980000	0.012992	0.000111	0.000080	0.000080
1.981000	0.012997	0.000111	0.000080	0.000080
1.982000	0.013001	0.000111	0.000080	0.000080
1.983000	0.013006	0.000111	0.000080	0.000080
1.984000	0.013010	0.000111	0.000080	0.000080
1.985000	0.013015	0.000111	0.000080	0.000080
1.986000	0.013019	0.000111	0.000080	0.000080
1.987000	0.013023	0.000111	0.000080	0.000080
1.988000	0.013028	0.000111	0.000081	0.000081
1.989000	0.013032	0.000111	0.000081	0.000081
1.990000	0.013037	0.000112	0.000081	0.000081
1.991000	0.013041	0.000112	0.000081	0.000081
1.992000	0.013046	0.000112	0.000081	0.000081
1.993000	0.013050	0.000112	0.000081	0.000081
1.994000	0.013054	0.000112	0.000081	0.000081
1.995000	0.013059	0.000112	0.000081	0.000081
1.996000	0.013063	0.000112	0.000081	0.000081
1.997000	0.013068	0.000112	0.000082	0.000082
1.998000	0.013072	0.000112	0.000082	0.000082
1.999000	0.013077	0.000112	0.000082	0.000082
2.000000	0.013081	0.000112	0.000082	0.000082
2.001000	0.013085	0.000113	0.000082	0.000082
2.002000	0.013090	0.000113	0.000082	0.000082
2.003000	0.013094	0.000113	0.000082	0.000082
2.004000	0.013099	0.000113	0.000082	0.000082
2.005000	0.013103	0.000113	0.000082	0.000082
2.006000	0.013107	0.000113	0.000083	0.000083
2.007000	0.013112	0.000113	0.000083	0.000083
2.008000	0.013116	0.000113	0.000083	0.000083
2.009000	0.013121	0.000113	0.000083	0.000083
2.010000	0.013125	0.000113	0.000083	0.000083
2.011000	0.013129	0.000113	0.000083	0.000083
2.012000	0.013134	0.000114	0.000083	0.000083
2.013000	0.013138	0.000114	0.000083	0.000083
2.014000	0.013143	0.000114	0.000083	0.000083
2.015000	0.013147	0.000114	0.000084	0.000084
2.016000	0.013151	0.000114	0.000084	0.000084
2.017000	0.013156	0.000114	0.000084	0.000084
2.018000	0.013160	0.000114	0.000084	0.000084
2.019000	0.013165	0.000114	0.000084	0.000084
2.020000	0.013169	0.000114	0.000084	0.000084
2.021000	0.013173	0.000114	0.000084	0.000084
2.022000	0.013178	0.000115	0.000084	0.000084
2.023000	0.013182	0.000115	0.000084	0.000084
2.024000	0.013186	0.000115	0.000085	0.000085
2.025000	0.013191	0.000115	0.000085	0.000085
2.026000	0.013195	0.000115	0.000085	0.000085
2.027000	0.013200	0.000115	0.000085	0.000085
2.028000	0.013204	0.000115	0.000085	0.000085
2.029000	0.013208	0.000115	0.000085	0.000085
2.030000	0.013213	0.000115	0.000085	0.000085
2.031000	0.013217	0.000115	0.000085	0.000085
2.032000	0.013221	0.000115	0.000086	0.000086
2.033000	0.013226	0.000116	0.000086	0.000086
2.034000	0.013230	0.000116	0.000086	0.000086
2.035000	0.013234	0.000116	0.000086	0.000086
2.036000	0.013239	0.000116	0.000086	0.000086
2.037000	0.013243	0.000116	0.000086	0.000086
2.038000	0.013248	0.000116	0.000086	0.000086
2.039000	0.013252	0.000116	0.000086	0.000086
2.040000	0.013256	0.000116	0.000086	0.000086
2.041000	0.013261	0.000116	0.000087	0.000087
2.042000	0.013265	0.000116	0.000087	0.000087
2.043000	0.013269	0.000116	0.000087	0.000087
2.044000	0.013274	0.000117	0.000087	0.000087
2.045000	0.013278	0.000117	0.000087	0.000087
2.046000	0.013282	0.000117	0.000087	0.000087
2.047000	0.013287	0.000117	0.000087	0.000087
2.048000	0.013291	0.000117	0.000087	0.000087
2.049000	0.013295	0.000117	0.000087	0.000087
2.050000	0.013300	0.000117	0.000088	0.000088
2.051000	0.013304	0.000117	0.000088	0.000088
2.052000	0.013308	0.000117	0.000088	0.000088
2.053000	0.013313	0.000117	0.000088	0.000088
2.054000	0.013317	0.000118	0.000088	0.000088
2.055000	0.013321	0.000118	0.000088	0.000088
2.056000	0.013326	0.000118	0.000088	0.000088
2.057000	0.013330	0.000118	0.000088	0.000088
2.058000	0.013334	0.000118	0.000089	0.000089
2.059000	0.013339	0.000118	0.000089	0.000089
2.060000	0.013343	0.000118	0.000089	0.000089
2.061000	0.013347	0.000118	0.000089	0.000089
2.062000	0.013352	0.000118	0.000089	0.000089
2.063000	0.013356	0.000118	0.000089	0.000089
2.064000	0.013360	0.000118	0.000089	0.000089
2.065000	0.013364	0.000119	0.000089	0.000089
2.066000	0.013369	0.000119	0.000090	0.000090
2.067000	0.013373	0.000119	0.000090	0.000090
2.068000	0.013377	0.000119	0.000090	0.000090
2.069000	0.013382	0.000119	0.000090	0.000090
2.070000	0.013386	0.000119	0.000090	0.000090
2.071000	0.013390	0.000119	0.000090	0.000090
2.072000	0.013395	0.000119	0.000090	0.000090
2.073000	0.013399	0.000119	0.000090	0.000090
2.074000	0.013403	0.000119	0.000090	0.000090
2.075000	0.013408	0.000120	0.000091	0.000091
2.076000	0.013412	0.000120	0.000091	0.000091
2.077000	0.013416	0.000120	0.000091	0.000091
2.078000	0.013420	0.000120	0.000091	0.000091
2.079000	0.013425	0.000120	0.000091	0.000091
2.080000	0.013429	0.000120	0.000091	0.000091
2.081000	0.013433	0.000120	0.000091	0.000091
2.082000	0.013438	0.000120	0.000091	0.000091
2.083000	0.013442	0.000120	0.000092	0.000092
2.084000	0.013446	0.000120	0.000092	0.000092
2.085000	0.013450	0.000120	0.000092	0.000092
2.086000	0.013455	0.000121	0.000092	0.000092
2.087000	0.013459	0.000121	0.000092	0.000092
2.088000	0.013463	0.000121	0.000092	0.000092
2.089000	0.013467	0.000121	0.000092	0.000092
2.090000	0.013472	0.000121	0.000092	0.000092
2.091000	0.013476	0.000121	0.000092	0.000092
2.092000	0.013480	0.000121	0.000093	0.000093
2.093000	0.013485	0.000121	0.000093	0.000093
2.094000	0.013489	0.000121	0.000093	0.000093
2.095000	0.013493	0.000121	0.000093	0.000093
2.096000	0.013497	0.000122	0.000093	0.000093
2.097000	0.013502	0.000122	0.000093	0.000093
2.098000	0.013506	0.000122	0.000093	0.000093
2.099000	0.013510	0.000122	0.000093	0.000093
2.100000	0.013514	0.000122	0.000094	0.000094
2.101000	0.013519	0.000122	0.000094	0.000094
2.102000	0.013523	0.000122	0.000094	0.000094
2.103000	0.013527	0.000122	0.000094	0.000094
2.104000	0.013531	0.000122	0.000094	0.000094
2.105000	0.013536	0.000122	0.000094	0.000094
2.106000	0.013540	0.000122	0.000094	0.000094
2.107000	0.013544	0.000123	0.000094	0.000094
2.108000	0.013548	0.000123	0.000095	0.000095
2.109000	0.013553	0.000123	0.000095	0.000095
2.110000	0.013557	0.000123	0.000095	0.000095
2.111000	0.013561	0.000123	0.000095	0.000095
2.112000	0.013565	0.000123	0.000095	0.000095
2.113000	0.013570	0.000123	0.000095	0.000095
2.114000	0.013574	0.000123	0.000095	0.000095
2.115000	0.013578	0.000123	0.000095	0.000095
2.116000	0.013582	0.000123	0.000096	0.000096
2.117000	0.013586	0.000124	0.000096	0.000096
2.118000	0.013591	0.000124	0.000096	0.000096
2.119000	0.013595	0.000124	0.000096	0.000096
2.120000	0.013599	0.000124	0.000096	0.000096
2.121000	0.013603	0.000124	0.000096	0.000096
2.122000	0.013608	0.000124	0.000096	0.000096
2.123000	0.013612	0.000124	0.000096	0.000096
2.124000	0.013616	0.000124	0.000097	0.000097
2.125000	0.013620	0.000124	0.000097	0.000097
2.126000	0.013624	0.000124	0.000097	0.000097
2.127000	0.013629	0.000124	0.000097	0.000097
2.128000	0.013633	0.000125	0.000097	0.000097
2.129000	0.013637	0.000125	0.000097	0.000097
2.130000	0.013641	0.000125	0.000097	0.000097
2.131000	0.013645	0.000125	0.000097	0.000097
2.132000	0.013650	0.000125	0.000098	0.000098
2.133000	0.013654	0.000125	0.000098	0.000098
2.134000	0.013658	0.000125	0.000098	0.000098
2.135000	0.013662	0.000125	0.000098	0.000098
2.136000	0.013666	0.000125	0.000098	0.000098
2.137000	0.013671	0.000125	0.000098	0.000098
2.138000	0.013675	0.000126	0.000098	0.000098
2.139000	0.013679	0.000126	0.000098	0.000098
2.140000	0.013683	0.000126	0.000099	0.000099
2.141000	0.013687	0.000126	0.000099	0.000099
2.142000	0.013692	0.000126	0.000099	0.000099
2.143000	0.013696	0.000126	0.000099	0.000099
2.144000	0.013700	0.000126	0.000099	0.000099
2.145000	0.013704	0.000126	0.000099	0.000099
2.146000	0.013708	0.000126	0.000099	0.000099
2.147000	0.013713	0.000126	0.000099	0.000099
2.148000	0.013717	0.000126	0.000100	0.000100
2.149000	0.013721	0.000127	0.000100	0.000100
2.150000	0.013725	0.000127	0.000100	0.000100
2.151000	0.013729	0.000127	0.000100	0.000100
2.152000	0.013733	0.000127	0.000100	0.000100
2.153000	0.013738	0.000127	0.000100	0.000100
2.154000	0.013742	0.000127	0.000100	0.000100
2.155000	0.013746	0.000127	0.000100	0.000100
2.156000	0.013750	0.000127	0.000101	0.000101
2.157000	0.013754	0.000127	0.000101	0.000101
2.158000	0.013758	0.000127	0.000101	0.000101
2.159000	0.013763	0.000128	0.000101	0.000101
2.160000	0.013767	0.000128	0.000101	0.000101
2.161000	0.013771	0.000128	0.000101	0.000101
2.162000	0.013775	0.000128	0.000101	0.000101
2.163000	0.013779	0.000128	0.000101	0.000101
2.164000	0.013783	0.000128	0.000102	0.000102
2.165000	0.013788	0.000128	0.000102	0.000102
2.166000	0.013792	0.000128	0.000102	0.000102
2.167000	0.013796	0.000128	0.000102	0.000102
2.168000	0.013800	0.000128	0.000102	0.000102
2.169000	0.013804	0.000129	0.000102	0.000102
2.170000	0.013808	0.000129	0.000102	0.000102
2.171000	0.013812	0.000129	0.000102	0.000102
2.172000	0.013817	0.000129	0.000103	0.000103
2.173000	0.013821	0.000129	0.000103	0.000103
2.174000	0.013825	0.000129	0.000103	0.000103
2.175000	0.013829	0.000129	0.000103	0.000103
2.176000	0.013833	0.000129	0.000103	0.000103
2.177000	0.013837	0.000129	0.000103	0.000103
2.178000	0.013841	0.000129	0.000103	0.000103
2.179000	0.013846	0.000129	0.000104	0.000104
2.180000	0.013850	0.000130	0.000104	0.000104
2.181000	0.013854	0.000130	0.000104	0.000104
2.182000	0.013858	0.000130	0.000104	0.000104
2.183000	0.013862	0.000130	0.000104	0.000104
2.184000	0.013866	0.000130	0.000104	0.000104
2.185000	0.013870	0.000130	0.000104	0.000104
2.186000	0.013874	0.000130	0.000104	0.000104
2.187000	0.013879	0.000130	0.000105	0.000105
2.188000	0.013883	0.000130	0.000105	0.000105
2.189000	0.013887	0.000130	0.000105	0.000105
2.190000	0.013891	0.000131	0.000105	0.000105
2.191000	0.013895	0.000131	0.000105	0.000105
2.192000	0.013899	0.000131	0.000105	0.000105
2.193000	0.013903	0.000131	0.000105	0.000105
2.194000	0.013907	0.000131	0.000105	0.000105
2.195000	0.013911	0.000131	0.000106	0.000106
2.196000	0.013916	0.000131	0.000106	0.000106
2.197000	0.013920	0.000131	0.000106	0.000106
2.198000	0.013924	0.000131	0.000106	0.000106
2.199000	0.013928	0.000131	0.000106	0.000106
2.200000	0.013932	0.000132	0.000106	0.000106
2.201000	0.013936	0.000132	0.000106	0.000106
2.202000	0.013940	0.000132	0.000107	0.000107
2.203000	0.013944	0.000132	0.000107	0.000107
2.204000	0.013948	0.000132	0.000107	0.000107
2.205000	0.013952	0.000132	0.000107	0.000107
2.206000	0.013957	0.000132	0.000107	0.000107
2.207000	0.013961	0.000132	0.000107	0.000107
2.208000	0.013965	0.000132	0.000107	0.000107
2.209000	0.013969	0.000132	0.000107	0.000107
2.210000	0.013973	0.000133	0.000108	0.000108
2.211000	0.013977	0.000133	0.000108	0.000108
2.212000	0.013981	0.000133	0.000108	0.000108
2.213000	0.013985	0.000133	0.000108	0.000108
2.214000	0.013989	0.000133	0.000108	0.000108
2.215000	0.013993	0.000133	0.000108	0.000108
2.216000	0.013997	0.000133	0.000108	0.000108
2.217000	0.014001	0.000133	0.000109	0.000109
2.218000	0.014006	0.000133	0.000109	0.000109
2.219000	0.014010	0.000133	0.000109	0.000109
2.220000	0.014014	0.000133	0.000109	0.000109
2.221000	0.014018	0.000134	0.000109	0.000109
2.222000	0.014022	0.000134	0.000109	0.000109
2.223000	0.014026	0.000134	0.000109	0.000109
2.224000	0.014030	0.000134	0.000109	0.000109
2.225000	0.014034	0.000134	0.000110	0.000110
2.226000	0.014038	0.000134	0.000110	0.000110
2.227000	0.014042	0.000134	0.000110	0.000110
2.228000	0.014046	0.000134	0.000110	0.000110
2.229000	0.014050	0.000134	0.000110	0.000110
2.230000	0.014054	0.000134	0.000110	0.000110
2.231000	0.014058	0.000135	0.000110	0.000110
2.232000	0.014062	0.000135	0.000111	0.000111
2.233000	0.014066	0.000135	0.000111	0.000111
2.234000	0.014070	0.000135	0.000111	0.000111
2.235000	0.014075	0.000135	0.000111	0.000111
2.236000	0.014079	0.000135	0.000111	0.000111
2.237000	0.014083	0.000135	0.000111	0.000111
2.238000	0.014087	0.000135	0.000111	0.000111
2.239000	0.014091	0.000135	0.000111	0.000111
2.240000	0.014095	0.000135	0.000112	0.000112
2.241000	0.014099	0.000136	0.000112	0.000112
2.242000	0.014103	0.000136	0.000112	0.000112
2.243000	0.014107	0.000136	0.000112	0.000112
2.244000	0.014111	0.000136	0.000112	0.000112
2.245000	0.014115	0.000136	0.000112	0.000112
2.246000	0.014119	0.000136	0.000112	0.000112
2.247000	0.014123	0.000136	0.000113	0.000113
2.248000	0.014127	0.000136	0.000113	0.000113
2.249000	0.014131	0.000136	0.000113	0.000113
2.250000	0.014135	0.000136	0.000113	0.000113
2.251000	0.014139	0.000137	0.000113	0.000113
2.252000	0.014143	0.000137	0.000113	0.000113
2.253000	0.014147	0.000137	0.000113	0.000113
2.254000	0.014151	0.000137	0.000114	0.000114
2.255000	0.014155	0.000137	0.000114	0.000114
2.256000	0.014159	0.000137	0.000114	0.000114
2.257000	0.014163	0.000137	0.000114	0.000114
2.258000	0.014167	0.000137	0.000114	0.000114
2.259000	0.014171	0.000137	0.000114	0.000114
2.260000	0.014175	0.000137	0.000114	0.000114
2.261000	0.014179	0.000138	0.000114	0.000114
2.262000	0.014183	0.000138	0.000115	0.000115
2.263000	0.014187	0.000138	0.000115	0.000115
2.264000	0.014191	0.000138	0.000115	0.000115
2.265000	0.014195	0.000138	0.000115	0.000115
2.266000	0.014199	0.000138	0.000115	0.000115
2.267000	0.014203	0.000138	0.000115	0.000115
2.268000	0.014207	0.000138	0.000115	0.000115
2.269000	0.014211	0.000138	0.000116	0.000116
2.270000	0.014215	0.000138	0.000116	0.000116
2.271000	0.014219	0.000139	0.000116	0.000116
2.272000	0.014223	0.000139	0.000116	0.000116
2.273000	0.014227	0.000139	0.000116	0.000116
2.274000	0.014231	0.000139	0.000116	0.000116
2.275000	0.014235	0.000139	0.000116	0.000116
2.276000	0.014239	0.000139	0.000117	0.000117
2.277000	0.014243	0.000139	0.000117	0.000117
2.278000	0.014247	0.000139	0.000117	0.000117
2.279000	0.014251	0.000139	0.000117	0.000117
2.280000	0.014255	0.000139	0.000117	0.000117
2.281000	0.014259	0.000139	0.000117	0.000117
2.282000	0.014263	0.000140	0.000117	0.000117
2.283000	0.014267	0.000140	0.000118	0.000118
2.284000	0.014271	0.000140	0.000118	0.000118
2.285000	0.014275	0.000140	0.000118	0.000118
2.286000	0.014279	0.000140	0.000118	0.000118
2.287000	0.014283	0.000140	0.000118	0.000118
2.288000	0.014287	0.000140	0.000118	0.000118
2.289000	0.014291	0.000140	0.000118	0.000118
2.290000	0.014295	0.000140	0.000118	0.000118
2.291000	0.014299	0.000140	0.000119	0.000119
2.292000	0.014303	0.000141	0.000119	0.000119
2.293000	0.014307	0.000141	0.000119	0.000119
2.294000	0.014311	0.000141	0.000119	0.000119
2.295000	0.014315	0.000141	0.000119	0.000119
2.296000	0.014319	0.000141	0.000119	0.000119
2.297000	0.014323	0.000141	0.000119	0.000119
2.298000	0.014326	0.000141	0.000120	0.000120
2.299000	0.014330	0.000141	0.000120	0.000120
2.300000	0.014334	0.000141	0.000120	0.000120
2.301000	0.014338	0.000141	0.000120	0.000120
2.302000	0.014342	0.000142	0.000120	0.000120
2.303000	0.014346	0.000142	0.000120	0.000120
2.304000	0.014350	0.000142	0.000120	0.000120
2.305000	0.014354	0.000142	0.000121	0.000121
2.306000	0.014358	0.000142	0.000121	0.000121
2.307000	0.014362	0.000142	0.000121	0.000121
2.308000	0.014366	0.000142	0.000121	0.000121
2.309000	0.014370	0.000142	0.000121	0.000121
2.310000	0.014374	0.000142	0.000121	0.000121
2.311000	0.014378	0.000142	0.000121	0.000121
2.312000	0.014382	0.000143	0.000122	0.000122
2.313000	0.014386	0.000143	0.000122	0.000122
2.314000	0.014390	0.000143	0.000122	0.000122
2.315000	0.014393	0.000143	0.000122	0.000122
2.316000	0.014397	0.000143	0.000122	0.000122
2.317000	0.014401	0.000143	0.000122	0.000122
2.318000	0.014405	0.000143	0.000122	0.000122
2.319000	0.014409	0.000143	0.000123	0.000123
2.320000	0.014413	0.000143	0.000123	0.000123
2.321000	0.014417	0.000143	0.000123	0.000123
2.322000	0.014421	0.000144	0.000123	0.000123
2.323000	0.014425	0.000144	0.000123	0.000123
2.324000	0.014429	0.000144	0.000123	0.000123
2.325000	0.014433	0.000144	0.000123	0.000123
2.326000	0.014437	0.000144	0.000124	0.000124
2.327000	0.014441	0.000144	0.000124	0.000124
2.328000	0.014444	0.000144	0.000124	0.000124
2.329000	0.014448	0.000144	0.000124	0.000124
2.330000	0.014452	0.000144	0.000124	0.000124
2.331000	0.014456	0.000144	0.000124	0.000124
2.332000	0.014460	0.000145	0.000124	0.000124
2.333000	0.014464	0.000145	0.000125	0.000125
2.334000	0.014468	0.000145	0.000125	0.000125
2.335000	0.014472	0.000145	0.000125	0.000125
2.336000	0.014476	0.000145	0.000125	0.000125
2.337000	0.014480	0.000145	0.000125	0.000125
2.338000	0.014483	0.000145	0.000125	0.000125
2.339000	0.014487	0.000145	0.000125	0.000125
2.340000	0.014491	0.000145	0.000126	0.000126
2.341000	0.014495	0.000145	0.000126	0.000126
2.342000	0.014499	0.000146	0.000126	0.000126
2.343000	0.014503	0.000146	0.000126	0.000126
2.344000	0.014507	0.000146	0.000126	0.000126
2.345000	0.014511	0.000146	0.000126	0.000126
2.346000	0.014515	0.000146	0.000127	0.000127
2.347000	0.014518	0.000146	0.000127	0.000127
2.348000	0.014522	0.000146	0.000127	0.000127
2.349000	0.014526	0.000146	0.000127	0.000127
2.350000	0.014530	0.000146	0.000127	0.000127
2.351000	0.014534	0.000146	0.000127	0.000127
2.352000	0.014538	0.000147	0.000127	0.000127
2.353000	0.014542	0.000147	0.000128	0.000128
2.354000	0.014546	0.000147	0.000128	0.000128
2.355000	0.014549	0.000147	0.000128	0.000128
2.356000	0.014553	0.000147	0.000128	0.000128
2.357000	0.014557	0.000147	0.000128	0.000128
2.358000	0.014561	0.000147	0.000128	0.000128
2.359000	0.014565	0.000147	0.000128	0.000128
2.360000	0.014569	0.000147	0.000129	0.000129
2.361000	0.014573	0.000147	0.000129	0.000129
2.362000	0.014577	0.000148	0.000129	0.000129
2.363000	0.014580	0.000148	0.000129	0.000129
2.364000	0.014584	0.000148	0.000129	0.000129
2.365000	0.014588	0.000148	0.000129	0.000129
2.366000	0.014592	0.000148	0.000129	0.000129
2.367000	0.014596	0.000148	0.000130	0.000130
2.368000	0.014600	0.000148	0.000130	0.000130
2.369000	0.014604	0.000148	0.000130	0.000130
2.370000	0.014607	0.000148	0.000130	0.000130
2.371000	0.014611	0.000148	0.000130	0.000130
2.372000	0.014615	0.000149	0.000130	0.000130
2.373000	0.014619	0.000149	0.000130	0.000130
2.374000	0.014623	0.000149	0.000131	0.000131
2.375000	0.014627	0.000149	0.000131	0.000131
2.376000	0.014630	0.000149	0.000131	0.000131
2.377000	0.014634	0.000149	0.000131	0.000131
2.378000	0.014638	0.000149	0.000131	0.000131
2.379000	0.014642	0.000149	0.000131	0.000131
2.380000	0.014646	0.000149	0.000132	0.000132
2.381000	0.014650	0.000149	0.000132	0.000132
2.382000	0.014653	0.000150	0.000132	0.000132
2.383000	0.014657	0.000150	0.000132	0.000132
2.384000	0.014661	0.000150	0.000132	0.000132
2.385000	0.014665	0.000150	0.000132	0.000132
2.386000	0.014669	0.000150	0.000132	0.000132
2.387000	0.014673	0.000150	0.000133	0.000133
2.388000	0.014676	0.000150	0.000133	0.000133
2.389000	0.014680	0.000150	0.000133	0.000133
2.390000	0.014684	0.000150	0.000133	0.000133
2.391000	0.014688	0.000150	0.000133	0.000133
2.392000	0.014692	0.000151	0.000133	0.000133
2.393000	0.014696	0.000151	0.000133	0.000133
2.394000	0.014699	0.000151	0.000134	0.000134
2.395000	0.014703	0.000151	0.000134	0.000134
2.396000	0.014707	0.000151	0.000134	0.000134
2.397000	0.014711	0.000151	0.000134	0.000134
2.398000	0.014715	0.000151	0.000134	0.000134
2.399000	0.014718	0.000151	0.000134	0.000134
2.400000	0.014722	0.000151	0.000135	0.000135
2.401000	0.014726	0.000151	0.000135	0.000135
2.402000	0.014730	0.000152	0.000135	0.000135
2.403000	0.014734	0.000152	0.000135	0.000135
2.404000	0.014737	0.000152	0.000135	0.000135
2.405000	0.014741	0.000152	0.000135	0.000135
2.406000	0.014745	0.000152	0.000135	0.000135
2.407000	0.014749	0.000152	0.000136	0.000136
2.408000	0.014753	0.000152	0.000136	0.000136
2.409000	0.014756	0.000152	0.000136	0.000136
2.410000	0.014760	0.000152	0.000136	0.000136
2.411000	0.014764	0.000152	0.000136	0.000136
2.412000	0.014768	0.000153	0.000136	0.000136
2.413000	0.014772	0.000153	0.000137	0.000137
2.414000	0.014775	0.000153	0.000137	0.000137
2.415000	0.014779	0.000153	0.000137	0.000137
2.416000	0.014783	0.000153	0.000137	0.000137
2.417000	0.014787	0.000153	0.000137	0.000137
2.418000	0.014790	0.000153	0.000137	0.000137
2.419000	0.014794	0.000153	0.000137	0.000137
2.420000	0.014798	0.000153	0.000138	0.000138
2.421000	0.014802	0.000153	0.000138	0.000138
2.422000	0.014806	0.000154	0.000138	0.000138
2.423000	0.014809	0.000154	0.000138	0.000138
2.424000	0.014813	0.000154	0.000138	0.000138
2.425000	0.014817	0.000154	0.000138	0.000138
2.426000	0.014821	0.000154	0.000139	0.000139
2.427000	0.014824	0.000154	0.000139	0.000139
2.428000	0.014828	0.000154	0.000139	0.000139
2.429000	0.014832	0.000154	0.000139	0.000139
2.430000	0.014836	0.000154	0.000139	0.000139
2.431000	0.014840	0.000155	0.000139	0.000139
2.432000	0.014843	0.000155	0.000139	0.000139
2.433000	0.014847	0.000155	0.000140	0.000140
2.434000	0.014851	0.000155	0.000140	0.000140
2.435000	0.014855	0.000155	0.000140	0.000140
2.436000	0.014858	0.000155	0.000140	0.000140
2.437000	0.014862	0.000155	0.000140	0.000140
2.438000	0.014866	0.000155	0.000140	0.000140
2.439000	0.014870	0.000155	0.000141	0.000141
2.440000	0.014873	0.000155	0.000141	0.000141
2.441000	0.014877	0.000156	0.000141	0.000141
2.442000	0.014881	0.000156	0.000141	0.000141
2.443000	0.014885	0.000156	0.000141	0.000141
2.444000	0.014888	0.000156	0.000141	0.000141
2.445000	0.014892	0.000156	0.000141	0.000141
2.446000	0.014896	0.000156	0.000142	0.000142
2.447000	0.014900	0.000156	0.000142	0.000142
2.448000	0.014903	0.000156	0.000142	0.000142
2.449000	0.014907	0.000156	0.000142	0.000142
2.450000	0.014911	0.000156	0.000142	0.000142
2.451000	0.014915	0.000157	0.000142	0.000142
2.452000	0.014918	0.000157	0.000143	0.000143
2.453000	0.014922	0.000157	0.000143	0.000143
2.454000	0.014926	0.000157	0.000143	0.000143
2.455000	0.014929	0.000157	0.000143	0.000143
2.456000	0.014933	0.000157	0.000143	0.000143
2.457000	0.014937	0.000157	0.000143	0.000143
2.458000	0.014941	0.000157	0.000143	0.000143
2.459000	0.014944	0.000157	0.000144	0.000144
2.460000	0.014948	0.000157	0.000144	0.000144
2.461000	0.014952	0.000158	0.000144	0.000144
2.462000	0.014956	0.000158	0.000144	0.000144
2.463000	0.014959	0.000158	0.000144	0.000144
2.464000	0.014963	0.000158	0.000144	0.000144
2.465000	0.014967	0.000158	0.000145	0.000145
2.466000	0.014970	0.000158	0.000145	0.000145
2.467000	0.014974	0.000158	0.000145	0.000145
2.468000	0.014978	0.000158	0.000145	0.000145
2.469000	0.014982	0.000158	0.000145	0.000145
2.470000	0.014985	0.000158	0.000145	0.000145
2.471000	0.014989	0.000159	0.000146	0.000146
2.472000	0.014993	0.000159	0.000146	0.000146
2.473000	0.014996	0.000159	0.000146	0.000146
2.474000	0.015000	0.000159	0.000146	0.000146
2.475000	0.015004	0.000159	0.000146	0.000146
2.476000	0.015007	0.000159	0.000146	0.000146
2.477000	0.015011	0.000159	0.000146	0.000146
2.478000	0.015015	0.000159	0.000147	0.000147
2.479000	0.015019	0.000159	0.000147	0.000147
2.480000	0.015022	0.000159	0.000147	0.000147
2.481000	0.015026	0.000160	0.000147	0.000147
2.482000	0.015030	0.000160	0.000147	0.000147
2.483000	0.015033	0.000160	0.000147	0.000147
2.484000	0.015037	0.000160	0.000148	0.000148
2.485000	0.015041	0.000160	0.000148	0.000148
2.486000	0.015044	0.000160	0.000148	0.000148
2.487000	0.015048	0.000160	0.000148	0.000148
2.488000	0.015052	0.000160	0.000148	0.000148
2.489000	0.015055	0.000160	0.000148	0.000148
2.490000	0.015059	0.000161	0.000149	0.000149
2.491000	0.015063	0.000161	0.000149	0.000149
2.492000	0.015067	0.000161	0.000149	0.000149
2.493000	0.015070	0.000161	0.000149	0.000149
2.494000	0.015074	0.000161	0.000149	0.000149
2.495000	0.015078	0.000161	0.000149	0.000149
2.496000	0.015081	0.000161	0.000150	0.000150
2.497000	0.015085	0.000161	0.000150	0.000150
2.498000	0.015089	0.000161	0.000150	0.000150
2.499000	0.015092	0.000161	0.000150	0.000150
2.500000	0.015096	0.000162	0.000150	0.000150
2.501000	0.015100	0.000162	0.000150	0.000150
2.502000	0.015103	0.000162	0.000151	0.000151
2.503000	0.015107	0.000162	0.000151	0.000151
2.504000	0.015111	0.000162	0.000151	0.000151
2.505000	0.015114	0.000162	0.000151	0.000151
2.506000	0.015118	0.000162	0.000151	0.000151
2.507000	0.015122	0.000162	0.000151	0.000151
2.508000	0.015125	0.000162	0.000151	0.000151
2.509000	0.015129	0.000162	0.000152	0.000152
2.510000	0.015133	0.000163	0.000152	0.000152
2.511000	0.015136	0.000163	0.000152	0.000152
2.512000	0.015140	0.000163	0.000152	0.000152
2.513000	0.015143	0.000163	0.000152	0.000152
2.514000	0.015147	0.000163	0.000152	0.000152
2.515000	0.015151	0.000163	0.000153	0.000153
2.516000	0.015154	0.000163	0.000153	0.000153
2.517000	0.015158	0.000163	0.000153	0.000153
2.518000	0.015162	0.000163	0.000153	0.000153
2.519000	0.015165	0.000163	0.000153	0.000153
2.520000	0.015169	0.000164	0.000153	0.000153
2.521000	0.015173	0.000164	0.000154	0.000154
2.522000	0.015176	0.000164	0.000154	0.000154
2.523000	0.015180	0.000164	0.000154	0.000154
2.524000	0.015184	0.000164	0.000154	0.000154
2.525000	0.015187	0.000164	0.000154	0.000154
2.526000	0.015191	0.000164	0.000154	0.000154
2.527000	0.015194	0.000164	0.000155	0.000155
2.528000	0.015198	0.000164	0.000155	0.000155
2.529000	0.015202	0.000165	0.000155	0.000155
2.530000	0.015205	0.000165	0.000155	0.000155
2.531000	0.015209	0.000165	0.000155	0.000155
2.532000	0.015213	0.000165	0.000155	0.000155
2.533000	0.015216	0.000165	0.000156	0.000156
2.534000	0.015220	0.000165	0.000156	0.000156
2.535000	0.015223	0.000165	0.000156	0.000156
2.536000	0.015227	0.000165	0.000156	0.000156
2.537000	0.015231	0.000165	0.000156	0.000156
2.538000	0.015234	0.000165	0.000156	0.000156
2.539000	0.015238	0.000166	0.000157	0.000157
2.540000	0.015242	0.000166	0.000157	0.000157
2.541000	0.015245	0.000166	0.000157	0.000157
2.542000	0.015249	0.000166	0.000157	0.000157
2.543000	0.015252	0.000166	0.000157	0.000157
2.544000	0.015256	0.000166	0.000157	0.000157
2.545000	0.015260	0.000166	0.000158	0.000158
2.546000	0.015263	0.000166	0.000158	0.000158
2.547000	0.015267	0.000166	0.000158	0.000158
2.548000	0.015270	0.000166	0.000158	0.000158
2.549000	0.015274	0.000167	0.000158	0.000158
2.550000	0.015278	0.000167	0.000158	0.000158
2.551000	0.015281	0.000167	0.000159	0.000159
2.552000	0.015285	0.000167	0.000159	0.000159
2.553000	0.015288	0.000167	0.000159	0.000159
2.554000	0.015292	0.000167	0.000159	0.000159
2.555000	0.015296	0.000167	0.000159	0.000159
2.556000	0.015299	0.000167	0.000159	0.000159
2.557000	0.015303	0.000167	0.000160	0.000160
2.558000	0.015306	0.000167	0.000160	0.000160
2.559000	0.015310	0.000168	0.000160	0.000160
2.560000	0.015314	0.000168	0.000160	0.000160
2.561000	0.015317	0.000168	0.000160	0.000160
2.562000	0.015321	0.000168	0.000160	0.000160
2.563000	0.015324	0.000168	0.000161	0.000161
2.564000	0.015328	0.000168	0.000161	0.000161
2.565000	0.015331	0.000168	0.000161	0.000161
2.566000	0.015335	0.000168	0.000161	0.000161
2.567000	0.015339	0.000168	0.000161	0.000161
2.568000	0.015342	0.000169	0.000161	0.000161
2.569000	0.015346	0.000169	0.000162	0.000162
2.570000	0.015349	0.000169	0.000162	0.000162
2.571000	0.015353	0.000169	0.000162	0.000162
2.572000	0.015357	0.000169	0.000162	0.000162
2.573000	0.015360	0.000169	0.000162	0.000162
2.574000	0.015364	0.000169	0.000162	0.000162
2.575000	0.015367	0.000169	0.000163	0.000163
2.576000	0.015371	0.000169	0.000163	0.000163
2.577000	0.015374	0.000169	0.000163	0.000163
2.578000	0.015378	0.000170	0.000163	0.000163
2.579000	0.015381	0.000170	0.000163	0.000163
2.580000	0.015385	0.000170	0.000163	0.000163
2.581000	0.015389	0.000170	0.000164	0.000164
2.582000	0.015392	0.000170	0.000164	0.000164
2.583000	0.015396	0.000170	0.000164	0.000164
2.584000	0.015399	0.000170	0.000164	0.000164
2.585000	0.015403	0.000170	0.000164	0.000164
2.586000	0.015406	0.000170	0.000164	0.000164
2.587000	0.015410	0.000170	0.000165	0.000165
2.588000	0.015413	0.000171	0.000165	0.000165
2.589000	0.015417	0.000171	0.000165	0.000165
2.590000	0.015421	0.000171	0.000165	0.000165
2.591000	0.015424	0.000171	0.000165	0.000165
2.592000	0.015428	0.000171	0.000165	0.000165
2.593000	0.015431	0.000171	0.000166	0.000166
2.594000	0.015435	0.000171	0.000166	0.000166
2.595000	0.015438	0.000171	0.000166	0.000166
2.596000	0.015442	0.000171	0.000166	0.000166
2.597000	0.015445	0.000172	0.000166	0.000166
2.598000	0.015449	0.000172	0.000167	0.000167
2.599000	0.015452	0.000172	0.000167	0.000167
2.600000	0.015456	0.000172	0.000167	0.000167
2.601000	0.015460	0.000172	0.000167	0.000167
2.602000	0.015463	0.000172	0.000167	0.000167
2.603000	0.015467	0.000172	0.000167	0.000167
2.604000	0.015470	0.000172	0.000168	0.000168
2.605000	0.015474	0.000172	0.000168	0.000168
2.606000	0.015477	0.000172	0.000168	0.000168
2.607000	0.015481	0.000173	0.000168	0.000168
2.608000	0.015484	0.000173	0.000168	0.000168
2.609000	0.015488	0.000173	0.000168	0.000168
2.610000	0.015491	0.000173	0.000169	0.000169
2.611000	0.015495	0.000173	0.000169	0.000169
2.612000	0.015498	0.000173	0.000169	0.000169
2.613000	0.015502	0.000173	0.000169	0.000169
2.614000	0.015505	0.000173	0.000169	0.000169
2.615000	0.015509	0.000173	0.000169	0.000169
2.616000	0.015512	0.000173	0.000170	0.000170
2.617000	0.015516	0.000174	0.000170	0.000170
2.618000	0.015519	0.000174	0.000170	0.000170
2.619000	0.015523	0.000174	0.000170	0.000170
2.620000	0.015526	0.000174	0.000170	0.000170
2.621000	0.015530	0.000174	0.000170	0.000170
2.622000	0.015533	0.000174	0.000171	0.000171
2.623000	0.015537	0.000174	0.000171	0.000171
2.624000	0.015540	0.000174	0.000171	0.000171
2.625000	0.015544	0.000174	0.000171	0.000171
2.626000	0.015547	0.000175	0.000171	0.000171
2.627000	0.015551	0.000175	0.000172	0.000172
2.628000	0.015554	0.000175	0.000172	0.000172
2.629000	0.015558	0.000175	0.000172	0.000172
2.630000	0.015561	0.000175	0.000172	0.000172
2.631000	0.015565	0.000175	0.000172	0.000172
2.632000	0.015568	0.000175	0.000172	0.000172
2.633000	0.015572	0.000175	0.000173	0.000173
2.634000	0.015575	0.000175	0.000173	0.000173
2.635000	0.015579	0.000175	0.000173	0.000173
2.636000	0.015582	0.000176	0.000173	0.000173
2.637000	0.015586	0.000176	0.000173	0.000173
2.638000	0.015589	0.000176	0.000173	0.000173
2.639000	0.015593	0.000176	0.000174	0.000174
2.640000	0.015596	0.000176	0.000174	0.000174
2.641000	0.015600	0.000176	0.000174	0.000174
2.642000	0.015603	0.000176	0.000174	0.000174
2.643000	0.015607	0.000176	0.000174	0.000174
2.644000	0.015610	0.000176	0.000175	0.000175
2.645000	0.015614	0.000177	0.000175	0.000175
2.646000	0.015617	0.000177	0.000175	0.000175
2.647000	0.015621	0.000177	0.000175	0.000175
2.648000	0.015624	0.000177	0.000175	0.000175
2.649000	0.015628	0.000177	0.000175	0.000175
2.650000	0.015631	0.000177	0.000176	0.000176
2.651000	0.015635	0.000177	0.000176	0.000176
2.652000	0.015638	0.000177	0.000176	0.000176
2.653000	0.015642	0.000177	0.000176	0.000176
2.654000	0.015645	0.000177	0.000176	0.000176
2.655000	0.015648	0.000178	0.000176	0.000176
2.656000	0.015652	0.000178	0.000177	0.000177
2.657000	0.015655	0.000178	0.000177	0.000177
2.658000	0.015659	0.000178	0.000177	0.000177
2.659000	0.015662	0.000178	0.000177	0.000177
2.660000	0.015666	0.000178	0.000177	0.000177
2.661000	0.015669	0.000178	0.000178	0.000178
2.662000	0.015673	0.000178	0.000178	0.000178
2.663000	0.015676	0.000178	0.000178	0.000178
2.664000	0.015680	0.000178	0.000178	0.000178
2.665000	0.015683	0.000179	0.000178	0.000178
2.666000	0.015686	0.000179	0.000178	0.000178
2.667000	0.015690	0.000179	0.000179	0.000179
2.668000	0.015693	0.000179	0.000179	0.000179
2.669000	0.015697	0.000179	0.000179	0.000179
2.670000	0.015700	0.000179	0.000179	0.000179
2.671000	0.015704	0.000179	0.000179	0.000179
2.672000	0.015707	0.000179	0.000179	0.000179
2.673000	0.015711	0.000179	0.000180	0.000180
2.674000	0.015714	0.000180	0.000180	0.000180
2.675000	0.015717	0.000180	0.000180	0.000180
2.676000	0.015721	0.000180	0.000180	0.000180
2.677000	0.015724	0.000180	0.000180	0.000180
2.678000	0.015728	0.000180	0.000181	0.000181
2.679000	0.015731	0.000180	0.000181	0.000181
2.680000	0.015735	0.000180	0.000181	0.000181
2.681000	0.015738	0.000180	0.000181	0.000181
2.682000	0.015741	0.000180	0.000181	0.000181
2.683000	0.015745	0.000180	0.000181	0.000181
2.684000	0.015748	0.000181	0.000182	0.000182
2.685000	0.015752	0.000181	0.000182	0.000182
2.686000	0.015755	0.000181	0.000182	0.000182
2.687000	0.015759	0.000181	0.000182	0.000182
2.688000	0.015762	0.000181	0.000182	0.000182
2.689000	0.015765	0.000181	0.000183	0.000183
2.690000	0.015769	0.000181	0.000183	0.000183
2.691000	0.015772	0.000181	0.000183	0.000183
2.692000	0.015776	0.000181	0.000183	0.000183
2.693000	0.015779	0.000182	0.000183	0.000183
2.694000	0.015783	0.000182	0.000183	0.000183
2.695000	0.015786	0.000182	0.000184	0.000184
2.696000	0.015789	0.000182	0.000184	0.000184
2.697000	0.015793	0.000182	0.000184	0.000184
2.698000	0.015796	0.000182	0.000184	0.000184
2.699000	0.015800	0.000182	0.000184	0.000184
2.700000	0.015803	0.000182	0.000185	0.000185
2.701000	0.015806	0.000182	0.000185	0.000185
2.702000	0.015810	0.000182	0.000185	0.000185
2.703000	0.015813	0.000183	0.000185	0.000185
2.704000	0.015817	0.000183	0.000185	0.000185
2.705000	0.015820	0.000183	0.000185	0.000185
2.706000	0.015823	0.000183	0.000186	0.000186
2.707000	0.015827	0.000183	0.000186	0.000186
2.708000	0.015830	0.000183	0.000186	0.000186
2.709000	0.015834	0.000183	0.000186	0.000186
2.710000	0.015837	0.000183	0.000186	0.000186
2.711000	0.015840	0.000183	0.000187	0.000187
2.712000	0.015844	0.000184	0.000187	0.000187
2.713000	0.015847	0.000184	0.000187	0.000187
2.714000	0.015851	0.000184	0.000187	0.000187
2.715000	0.015854	0.000184	0.000187	0.000187
2.716000	0.015857	0.000184	0.000187	0.000187
2.717000	0.015861	0.000184	0.000188	0.000188
2.718000	0.015864	0.000184	0.000188	0.000188
2.719000	0.015868	0.000184	0.000188	0.000188
2.720000	0.015871	0.000184	0.000188	0.000188
2.721000	0.015874	0.000184	0.000188	0.000188
2.722000	0.015878	0.000185	0.000189	0.000189
2.723000	0.015881	0.000185	0.000189	0.000189
2.724000	0.015884	0.000185	0.000189	0.000189
2.725000	0.015888	0.000185	0.000189	0.000189
2.726000	0.015891	0.000185	0.000189	0.000189
2.727000	0.015895	0.000185	0.000190	0.000190
2.728000	0.015898	0.000185	0.000190	0.000190
2.729000	0.015901	0.000185	0.000190	0.000190
2.730000	0.015905	0.000185	0.000190	0.000190
2.731000	0.015908	0.000186	0.000190	0.000190
2.732000	0.015911	0.000186	0.000190	0.000190
2.733000	0.015915	0.000186	0.000191	0.000191
2.734000	0.015918	0.000186	0.000191	0.000191
2.735000	0.015921	0.000186	0.000191	0.000191
2.736000	0.015925	0.000186	0.000191	0.000191
2.737000	0.015928	0.000186	0.000191	0.000191
2.738000	0.015932	0.000186	0.000192	0.000192
2.739000	0.015935	0.000186	0.000192	0.000192
2.740000	0.015938	0.000186	0.000192	0.000192
2.741000	0.015942	0.000187	0.000192	0.000192
2.742000	0.015945	0.000187	0.000192	0.000192
2.743000	0.015948	0.000187	0.000192	0.000192
2.744000	0.015952	0.000187	0.000193	0.000193
2.745000	0.015955	0.000187	0.000193	0.000193
2.746000	0.015958	0.000187	0.000193	0.000193
2.747000	0.015962	0.000187	0.000193	0.000193
2.748000	0.015965	0.000187	0.000193	0.000193
2.749000	0.015968	0.000187	0.000194	0.000194
2.750000	0.015972	0.000188	0.000194	0.000194
2.751000	0.015975	0.000188	0.000194	0.000194
2.752000	0.015978	0.000188	0.000194	0.000194
2.753000	0.015982	0.000188	0.000194	0.000194
2.754000	0.015985	0.000188	0.000195	0.000195
2.755000	0.015988	0.000188	0.000195	0.000195
2.756000	0.015992	0.000188	0.000195	0.000195
2.757000	0.015995	0.000188	0.000195	0.000195
2.758000	0.015998	0.000188	0.000195	0.000195
2.759000	0.016002	0.000188	0.000195	0.000195
2.760000	0.016005	0.000189	0.000196	0.000196
2.761000	0.016008	0.000189	0.000196	0.000196
2.762000	0.016012	0.000189	0.000196	0.000196
2.763000	0.016015	0.000189	0.000196	0.000196
2.764000	0.016018	0.000189	0.000196	0.000196
2.765000	0.016022	0.000189	0.000197	0.000197
2.766000	0.016025	0.000189	0.000197	0.000197
2.767000	0.016028	0.000189	0.000197	0.000197
2.768000	0.016032	0.000189	0.000197	0.000197
2.769000	0.016035	0.000190	0.000197	0.000197
2.770000	0.016038	0.000190	0.000198	0.000198
2.771000	0.016042	0.000190	0.000198	0.000198
2.772000	0.016045	0.000190	0.000198	0.000198
2.773000	0.016048	0.000190	0.000198	0.000198
2.774000	0.016052	0.000190	0.000198	0.000198
2.775000	0.016055	0.000190	0.000199	0.000199
2.776000	0.016058	0.000190	0.000199	0.000199
2.777000	0.016062	0.000190	0.000199	0.000199
2.778000	0.016065	0.000190	0.000199	0.000199
2.779000	0.016068	0.000191	0.000199	0.000199
2.780000	0.016072	0.000191	0.000199	0.000199
2.781000	0.016075	0.000191	0.000200	0.000200
2.782000	0.016078	0.000191	0.000200	0.000200
2.783000	0.016081	0.000191	0.000200	0.000200
2.784000	0.016085	0.000191	0.000200	0.000200
2.785000	0.016088	0.000191	0.000200	0.000200
2.786000	0.016091	0.000191	0.000201	0.000201
2.787000	0.016095	0.000191	0.000201	0.000201
2.788000	0.016098	0.000192	0.000201	0.000201
2.789000	0.016101	0.000192	0.000201	0.000201
2.790000	0.016105	0.000192	0.000201	0.000201
2.791000	0.016108	0.000192	0.000202	0.000202
2.792000	0.016111	0.000192	0.000202	0.000202
2.793000	0.016114	0.000192	0.000202	0.000202
2.794000	0.016118	0.000192	0.000202	0.000202
2.795000	0.016121	0.000192	0.000202	0.000202
2.796000	0.016124	0.000192	0.000203	0.000203
2.797000	0.016128	0.000192	0.000203	0.000203
2.798000	0.016131	0.000193	0.000203	0.000203
2.799000	0.016134	0.000193	0.000203	0.000203
2.800000	0.016137	0.000193	0.000203	0.000203
2.801000	0.016141	0.000193	0.000203	0.000203
2.802000	0.016144	0.000193	0.000204	0.000204
2.803000	0.016147	0.000193	0.000204	0.000204
2.804000	0.016151	0.000193	0.000204	0.000204
2.805000	0.016154	0.000193	0.000204	0.000204
2.806000	0.016157	0.000193	0.000204	0.000204
2.807000	0.016160	0.000194	0.000205	0.000205
2.808000	0.016164	0.000194	0.000205	0.000205
2.809000	0.016167	0.000194	0.000205	0.000205
2.810000	0.016170	0.000194	0.000205	0.000205
2.811000	0.016173	0.000194	0.000205	0.000205
2.812000	0.016177	0.000194	0.000206	0.000206
2.813000	0.016180	0.000194	0.000206	0.000206
2.814000	0.016183	0.000194	0.000206	0.000206
2.815000	0.016187	0.000194	0.000206	0.000206
2.816000	0.016190	0.000194	0.000206	0.000206
2.817000	0.016193	0.000195	0.000207	0.000207
2.818000	0.016196	0.000195	0.000207	0.000207
2.819000	0.016200	0.000195	0.000207	0.000207
2.820000	0.016203	0.000195	0.000207	0.000207
2.821000	0.016206	0.000195	0.000207	0.000207
2.822000	0.016209	0.000195	0.000208	0.000208
2.823000	0.016213	0.000195	0.000208	0.000208
2.824000	0.016216	0.000195	0.000208	0.000208
2.825000	0.016219	0.000195	0.000208	0.000208
2.826000	0.016222	0.000196	0.000208	0.000208
2.827000	0.016226	0.000196	0.000209	0.000209
2.828000	0.016229	0.000196	0.000209	0.000209
2.829000	0.016232	0.000196	0.000209	0.000209
2.830000	0.016235	0.000196	0.000209	0.000209
2.831000	0.016239	0.000196	0.000209	0.000209
2.832000	0.016242	0.000196	0.000210	0.000210
2.833000	0.016245	0.000196	0.000210	0.000210
2.834000	0.016248	0.000196	0.000210	0.000210
2.835000	0.016252	0.000196	0.000210	0.000210
2.836000	0.016255	0.000197	0.000210	0.000210
2.837000	0.016258	0.000197	0.000211	0.000211
2.838000	0.016261	0.000197	0.000211	0.000211
2.839000	0.016265	0.000197	0.000211	0.000211
2.840000	0.016268	0.000197	0.000211	0.000211
2.841000	0.016271	0.000197	0.000211	0.000211
2.842000	0.016274	0.000197	0.000211	0.000211
2.843000	0.016277	0.000197	0.000212	0.000212
2.844000	0.016281	0.000197	0.000212	0.000212
2.845000	0.016284	0.000198	0.000212	0.000212
2.846000	0.016287	0.000198	0.000212	0.000212
2.847000	0.016290	0.000198	0.000212	0.000212
2.848000	0.016294	0.000198	0.000213	0.000213
2.849000	0.016297	0.000198	0.000213	0.000213
2.850000	0.016300	0.000198	0.000213	0.000213
2.851000	0.016303	0.000198	0.000213	0.000213
2.852000	0.016306	0.000198	0.000213	0.000213
2.853000	0.016310	0.000198	0.000214	0.000214
2.854000	0.016313	0.000199	0.000214	0.000214
2.855000	0.016316	0.000199	0.000214	0.000214
2.856000	0.016319	0.000199	0.000214	0.000214
2.857000	0.016323	0.000199	0.000214	0.000214
2.858000	0.016326	0.000199	0.000215	0.000215
2.859000	0.016329	0.000199	0.000215	0.000215
2.860000	0.016332	0.000199	0.000215	0.000215
2.861000	0.016335	0.000199	0.000215	0.000215
2.862000	0.016339	0.000199	0.000215	0.000215
2.863000	0.016342	0.000199	0.000216	0.000216
2.864000	0.016345	0.000200	0.000216	0.000216
2.865000	0.016348	0.000200	0.000216	0.000216
2.866000	0.016351	0.000200	0.000216	0.000216
2.867000	0.016355	0.000200	0.000216	0.000216
2.868000	0.016358	0.000200	0.000217	0.000217
2.869000	0.016361	0.000200	0.000217	0.000217
2.870000	0.016364	0.000200	0.000217	0.000217
2.871000	0.016367	0.000200	0.000217	0.000217
2.872000	0.016371	0.000200	0.000217	0.000217
2.873000	0.016374	0.000201	0.000218	0.000218
2.874000	0.016377	0.000201	0.000218	0.000218
2.875000	0.016380	0.000201	0.000218	0.000218
2.876000	0.016383	0.000201	0.000218	0.000218
2.877000	0.016387	0.000201	0.000218	0.000218
2.878000	0.016390	0.000201	0.000219	0.000219
2.879000	0.016393	0.000201	0.000219	0.000219
2.880000	0.016396	0.000201	0.000219	0.000219
2.881000	0.016399	0.000201	0.000219	0.000219
2.882000	0.016403	0.000201	0.000219	0.000219
2.883000	0.016406	0.000202	0.000220	0.000220
2.884000	0.016409	0.000202	0.000220	0.000220
2.885000	0.016412	0.000202	0.000220	0.000220
2.886000	0.016415	0.000202	0.000220	0.000220
2.887000	0.016418	0.000202	0.000220	0.000220
2.888000	0.016422	0.000202	0.000221	0.000221
2.889000	0.016425	0.000202	0.000221	0.000221
2.890000	0.016428	0.000202	0.000221	0.000221
2.891000	0.016431	0.000202	0.000221	0.000221
2.892000	0.016434	0.000203	0.000221	0.000221
2.893000	0.016437	0.000203	0.000222	0.000222
2.894000	0.016441	0.000203	0.000222	0.000222
2.895000	0.016444	0.000203	0.000222	0.000222
2.896000	0.016447	0.000203	0.000222	0.000222
2.897000	0.016450	0.000203	0.000223	0.000223
2.898000	0.016453	0.000203	0.000223	0.000223
2.899000	0.016456	0.000203	0.000223	0.000223
2.900000	0.016460	0.000203	0.000223	0.000223
2.901000	0.016463	0.000204	0.000223	0.000223
2.902000	0.016466	0.000204	0.000224	0.000224
2.903000	0.016469	0.000204	0.000224	0.000224
2.904000	0.016472	0.000204	0.000224	0.000224
2.905000	0.016475	0.000204	0.000224	0.000224
2.906000	0.016479	0.000204	0.000224	0.000224
2.907000	0.016482	0.000204	0.000225	0.000225
2.908000	0.016485	0.000204	0.000225	0.000225
2.909000	0.016488	0.000204	0.000225	0.000225
2.910000	0.016491	0.000204	0.000225	0.000225
2.911000	0.016494	0.000205	0.000225	0.000225
2.912000	0.016498	0.000205	0.000226	0.000226
2.913000	0.016501	0.000205	0.000226	0.000226
2.914000	0.016504	0.000205	0.000226	0.000226
2.915000	0.016507	0.000205	0.000226	0.000226
2.916000	0.016510	0.000205	0.000226	0.000226
2.917000	0.016513	0.000205	0.000227	0.000227
2.918000	0.016516	0.000205	0.000227	0.000227
2.919000	0.016520	0.000205	0.000227	0.000227
2.920000	0.016523	0.000206	0.000227	0.000227
2.921000	0.016526	0.000206	0.000227	0.000227
2.922000	0.016529	0.000206	0.000228	0.000228
2.923000	0.016532	0.000206	0.000228	0.000228
2.924000	0.016535	0.000206	0.000228	0.000228
2.925000	0.016538	0.000206	0.000228	0.000228
2.926000	0.016541	0.000206	0.000228	0.000228
2.927000	0.016545	0.000206	0.000229	0.000229
2.928000	0.016548	0.000206	0.000229	0.000229
2.929000	0.016551	0.000207	0.000229	0.000229
2.930000	0.016554	0.000207	0.000229	0.000229
2.931000	0.016557	0.000207	0.000229	0.000229
2.932000	0.016560	0.000207	0.000230	0.000230
2.933000	0.016563	0.000207	0.000230	0.000230
2.934000	0.016567	0.000207	0.000230	0.000230
2.935000	0.016570	0.000207	0.000230	0.000230
2.936000	0.016573	0.000207	0.000231	0.000231
2.937000	0.016576	0.000207	0.000231	0.000231
2.938000	0.016579	0.000207	0.000231	0.000231
2.939000	0.016582	0.000208	0.000231	0.000231
2.940000	0.016585	0.000208	0.000231	0.000231
2.941000	0.016588	0.000208	0.000232	0.000232
2.942000	0.016591	0.000208	0.000232	0.000232
2.943000	0.016595	0.000208	0.000232	0.000232
2.944000	0.016598	0.000208	0.000232	0.000232
2.945000	0.016601	0.000208	0.000232	0.000232
2.946000	0.016604	0.000208	0.000233	0.000233
2.947000	0.016607	0.000208	0.000233	0.000233
2.948000	0.016610	0.000209	0.000233	0.000233
2.949000	0.016613	0.000209	0.000233	0.000233
2.950000	0.016616	0.000209	0.000233	0.000233
2.951000	0.016619	0.000209	0.000234	0.000234
2.952000	0.016623	0.000209	0.000234	0.000234
2.953000	0.016626	0.000209	0.000234	0.000234
2.954000	0.016629	0.000209	0.000234	0.000234
2.955000	0.016632	0.000209	0.000234	0.000234
2.956000	0.016635	0.000209	0.000235	0.000235
2.957000	0.016638	0.000210	0.000235	0.000235
2.958000	0.016641	0.000210	0.000235	0.000235
2.959000	0.016644	0.000210	0.000235	0.000235
2.960000	0.016647	0.000210	0.000236	0.000236
2.961000	0.016650	0.000210	0.000236	0.000236
2.962000	0.016654	0.000210	0.000236	0.000236
2.963000	0.016657	0.000210	0.000236	0.000236
2.964000	0.016660	0.000210	0.000236	0.000236
2.965000	0.016663	0.000210	0.000237	0.000237
2.966000	0.016666	0.000210	0.000237	0.000237
2.967000	0.016669	0.000211	0.000237	0.000237
2.968000	0.016672	0.000211	0.000237	0.000237
2.969000	0.016675	0.000211	0.000237	0.000237
2.970000	0.016678	0.000211	0.000238	0.000238
2.971000	0.016681	0.000211	0.000238	0.000238
2.972000	0.016684	0.000211	0.000238	0.000238
2.973000	0.016687	0.000211	0.000238	0.000238
2.974000	0.016691	0.000211	0.000238	0.000238
2.975000	0.016694	0.000211	0.000239	0.000239
2.976000	0.016697	0.000212	0.000239	0.000239
2.977000	0.016700	0.000212	0.000239	0.000239
2.978000	0.016703	0.000212	0.000239	0.000239
2.979000	0.016706	0.000212	0.000240	0.000240
2.980000	0.016709	0.000212	0.000240	0.000240
2.981000	0.016712	0.000212	0.000240	0.000240
2.982000	0.016715	0.000212	0.000240	0.000240
2.983000	0.016718	0.000212	0.000240	0.000240
2.984000	0.016721	0.000212	0.000241	0.000241
2.985000	0.016724	0.000213	0.000241	0.000241
2.986000	0.016727	0.000213	0.000241	0.000241
2.987000	0.016730	0.000213	0.000241	0.000241
2.988000	0.016734	0.000213	0.000241	0.000241
2.989000	0.016737	0.000213	0.000242	0.000242
2.990000	0.016740	0.000213	0.000242	0.000242
2.991000	0.016743	0.000213	0.000242	0.000242
2.992000	0.016746	0.000213	0.000242	0.000242
2.993000	0.016749	0.000213	0.000242	0.000242
2.994000	0.016752	0.000213	0.000243	0.000243
2.995000	0.016755	0.000214	0.000243	0.000243
2.996000	0.016758	0.000214	0.000243	0.000243
2.997000	0.016761	0.000214	0.000243	0.000243
2.998000	0.016764	0.000214	0.000244	0.000244
2.999000	0.016767	0.000214	0.000244	0.000244
3.000000	0.016770	0.000214	0.000244	0.000244
3.001000	0.016773	0.000214	0.000244	0.000244
3.002000	0.016776	0.000214	0.000244	0.000244
3.003000	0.016779	0.000214	0.000245	0.000245
3.004000	0.016782	0.000215	0.000245	0.000245
3.005000	0.016785	0.000215	0.000245	0.000245
3.006000	0.016788	0.000215	0.000245	0.000245
3.007000	0.016791	0.000215	0.000245	0.000245
3.008000	0.016795	0.000215	0.000246	0.000246
3.009000	0.016798	0.000215	0.000246	0.000246
3.010000	0.016801	0.000215	0.000246	0.000246
3.011000	0.016804	0.000215	0.000246	0.000246
3.012000	0.016807	0.000215	0.000247	0.000247
3.013000	0.016810	0.000216	0.000247	0.000247
3.014000	0.016813	0.000216	0.000247	0.000247
3.015000	0.016816	0.000216	0.000247	0.000247
3.016000	0.016819	0.000216	0.000247	0.000247
3.017000	0.016822	0.000216	0.000248	0.000248
3.018000	0.016825	0.000216	0.000248	0.000248
3.019000	0.016828	0.000216	0.000248	0.000248
3.020000	0.016831	0.000216	0.000248	0.000248
3.021000	0.016834	0.000216	0.000249	0.000249
3.022000	0.016837	0.000217	0.000249	0.000249
3.023000	0.016840	0.000217	0.000249	0.000249
3.024000	0.016843	0.000217	0.000249	0.000249
3.025000	0.016846	0.000217	0.000249	0.000249
3.026000	0.016849	0.000217	0.000250	0.000250
3.027000	0.016852	0.000217	0.000250	0.000250
3.028000	0.016855	0.000217	0.000250	0.000250
3.029000	0.016858	0.000217	0.000250	0.000250
3.030000	0.016861	0.000217	0.000250	0.000250
3.031000	0.016864	0.000217	0.000251	0.000251
3.032000	0.016867	0.000218	0.000251	0.000251
3.033000	0.016870	0.000218	0.000251	0.000251
3.034000	0.016873	0.000218	0.000251	0.000251
3.035000	0.016876	0.000218	0.000252	0.000252
3.036000	0.016879	0.000218	0.000252	0.000252
3.037000	0.016882	0.000218	0.000252	0.000252
3.038000	0.016885	0.000218	0.000252	0.000252
3.039000	0.016888	0.000218	0.000252	0.000252
3.040000	0.016891	0.000218	0.000253	0.000253
3.041000	0.016894	0.000219	0.000253	0.000253
3.042000	0.016897	0.000219	0.000253	0.000253
3.043000	0.016900	0.000219	0.000253	0.000253
3.044000	0.016903	0.000219	0.000254	0.000254
3.045000	0.016906	0.000219	0.000254	0.000254
3.046000	0.016909	0.000219	0.000254	0.000254
3.047000	0.016912	0.000219	0.000254	0.000254
3.048000	0.016915	0.000219	0.000254	0.000254
3.049000	0.016918	0.000219	0.000255	0.000255
3.050000	0.016921	0.000220	0.000255	0.000255
3.051000	0.016924	0.000220	0.000255	0.000255
3.052000	0.016927	0.000220	0.000255	0.000255
3.053000	0.016930	0.000220	0.000255	0.000255
3.054000	0.016933	0.000220	0.000256	0.000256
3.055000	0.016936	0.000220	0.000256	0.000256
3.056000	0.016939	0.000220	0.000256	0.000256
3.057000	0.016942	0.000220	0.000256	0.000256
3.058000	0.016945	0.000220	0.000257	0.000257
3.059000	0.016948	0.000221	0.000257	0.000257
3.060000	0.016951	0.000221	0.000257	0.000257
3.061000	0.016954	0.000221	0.000257	0.000257
3.062000	0.016957	0.000221	0.000257	0.000257
3.063000	0.016960	0.000221	0.000258	0.000258
3.064000	0.016963	0.000221	0.000258	0.000258
3.065000	0.016966	0.000221	0.000258	0.000258
3.066000	0.016969	0.000221	0.000258	0.000258
3.067000	0.016972	0.000221	0.000259	0.000259
3.068000	0.016975	0.000221	0.000259	0.000259
3.069000	0.016978	0.000222	0.000259	0.000259
3.070000	0.016981	0.000222	0.000259	0.000259
3.071000	0.016984	0.000222	0.000259	0.000259
3.072000	0.016987	0.000222	0.000260	0.000260
3.073000	0.016990	0.000222	0.000260	0.000260
3.074000	0.016993	0.000222	0.000260	0.000260
3.075000	0.016996	0.000222	0.000260	0.000260
3.076000	0.016999	0.000222	0.000261	0.000261
3.077000	0.017002	0.000222	0.000261	0.000261
3.078000	0.017005	0.000223	0.000261	0.000261
3.079000	0.017007	0.000223	0.000261	0.000261
3.080000	0.017010	0.000223	0.000261	0.000261
3.081000	0.017013	0.000223	0.000262	0.000262
3.082000	0.017016	0.000223	0.000262	0.000262
3.083000	0.017019	0.000223	0.000262	0.000262
3.084000	0.017022	0.000223	0.000262	0.000262
3.085000	0.017025	0.000223	0.000263	0.000263
3.086000	0.017028	0.000223	0.000263	0.000263
3.087000	0.017031	0.000224	0.000263	0.000263
3.088000	0.017034	0.000224	0.000263	0.000263
3.089000	0.017037	0.000224	0.000263	0.000263
3.090000	0.017040	0.000224	0.000264	0.000264
3.091000	0.017043	0.000224	0.000264	0.000264
3.092000	0.017046	0.000224	0.000264	0.000264
3.093000	0.017049	0.000224	0.000264	0.000264
3.094000	0.017052	0.000224	0.000265	0.000265
3.095000	0.017055	0.000224	0.000265	0.000265
3.096000	0.017058	0.000225	0.000265	0.000265
3.097000	0.017061	0.000225	0.000265	0.000265
3.098000	0.017064	0.000225	0.000265	0.000265
3.099000	0.017066	0.000225	0.000266	0.000266
3.100000	0.017069	0.000225	0.000266	0.000266
3.101000	0.017072	0.000225	0.000266	0.000266
3.102000	0.017075	0.000225	0.000266	0.000266
3.103000	0.017078	0.000225	0.000267	0.000267
3.104000	0.017081	0.000225	0.000267	0.000267
3.105000	0.017084	0.000225	0.000267	0.000267
3.106000	0.017087	0.000226	0.000267	0.000267
3.107000	0.017090	0.000226	0.000268	0.000268
3.108000	0.017093	0.000226	0.000268	0.000268
3.109000	0.017096	0.000226	0.000268	0.000268
3.110000	0.017099	0.000226	0.000268	0.000268
3.111000	0.017102	0.000226	0.000268	0.000268
3.112000	0.017105	0.000226	0.000269	0.000269
3.113000	0.017108	0.000226	0.000269	0.000269
3.114000	0.017110	0.000226	0.000269	0.000269
3.115000	0.017113	0.000227	0.000269	0.000269
3.116000	0.017116	0.000227	0.000270	0.000270
3.117000	0.017119	0.000227	0.000270	0.000270
3.118000	0.017122	0.000227	0.000270	0.000270
3.119000	0.017125	0.000227	0.000270	0.000270
3.120000	0.017128	0.000227	0.000270	0.000270
3.121000	0.017131	0.000227	0.000271	0.000271
3.122000	0.017134	0.000227	0.000271	0.000271
3.123000	0.017137	0.000227	0.000271	0.000271
3.124000	0.017140	0.000228	0.000271	0.000271
3.125000	0.017143	0.000228	0.000272	0.000272
3.126000	0.017145	0.000228	0.000272	0.000272
3.127000	0.017148	0.000228	0.000272	0.000272
3.128000	0.017151	0.000228	0.000272	0.000272
3.129000	0.017154	0.000228	0.000273	0.000273
3.130000	0.017157	0.000228	0.000273	0.000273
3.131000	0.017160	0.000228	0.000273	0.000273
3.132000	0.017163	0.000228	0.000273	0.000273
3.133000	0.017166	0.000229	0.000273	0.000273
3.134000	0.017169	0.000229	0.000274	0.000274
3.135000	0.017172	0.000229	0.000274	0.000274
3.136000	0.017174	0.000229	0.000274	0.000274
3.137000	0.017177	0.000229	0.000274	0.000274
3.138000	0.017180	0.000229	0.000275	0.000275
3.139000	0.017183	0.000229	0.000275	0.000275
3.140000	0.017186	0.000229	0.000275	0.000275
3.141000	0.017189	0.000229	0.000275	0.000275
3.142000	0.017192	0.000230	0.000275	0.000275
3.143000	0.017195	0.000230	0.000276	0.000276
3.144000	0.017198	0.000230	0.000276	0.000276
3.145000	0.017200	0.000230	0.000276	0.000276
3.146000	0.017203	0.000230	0.000276	0.000276
3.147000	0.017206	0.000230	0.000277	0.000277
3.148000	0.017209	0.000230	0.000277	0.000277
3.149000	0.017212	0.000230	0.000277	0.000277
3.150000	0.017215	0.000230	0.000277	0.000277
3.151000	0.017218	0.000230	0.000278	0.000278
3.152000	0.017221	0.000231	0.000278	0.000278
3.153000	0.017224	0.000231	0.000278	0.000278
3.154000	0.017226	0.000231	0.000278	0.000278
3.155000	0.017229	0.000231	0.000278	0.000278
3.156000	0.017232	0.000231	0.000279	0.000279
3.157000	0.017235	0.000231	0.000279	0.000279
3.158000	0.017238	0.000231	0.000279	0.000279
3.159000	0.017241	0.000231	0.000279	0.000279
3.160000	0.017244	0.000231	0.000280	0.000280
3.161000	0.017247	0.000232	0.000280	0.000280
3.162000	0.017249	0.000232	0.000280	0.000280
3.163000	0.017252	0.000232	0.000280	0.000280
3.164000	0.017255	0.000232	0.000281	0.000281
3.165000	0.017258	0.000232	0.000281	0.000281
3.166000	0.017261	0.000232	0.000281	0.000281
3.167000	0.017264	0.000232	0.000281	0.000281
3.168000	0.017267	0.000232	0.000281	0.000281
3.169000	0.017270	0.000232	0.000282	0.000282
3.170000	0.017272	0.000233	0.000282	0.000282
3.171000	0.017275	0.000233	0.000282	0.000282
3.172000	0.017278	0.000233	0.000282	0.000282
3.173000	0.017281	0.000233	0.000283	0.000283
3.174000	0.017284	0.000233	0.000283	0.000283
3.175000	0.017287	0.000233	0.000283	0.000283
3.176000	0.017290	0.000233	0.000283	0.000283
3.177000	0.017292	0.000233	0.000284	0.000284
3.178000	0.017295	0.000233	0.000284	0.000284
3.179000	0.017298	0.000234	0.000284	0.000284
3.180000	0.017301	0.000234	0.000284	0.000284
3.181000	0.017304	0.000234	0.000285	0.000285
3.182000	0.017307	0.000234	0.000285	0.000285
3.183000	0.017309	0.000234	0.000285	0.000285
3.184000	0.017312	0.000234	0.000285	0.000285
3.185000	0.017315	0.000234	0.000285	0.000285
3.186000	0.017318	0.000234	0.000286	0.000286
3.187000	0.017321	0.000234	0.000286	0.000286
3.188000	0.017324	0.000235	0.000286	0.000286
3.189000	0.017327	0.000235	0.000286	0.000286
3.190000	0.017329	0.000235	0.000287	0.000287
3.191000	0.017332	0.000235	0.000287	0.000287
3.192000	0.017335	0.000235	0.000287	0.000287
3.193000	0.017338	0.000235	0.000287	0.000287
3.194000	0.017341	0.000235	0.000288	0.000288
3.195000	0.017344	0.000235	0.000288	0.000288
3.196000	0.017346	0.000235	0.000288	0.000288
3.197000	0.017349	0.000235	0.000288	0.000288
3.198000	0.017352	0.000236	0.000289	0.000289
3.199000	0.017355	0.000236	0.000289	0.000289
3.200000	0.017358	0.000236	0.000289	0.000289
3.201000	0.017361	0.000236	0.000289	0.000289
3.202000	0.017363	0.000236	0.000289	0.000289
3.203000	0.017366	0.000236	0.000290	0.000290
3.204000	0.017369	0.000236	0.000290	0.000290
3.205000	0.017372	0.000236	0.000290	0.000290
3.206000	0.017375	0.000236	0.000290	0.000290
3.207000	0.017378	0.000237	0.000291	0.000291
3.208000	0.017380	0.000237	0.000291	0.000291
3.209000	0.017383	0.000237	0.000291	0.000291
3.210000	0.017386	0.000237	0.000291	0.000291
3.211000	0.017389	0.000237	0.000292	0.000292
3.212000	0.017392	0.000237	0.000292	0.000292
3.213000	0.017394	0.000237	0.000292	0.000292
3.214000	0.017397	0.000237	0.000292	0.000292
3.215000	0.017400	0.000237	0.000293	0.000293
3.216000	0.017403	0.000238	0.000293	0.000293
3.217000	0.017406	0.000238	0.000293	0.000293
3.218000	0.017409	0.000238	0.000293	0.000293
3.219000	0.017411	0.000238	0.000293	0.000293
3.220000	0.017414	0.000238	0.000294	0.000294
3.221000	0.017417	0.000238	0.000294	0.000294
3.222000	0.017420	0.000238	0.000294	0.000294
3.223000	0.017423	0.000238	0.000294	0.000294
3.224000	0.017425	0.000238	0.000295	0.000295
3.225000	0.017428	0.000239	0.000295	0.000295
3.226000	0.017431	0.000239	0.000295	0.000295
3.227000	0.017434	0.000239	0.000295	0.000295
3.228000	0.017437	0.000239	0.000296	0.000296
3.229000	0.017439	0.000239	0.000296	0.000296
3.230000	0.017442	0.000239	0.000296	0.000296
3.231000	0.017445	0.000239	0.000296	0.000296
3.232000	0.017448	0.000239	0.000297	0.000297
3.233000	0.017451	0.000239	0.000297	0.000297
3.234000	0.017453	0.000240	0.000297	0.000297
3.235000	0.017456	0.000240	0.000297	0.000297
3.236000	0.017459	0.000240	0.000298	0.000298
3.237000	0.017462	0.000240	0.000298	0.000298
3.238000	0.017465	0.000240	0.000298	0.000298
3.239000	0.017467	0.000240	0.000298	0.000298
3.240000	0.017470	0.000240	0.000299	0.000299
3.241000	0.017473	0.000240	0.000299	0.000299
3.242000	0.017476	0.000240	0.000299	0.000299
3.243000	0.017479	0.000241	0.000299	0.000299
3.244000	0.017481	0.000241	0.000299	0.000299
3.245000	0.017484	0.000241	0.000300	0.000300
3.246000	0.017487	0.000241	0.000300	0.000300
3.247000	0.017490	0.000241	0.000300	0.000300
3.248000	0.017492	0.000241	0.000300	0.000300
3.249000	0.017495	0.000241	0.000301	0.000301
3.250000	0.017498	0.000241	0.000301	0.000301
3.251000	0.017501	0.000241	0.000301	0.000301
3.252000	0.017504	0.000241	0.000301	0.000301
3.253000	0.017506	0.000242	0.000302	0.000302
3.254000	0.017509	0.000242	0.000302	0.000302
3.255000	0.017512	0.000242	0.000302	0.000302
3.256000	0.017515	0.000242	0.000302	0.000302
3.257000	0.017517	0.000242	0.000303	0.000303
3.258000	0.017520	0.000242	0.000303	0.000303
3.259000	0.017523	0.000242	0.000303	0.000303
3.260000	0.017526	0.000242	0.000303	0.000303
3.261000	0.017528	0.000242	0.000304	0.000304
3.262000	0.017531	0.000243	0.000304	0.000304
3.263000	0.017534	0.000243	0.000304	0.000304
3.264000	0.017537	0.000243	0.000304	0.000304
3.265000	0.017540	0.000243	0.000305	0.000305
3.266000	0.017542	0.000243	0.000305	0.000305
3.267000	0.017545	0.000243	0.000305	0.000305
3.268000	0.017548	0.000243	0.000305	0.000305
3.269000	0.017551	0.000243	0.000306	0.000306
3.270000	0.017553	0.000243	0.000306	0.000306
3.271000	0.017556	0.000244	0.000306	0.000306
3.272000	0.017559	0.000244	0.000306	0.000306
3.273000	0.017562	0.000244	0.000306	0.000306
3.274000	0.017564	0.000244	0.000307	0.000307
3.275000	0.017567	0.000244	0.000307	0.000307
3.276000	0.017570	0.000244	0.000307	0.000307
3.277000	0.017573	0.000244	0.000307	0.000307
3.278000	0.017575	0.000244	0.000308	0.000308
3.279000	0.017578	0.000244	0.000308	0.000308
3.280000	0.017581	0.000245	0.000308	0.000308
3.281000	0.017584	0.000245	0.000308	0.000308
3.282000	0.017586	0.000245	0.000309	0.000309
3.283000	0.017589	0.000245	0.000309	0.000309
3.284000	0.017592	0.000245	0.000309	0.000309
3.285000	0.017595	0.000245	0.000309	0.000309
3.286000	0.017597	0.000245	0.000310	0.000310
3.287000	0.017600	0.000245	0.000310	0.000310
3.288000	0.017603	0.000245	0.000310	0.000310
3.289000	0.017606	0.000246	0.000310	0.000310
3.290000	0.017608	0.000246	0.000311	0.000311
3.291000	0.017611	0.000246	0.000311	0.000311
3.292000	0.017614	0.000246	0.000311	0.000311
3.293000	0.017617	0.000246	0.000311	0.000311
3.294000	0.017619	0.000246	0.000312	0.000312
3.295000	0.017622	0.000246	0.000312	0.000312
3.296000	0.017625	0.000246	0.000312	0.000312
3.297000	0.017627	0.000246	0.000312	0.000312
3.298000	0.017630	0.000247	0.000313	0.000313
3.299000	0.017633	0.000247	0.000313	0.000313
3.300000	0.017636	0.000247	0.000313	0.000313
3.301000	0.017638	0.000247	0.000313	0.000313
3.302000	0.017641	0.000247	0.000314	0.000314
3.303000	0.017644	0.000247	0.000314	0.000314
3.304000	0.017647	0.000247	0.000314	0.000314
3.305000	0.017649	0.000247	0.000314	0.000314
3.306000	0.017652	0.000247	0.000315	0.000315
3.307000	0.017655	0.000248	0.000315	0.000315
3.308000	0.017657	0.000248	0.000315	0.000315
3.309000	0.017660	0.000248	0.000315	0.000315
3.310000	0.017663	0.000248	0.000316	0.000316
3.311000	0.017666	0.000248	0.000316	0.000316
3.312000	0.017668	0.000248	0.000316	0.000316
3.313000	0.017671	0.000248	0.000316	0.000316
3.314000	0.017674	0.000248	0.000317	0.000317
3.315000	0.017676	0.000248	0.000317	0.000317
3.316000	0.017679	0.000248	0.000317	0.000317
3.317000	0.017682	0.000249	0.000317	0.000317
3.318000	0.017685	0.000249	0.000318	0.000318
3.319000	0.017687	0.000249	0.000318	0.000318
3.320000	0.017690	0.000249	0.000318	0.000318
3.321000	0.017693	0.000249	0.000318	0.000318
3.322000	0.017695	0.000249	0.000319	0.000319
3.323000	0.017698	0.000249	0.000319	0.000319
3.324000	0.017701	0.000249	0.000319	0.000319
3.325000	0.017704	0.000249	0.000319	0.000319
3.326000	0.017706	0.000250	0.000320	0.000320
3.327000	0.017709	0.000250	0.000320	0.000320
3.328000	0.017712	0.000250	0.000320	0.000320
3.329000	0.017714	0.000250	0.000320	0.000320
3.330000	0.017717	0.000250	0.000321	0.000321
3.331000	0.017720	0.000250	0.000321	0.000321
3.332000	0.017722	0.000250	0.000321	0.000321
3.333000	0.017725	0.000250	0.000321	0.000321
3.334000	0.017728	0.000250	0.000322	0.000322
3.335000	0.017730	0.000251	0.000322	0.000322
3.336000	0.017733	0.000251	0.000322	0.000322
3.337000	0.017736	0.000251	0.000322	0.000322
3.338000	0.017739	0.000251	0.000323	0.000323
3.339000	0.017741	0.000251	0.000323	0.000323
3.340000	0.017744	0.000251	0.000323	0.000323
3.341000	0.017747	0.000251	0.000323	0.000323
3.342000	0.017749	0.000251	0.000324	0.000324
3.343000	0.017752	0.000251	0.000324	0.000324
3.344000	0.017755	0.000252	0.000324	0.000324
3.345000	0.017757	0.000252	0.000324	0.000324
3.346000	0.017760	0.000252	0.000325	0.000325
3.347000	0.017763	0.000252	0.000325	0.000325
3.348000	0.017765	0.000252	0.000325	0.000325
3.349000	0.017768	0.000252	0.000325	0.000325
3.350000	0.017771	0.000252	0.000326	0.000326
3.351000	0.017773	0.000252	0.000326	0.000326
3.352000	0.017776	0.000252	0.000326	0.000326
3.353000	0.017779	0.000253	0.000326	0.000326
3.354000	0.017781	0.000253	0.000327	0.000327
3.355000	0.017784	0.000253	0.000327	0.000327
3.356000	0.017787	0.000253	0.000327	0.000327
3.357000	0.017789	0.000253	0.000327	0.000327
3.358000	0.017792	0.000253	0.000328	0.000328
3.359000	0.017795	0.000253	0.000328	0.000328
3.360000	0.017797	0.000253	0.000328	0.000328
3.361000	0.017800	0.000253	0.000328	0.000328
3.362000	0.017803	0.000254	0.000329	0.000329
3.363000	0.017805	0.000254	0.000329	0.000329
3.364000	0.017808	0.000254	0.000329	0.000329
3.365000	0.017811	0.000254	0.000329	0.000329
3.366000	0.017813	0.000254	0.000330	0.000330
3.367000	0.017816	0.000254	0.000330	0.000330
3.368000	0.017819	0.000254	0.000330	0.000330
3.369000	0.017821	0.000254	0.000330	0.000330
3.370000	0.017824	0.000254	0.000331	0.000331
3.371000	0.017827	0.000255	0.000331	0.000331
3.372000	0.017829	0.000255	0.000331	0.000331
3.373000	0.017832	0.000255	0.000331	0.000331
3.374000	0.017835	0.000255	0.000332	0.000332
3.375000	0.017837	0.000255	0.000332	0.000332
3.376000	0.017840	0.000255	0.000332	0.000332
3.377000	0.017843	0.000255	0.000332	0.000332
3.378000	0.017845	0.000255	0.000333	0.000333
3.379000	0.017848	0.000255	0.000333	0.000333
3.380000	0.017851	0.000256	0.000333	0.000333
3.381000	0.017853	0.000256	0.000333	0.000333
3.382000	0.017856	0.000256	0.000334	0.000334
3.383000	0.017859	0.000256	0.000334	0.000334
3.384000	0.017861	0.000256	0.000334	0.000334
3.385000	0.017864	0.000256	0.000334	0.000334
3.386000	0.017867	0.000256	0.000335	0.000335
3.387000	0.017869	0.000256	0.000335	0.000335
3.388000	0.017872	0.000256	0.000335	0.000335
3.389000	0.017874	0.000256	0.000336	0.000336
3.390000	0.017877	0.000257	0.000336	0.000336
3.391000	0.017880	0.000257	0.000336	0.000336
3.392000	0.017882	0.000257	0.000336	0.000336
3.393000	0.017885	0.000257	0.000337	0.000337
3.394000	0.017888	0.000257	0.000337	0.000337
3.395000	0.017890	0.000257	0.000337	0.000337
3.396000	0.017893	0.000257	0.000337	0.000337
3.397000	0.017896	0.000257	0.000338	0.000338
3.398000	0.017898	0.000257	0.000338	0.000338
3.399000	0.017901	0.000258	0.000338	0.000338
3.400000	0.017903	0.000258	0.000338	0.000338
3.401000	0.017906	0.000258	0.000339	0.000339
3.402000	0.017909	0.000258	0.000339	0.000339
3.403000	0.017911	0.000258	0.000339	0.000339
3.404000	0.017914	0.000258	0.000339	0.000339
3.405000	0.017917	0.000258	0.000340	0.000340
3.406000	0.017919	0.000258	0.000340	0.000340
3.407000	0.017922	0.000258	0.000340	0.000340
3.408000	0.017924	0.000259	0.000340	0.000340
3.409000	0.017927	0.000259	0.000341	0.000341
3.410000	0.017930	0.000259	0.000341	0.000341
3.411000	0.017932	0.000259	0.000341	0.000341
3.412000	0.017935	0.000259	0.000341	0.000341
3.413000	0.017937	0.000259	0.000342	0.000342
3.414000	0.017940	0.000259	0.000342	0.000342
3.415000	0.017943	0.000259	0.000342	0.000342
3.416000	0.017945	0.000259	0.000342	0.000342
3.417000	0.017948	0.000260	0.000343	0.000343
3.418000	0.017951	0.000260	0.000343	0.000343
3.419000	0.017953	0.000260	0.000343	0.000343
3.420000	0.017956	0.000260	0.000344	0.000344
3.421000	0.017958	0.000260	0.000344	0.000344
3.422000	0.017961	0.000260	0.000344	0.000344
3.423000	0.017964	0.000260	0.000344	0.000344
3.424000	0.017966	0.000260	0.000345	0.000345
3.425000	0.017969	0.000260	0.000345	0.000345
3.426000	0.017971	0.000261	0.000345	0.000345
3.427000	0.017974	0.000261	0.000345	0.000345
3.428000	0.017977	0.000261	0.000346	0.000346
3.429000	0.017979	0.000261	0.000346	0.000346
3.430000	0.017982	0.000261	0.000346	0.000346
3.431000	0.017984	0.000261	0.000346	0.000346
3.432000	0.017987	0.000261	0.000347	0.000347
3.433000	0.017990	0.000261	0.000347	0.000347
3.434000	0.017992	0.000261	0.000347	0.000347
3.435000	0.017995	0.000262	0.000347	0.000347
3.436000	0.017997	0.000262	0.000348	0.000348
3.437000	0.018000	0.000262	0.000348	0.000348
3.438000	0.018003	0.000262	0.000348	0.000348
3.439000	0.018005	0.000262	0.000348	0.000348
3.440000	0.018008	0.000262	0.000349	0.000349
3.441000	0.018010	0.000262	0.000349	0.000349
3.442000	0.018013	0.000262	0.000349	0.000349
3.443000	0.018016	0.000262	0.000350	0.000350
3.444000	0.018018	0.000263	0.000350	0.000350
3.445000	0.018021	0.000263	0.000350	0.000350
3.446000	0.018023	0.000263	0.000350	0.000350
3.447000	0.018026	0.000263	0.000351	0.000351
3.448000	0.018028	0.000263	0.000351	0.000351
3.449000	0.018031	0.000263	0.000351	0.000351
3.450000	0.018034	0.000263	0.000351	0.000351
3.451000	0.018036	0.000263	0.000352	0.000352
3.452000	0.018039	0.000263	0.000352	0.000352
3.453000	0.018041	0.000264	0.000352	0.000352
3.454000	0.018044	0.000264	0.000352	0.000352
3.455000	0.018046	0.000264	0.000353	0.000353
3.456000	0.018049	0.000264	0.000353	0.000353
3.457000	0.018052	0.000264	0.000353	0.000353
3.458000	0.018054	0.000264	0.000353	0.000353
3.459000	0.018057	0.000264	0.000354	0.000354
3.460000	0.018059	0.000264	0.000354	0.000354
3.461000	0.018062	0.000264	0.000354	0.000354
3.462000	0.018064	0.000265	0.000355	0.000355
3.463000	0.018067	0.000265	0.000355	0.000355
3.464000	0.018070	0.000265	0.000355	0.000355
3.465000	0.018072	0.000265	0.000355	0.000355
3.466000	0.018075	0.000265	0.000356	0.000356
3.467000	0.018077	0.000265	0.000356	0.000356
3.468000	0.018080	0.000265	0.000356	0.000356
3.469000	0.018082	0.000265	0.000356	0.000356
3.470000	0.018085	0.000265	0.000357	0.000357
3.471000	0.018088	0.000266	0.000357	0.000357
3.472000	0.018090	0.000266	0.000357	0.000357
3.473000	0.018093	0.000266	0.000357	0.000357
3.474000	0.018095	0.000266	0.000358	0.000358
3.475000	0.018098	0.000266	0.000358	0.000358
3.476000	0.018100	0.000266	0.000358	0.000358
3.477000	0.018103	0.000266	0.000359	0.000359
3.478000	0.018105	0.000266	0.000359	0.000359
3.479000	0.018108	0.000266	0.000359	0.000359
3.480000	0.018111	0.000267	0.000359	0.000359
3.481000	0.018113	0.000267	0.000360	0.000360
3.482000	0.018116	0.000267	0.000360	0.000360
3.483000	0.018118	0.000267	0.000360	0.000360
3.484000	0.018121	0.000267	0.000360	0.000360
3.485000	0.018123	0.000267	0.000361	0.000361
3.486000	0.018126	0.000267	0.000361	0.000361
3.487000	0.018128	0.000267	0.000361	0.000361
3.488000	0.018131	0.000267	0.000361	0.000361
3.489000	0.018134	0.000268	0.000362	0.000362
3.490000	0.018136	0.000268	0.000362	0.000362
3.491000	0.018139	0.000268	0.000362	0.000362
3.492000	0.018141	0.000268	0.000363	0.000363
3.493000	0.018144	0.000268	0.000363	0.000363
3.494000	0.018146	0.000268	0.000363	0.000363
3.495000	0.018149	0.000268	0.000363	0.000363
3.496000	0.018151	0.000268	0.000364	0.000364
3.497000	0.018154	0.000268	0.000364	0.000364
3.498000	0.018156	0.000268	0.000364	0.000364
3.499000	0.018159	0.000269	0.000364	0.000364
3.500000	0.018161	0.000269	0.000365	0.000365
3.501000	0.018164	0.000269	0.000365	0.000365
3.502000	0.018166	0.000269	0.000365	0.000365
3.503000	0.018169	0.000269	0.000365	0.000365
3.504000	0.018172	0.000269	0.000366	0.000366
3.505000	0.018174	0.000269	0.000366	0.000366
3.506000	0.018177	0.000269	0.000366	0.000366
3.507000	0.018179	0.000269	0.000367	0.000367
3.508000	0.018182	0.000270	0.000367	0.000367
3.509000	0.018184	0.000270	0.000367	0.000367
3.510000	0.018187	0.000270	0.000367	0.000367
3.511000	0.018189	0.000270	0.000368	0.000368
3.512000	0.018192	0.000270	0.000368	0.000368
3.513000	0.018194	0.000270	0.000368	0.000368
3.514000	0.018197	0.000270	0.000368	0.000368
3.515000	0.018199	0.000270	0.000369	0.000369
3.516000	0.018202	0.000270	0.000369	0.000369
3.517000	0.018204	0.000271	0.000369	0.000369
3.518000	0.018207	0.000271	0.000370	0.000370
3.519000	0.018209	0.000271	0.000370	0.000370
3.520000	0.018212	0.000271	0.000370	0.000370
3.521000	0.018214	0.000271	0.000370	0.000370
3.522000	0.018217	0.000271	0.000371	0.000371
3.523000	0.018219	0.000271	0.000371	0.000371
3.524000	0.018222	0.000271	0.000371	0.000371
3.525000	0.018224	0.000271	0.000371	0.000371
3.526000	0.018227	0.000272	0.000372	0.000372
3.527000	0.018229	0.000272	0.000372	0.000372
3.528000	0.018232	0.000272	0.000372	0.000372
3.529000	0.018234	0.000272	0.000372	0.000372
3.530000	0.018237	0.000272	0.000373	0.000373
3.531000	0.018239	0.000272	0.000373	0.000373
3.532000	0.018242	0.000272	0.000373	0.000373
3.533000	0.018244	0.000272	0.000374	0.000374
3.534000	0.018247	0.000272	0.000374	0.000374
3.535000	0.018250	0.000273	0.000374	0.000374
3.536000	0.018252	0.000273	0.000374	0.000374
3.537000	0.018254	0.000273	0.000375	0.000375
3.538000	0.018257	0.000273	0.000375	0.000375
3.539000	0.018259	0.000273	0.000375	0.000375
3.540000	0.018262	0.000273	0.000375	0.000375
3.541000	0.018264	0.000273	0.000376	0.000376
3.542000	0.018267	0.000273	0.000376	0.000376
3.543000	0.018269	0.000273	0.000376	0.000376
3.544000	0.018272	0.000274	0.000377	0.000377
3.545000	0.018274	0.000274	0.000377	0.000377
3.546000	0.018277	0.000274	0.000377	0.000377
3.547000	0.018279	0.000274	0.000377	0.000377
3.548000	0.018282	0.000274	0.000378	0.000378
3.549000	0.018284	0.000274	0.000378	0.000378
3.550000	0.018287	0.000274	0.000378	0.000378
3.551000	0.018289	0.000274	0.000379	0.000379
3.552000	0.018292	0.000274	0.000379	0.000379
3.553000	0.018294	0.000275	0.000379	0.000379
3.554000	0.018297	0.000275	0.000379	0.000379
3.555000	0.018299	0.000275	0.000380	0.000380
3.556000	0.018302	0.000275	0.000380	0.000380
3.557000	0.018304	0.000275	0.000380	0.000380
3.558000	0.018307	0.000275	0.000380	0.000380
3.559000	0.018309	0.000275	0.000381	0.000381
3.560000	0.018312	0.000275	0.000381	0.000381
3.561000	0.018314	0.000275	0.000381	0.000381
3.562000	0.018317	0.000276	0.000382	0.000382
3.563000	0.018319	0.000276	0.000382	0.000382
3.564000	0.018322	0.000276	0.000382	0.000382
3.565000	0.018324	0.000276	0.000382	0.000382
3.566000	0.018327	0.000276	0.000383	0.000383
3.567000	0.018329	0.000276	0.000383	0.000383
3.568000	0.018332	0.000276	0.000383	0.000383
3.569000	0.018334	0.000276	0.000383	0.000383
3.570000	0.018336	0.000276	0.000384	0.000384
3.571000	0.018339	0.000277	0.000384	0.000384
3.572000	0.018341	0.000277	0.000384	0.000384
3.573000	0.018344	0.000277	0.000385	0.000385
3.574000	0.018346	0.000277	0.000385	0.000385
3.575000	0.018349	0.000277	0.000385	0.000385
3.576000	0.018351	0.000277	0.000385	0.000385
3.577000	0.018354	0.000277	0.000386	0.000386
3.578000	0.018356	0.000277	0.000386	0.000386
3.579000	0.018359	0.000277	0.000386	0.000386
3.580000	0.018361	0.000278	0.000387	0.000387
3.581000	0.018364	0.000278	0.000387	0.000387
3.582000	0.018366	0.000278	0.000387	0.000387
3.583000	0.018368	0.000278	0.000387	0.000387
3.584000	0.018371	0.000278	0.000388	0.000388
3.585000	0.018373	0.000278	0.000388	0.000388
3.586000	0.018376	0.000278	0.000388	0.000388
3.587000	0.018378	0.000278	0.000388	0.000388
3.588000	0.018381	0.000278	0.000389	0.000389
3.589000	0.018383	0.000279	0.000389	0.000389
3.590000	0.018386	0.000279	0.000389	0.000389
3.591000	0.018388	0.000279	0.000390	0.000390
3.592000	0.018391	0.000279	0.000390	0.000390
3.593000	0.018393	0.000279	0.000390	0.000390
3.594000	0.018395	0.000279	0.000390	0.000390
3.595000	0.018398	0.000279	0.000391	0.000391
3.596000	0.018400	0.000279	0.000391	0.000391
3.597000	0.018403	0.000279	0.000391	0.000391
3.598000	0.018405	0.000280	0.000392	0.000392
3.599000	0.018408	0.000280	0.000392	0.000392
3.600000	0.018410	0.000280	0.000392	0.000392
3.601000	0.018413	0.000280	0.000392	0.000392
3.602000	0.018415	0.000280	0.000393	0.000393
3.603000	0.018417	0.000280	0.000393	0.000393
3.604000	0.018420	0.000280	0.000393	0.000393
3.605000	0.018422	0.000280	0.000393	0.000393
3.606000	0.018425	0.000280	0.000394	0.000394
3.607000	0.018427	0.000281	0.000394	0.000394
3.608000	0.018430	0.000281	0.000394	0.000394
3.609000	0.018432	0.000281	0.000395	0.000395
3.610000	0.018434	0.000281	0.000395	0.000395
3.611000	0.018437	0.000281	0.000395	0.000395
3.612000	0.018439	0.000281	0.000395	0.000395
3.613000	0.018442	0.000281	0.000396	0.000396
3.614000	0.018444	0.000281	0.000396	0.000396
3.615000	0.018447	0.000281	0.000396	0.000396
3.616000	0.018449	0.000282	0.000397	0.000397
3.617000	0.018451	0.000282	0.000397	0.000397
3.618000	0.018454	0.000282	0.000397	0.000397
3.619000	0.018456	0.000282	0.000397	0.000397
3.620000	0.018459	0.000282	0.000398	0.000398
3.621000	0.018461	0.000282	0.000398	0.000398
3.622000	0.018464	0.000282	0.000398	0.000398
3.623000	0.018466	0.000282	0.000399	0.000399
3.624000	0.018468	0.000282	0.000399	0.000399
3.625000	0.018471	0.000283	0.000399	0.000399
3.626000	0.018473	0.000283	0.000399	0.000399
3.627000	0.018476	0.000283	0.000400	0.000400
3.628000	0.018478	0.000283	0.000400	0.000400
3.629000	0.018480	0.000283	0.000400	0.000400
3.630000	0.018483	0.000283	0.000401	0.000401
3.631000	0.018485	0.000283	0.000401	0.000401
3.632000	0.018488	0.000283	0.000401	0.000401
3.633000	0.018490	0.000283	0.000401	0.000401
3.634000	0.018493	0.000284	0.000402	0.000402
3.635000	0.018495	0.000284	0.000402	0.000402
3.636000	0.018497	0.000284	0.000402	0.000402
3.637000	0.018500	0.000284	0.000403	0.000403
3.638000	0.018502	0.000284	0.000403	0.000403
3.639000	0.018505	0.000284	0.000403	0.000403
3.640000	0.018507	0.000284	0.000403	0.000403
3.641000	0.018509	0.000284	0.000404	0.000404
3.642000	0.018512	0.000284	0.000404	0.000404
3.643000	0.018514	0.000285	0.000404	0.000404
3.644000	0.018517	0.000285	0.000404	0.000404
3.645000	0.018519	0.000285	0.000405	0.000405
3.646000	0.018521	0.000285	0.000405	0.000405
3.647000	0.018524	0.000285	0.000405	0.000405
3.648000	0.018526	0.000285	0.000406	0.000406
3.649000	0.018529	0.000285	0.000406	0.000406
3.650000	0.018531	0.000285	0.000406	0.000406
3.651000	0.018533	0.000285	0.000406	0.000406
3.652000	0.018536	0.000285	0.000407	0.000407
3.653000	0.018538	0.000286	0.000407	0.000407
3.654000	0.018541	0.000286	0.000407	0.000407
3.655000	0.018543	0.000286	0.000408	0.000408
3.656000	0.018545	0.000286	0.000408	0.000408
3.657000	0.018548	0.000286	0.000408	0.000408
3.658000	0.018550	0.000286	0.000408	0.000408
3.659000	0.018553	0.000286	0.000409	0.000409
3.660000	0.018555	0.000286	0.000409	0.000409
3.661000	0.018557	0.000286	0.000409	0.000409
3.662000	0.018560	0.000287	0.000410	0.000410
3.663000	0.018562	0.000287	0.000410	0.000410
3.664000	0.018564	0.000287	0.000410	0.000410
3.665000	0.018567	0.000287	0.000410	0.000410
3.666000	0.018569	0.000287	0.000411	0.000411
3.667000	0.018572	0.000287	0.000411	0.000411
3.668000	0.018574	0.000287	0.000411	0.000411
3.669000	0.018576	0.000287	0.000412	0.000412
3.670000	0.018579	0.000287	0.000412	0.000412
3.671000	0.018581	0.000288	0.000412	0.000412
3.672000	0.018583	0.000288	0.000413	0.000413
3.673000	0.018586	0.000288	0.000413	0.000413
3.674000	0.018588	0.000288	0.000413	0.000413
3.675000	0.018591	0.000288	0.000413	0.000413
3.676000	0.018593	0.000288	0.000414	0.000414
3.677000	0.018595	0.000288	0.000414	0.000414
3.678000	0.018598	0.000288	0.000414	0.000414
3.679000	0.018600	0.000288	0.000415	0.000415
3.680000	0.018602	0.000289	0.000415	0.000415
3.681000	0.018605	0.000289	0.000415	0.000415
3.682000	0.018607	0.000289	0.000415	0.000415
3.683000	0.018610	0.000289	0.000416	0.000416
3.684000	0.018612	0.000289	0.000416	0.000416
3.685000	0.018614	0.000289	0.000416	0.000416
3.686000	0.018617	0.000289	0.000417	0.000417
3.687000	0.018619	0.000289	0.000417	0.000417
3.688000	0.018621	0.000289	0.000417	0.000417
3.689000	0.018624	0.000290	0.000417	0.000417
3.690000	0.018626	0.000290	0.000418	0.000418
3.691000	0.018628	0.000290	0.000418	0.000418
3.692000	0.018631	0.000290	0.000418	0.000418
3.693000	0.018633	0.000290	0.000419	0.000419
3.694000	0.018636	0.000290	0.000419	0.000419
3.695000	0.018638	0.000290	0.000419	0.000419
3.696000	0.018640	0.000290	0.000419	0.000419
3.697000	0.018643	0.000290	0.000420	0.000420
3.698000	0.018645	0.000291	0.000420	0.000420
3.699000	0.018647	0.000291	0.000420	0.000420
3.700000	0.018650	0.000291	0.000421	0.000421
3.701000	0.018652	0.000291	0.000421	0.000421
3.702000	0.018654	0.000291	0.000421	0.000421
3.703000	0.018657	0.000291	0.000421	0.000421
3.704000	0.018659	0.000291	0.000422	0.000422
3.705000	0.018661	0.000291	0.000422	0.000422
3.706000	0.018664	0.000291	0.000422	0.000422
3.707000	0.018666	0.000292	0.000423	0.000423
3.708000	0.018668	0.000292	0.000423	0.000423
3.709000	0.018671	0.000292	0.000423	0.000423
3.710000	0.018673	0.000292	0.000424	0.000424
3.711000	0.018675	0.000292	0.000424	0.000424
3.712000	0.018678	0.000292	0.000424	0.000424
3.713000	0.018680	0.000292	0.000424	0.000424
3.714000	0.018683	0.000292	0.000425	0.000425
3.715000	0.018685	0.000292	0.000425	0.000425
3.716000	0.018687	0.000293	0.000425	0.000425
3.717000	0.018690	0.000293	0.000426	0.000426
3.718000	0.018692	0.000293	0.000426	0.000426
3.719000	0.018694	0.000293	0.000426	0.000426
3.720000	0.018697	0.000293	0.000426	0.000426
3.721000	0.018699	0.000293	0.000427	0.000427
3.722000	0.018701	0.000293	0.000427	0.000427
3.723000	0.018704	0.000293	0.000427	0.000427
3.724000	0.018706	0.000293	0.000428	0.000428
3.725000	0.018708	0.000294	0.000428	0.000428
3.726000	0.018711	0.000294	0.000428	0.000428
3.727000	0.018713	0.000294	0.000428	0.000428
3.728000	0.018715	0.000294	0.000429	0.000429
3.729000	0.018718	0.000294	0.000429	0.000429
3.730000	0.018720	0.000294	0.000429	0.000429
3.731000	0.018722	0.000294	0.000430	0.000430
3.732000	0.018724	0.000294	0.000430	0.000430
3.733000	0.018727	0.000294	0.000430	0.000430
3.734000	0.018729	0.000295	0.000431	0.000431
3.735000	0.018731	0.000295	0.000431	0.000431
3.736000	0.018734	0.000295	0.000431	0.000431
3.737000	0.018736	0.000295	0.000431	0.000431
3.738000	0.018738	0.000295	0.000432	0.000432
3.739000	0.018741	0.000295	0.000432	0.000432
3.740000	0.018743	0.000295	0.000432	0.000432
3.741000	0.018745	0.000295	0.000433	0.000433
3.742000	0.018748	0.000295	0.000433	0.000433
3.743000	0.018750	0.000296	0.000433	0.000433
3.744000	0.018752	0.000296	0.000434	0.000434
3.745000	0.018755	0.000296	0.000434	0.000434
3.746000	0.018757	0.000296	0.000434	0.000434
3.747000	0.018759	0.000296	0.000434	0.000434
3.748000	0.018762	0.000296	0.000435	0.000435
3.749000	0.018764	0.000296	0.000435	0.000435
3.750000	0.018766	0.000296	0.000435	0.000435
3.751000	0.018769	0.000296	0.000436	0.000436
3.752000	0.018771	0.000297	0.000436	0.000436
3.753000	0.018773	0.000297	0.000436	0.000436
3.754000	0.018775	0.000297	0.000436	0.000436
3.755000	0.018778	0.000297	0.000437	0.000437
3.756000	0.018780	0.000297	0.000437	0.000437
3.757000	0.018782	0.000297	0.000437	0.000437
3.758000	0.018785	0.000297	0.000438	0.000438
3.759000	0.018787	0.000297	0.000438	0.000438
3.760000	0.018789	0.000297	0.000438	0.000438
3.761000	0.018792	0.000298	0.000439	0.000439
3.762000	0.018794	0.000298	0.000439	0.000439
3.763000	0.018796	0.000298	0.000439	0.000439
3.764000	0.018798	0.000298	0.000439	0.000439
3.765000	0.018801	0.000298	0.000440	0.000440
3.766000	0.018803	0.000298	0.000440	0.000440
3.767000	0.018805	0.000298	0.000440	0.000440
3.768000	0.018808	0.000298	0.000441	0.000441
3.769000	0.018810	0.000298	0.000441	0.000441
3.770000	0.018812	0.000299	0.000441	0.000441
3.771000	0.018814	0.000299	0.000442	0.000442
3.772000	0.018817	0.000299	0.000442	0.000442
3.773000	0.018819	0.000299	0.000442	0.000442
3.774000	0.018821	0.000299	0.000442	0.000442
3.775000	0.018824	0.000299	0.000443	0.000443
3.776000	0.018826	0.000299	0.000443	0.000443
3.777000	0.018828	0.000299	0.000443	0.000443
3.778000	0.018831	0.000299	0.000444	0.000444
3.779000	0.018833	0.000300	0.000444	0.000444
3.780000	0.018835	0.000300	0.000444	0.000444
3.781000	0.018837	0.000300	0.000445	0.000445
3.782000	0.018840	0.000300	0.000445	0.000445
3.783000	0.018842	0.000300	0.000445	0.000445
3.784000	0.018844	0.000300	0.000445	0.000445
3.785000	0.018846	0.000300	0.000446	0.000446
3.786000	0.018849	0.000300	0.000446	0.000446
3.787000	0.018851	0.000300	0.000446	0.000446
3.788000	0.018853	0.000301	0.000447	0.000447
3.789000	0.018856	0.000301	0.000447	0.000447
3.790000	0.018858	0.000301	0.000447	0.000447
3.791000	0.018860	0.000301	0.000448	0.000448
3.792000	0.018862	0.000301	0.000448	0.000448
3.793000	0.018865	0.000301	0.000448	0.000448
3.794000	0.018867	0.000301	0.000448	0.000448
3.795000	0.018869	0.000301	0.000449	0.000449
3.796000	0.018872	0.000301	0.000449	0.000449
3.797000	0.018874	0.000302	0.000449	0.000449
3.798000	0.018876	0.000302	0.000450	0.000450
3.799000	0.018878	0.000302	0.000450	0.000450
3.800000	0.018881	0.000302	0.000450	0.000450
3.801000	0.018883	0.000302	0.000451	0.000451
3.802000	0.018885	0.000302	0.000451	0.000451
3.803000	0.018887	0.000302	0.000451	0.000451
3.804000	0.018890	0.000302	0.000451	0.000451
3.805000	0.018892	0.000302	0.000452	0.000452
3.806000	0.018894	0.000303	0.000452	0.000452
3.807000	0.018896	0.000303	0.000452	0.000452
3.808000	0.018899	0.000303	0.000453	0.000453
3.809000	0.018901	0.000303	0.000453	0.000453
3.810000	0.018903	0.000303	0.000453	0.000453
3.811000	0.018905	0.000303	0.000454	0.000454
3.812000	0.018908	0.000303	0.000454	0.000454
3.813000	0.018910	0.000303	0.000454	0.000454
3.814000	0.018912	0.000303	0.000454	0.000454
3.815000	0.018914	0.000304	0.000455	0.000455
3.816000	0.018917	0.000304	0.000455	0.000455
3.817000	0.018919	0.000304	0.000455	0.000455
3.818000	0.018921	0.000304	0.000456	0.000456
3.819000	0.018923	0.000304	0.000456	0.000456
3.820000	0.018926	0.000304	0.000456	0.000456
3.821000	0.018928	0.000304	0.000457	0.000457
3.822000	0.018930	0.000304	0.000457	0.000457
3.823000	0.018932	0.000304	0.000457	0.000457
3.824000	0.018935	0.000305	0.000458	0.000458
3.825000	0.018937	0.000305	0.000458	0.000458
3.826000	0.018939	0.000305	0.000458	0.000458
3.827000	0.018941	0.000305	0.000458	0.000458
3.828000	0.018944	0.000305	0.000459	0.000459
3.829000	0.018946	0.000305	0.000459	0.000459
3.830000	0.018948	0.000305	0.000459	0.000459
3.831000	0.018950	0.000305	0.000460	0.000460
3.832000	0.018953	0.000305	0.000460	0.000460
3.833000	0.018955	0.000306	0.000460	0.000460
3.834000	0.018957	0.000306	0.000461	0.000461
3.835000	0.018959	0.000306	0.000461	0.000461
3.836000	0.018962	0.000306	0.000461	0.000461
3.837000	0.018964	0.000306	0.000461	0.000461
3.838000	0.018966	0.000306	0.000462	0.000462
3.839000	0.018968	0.000306	0.000462	0.000462
3.840000	0.018971	0.000306	0.000462	0.000462
3.841000	0.018973	0.000306	0.000463	0.000463
3.842000	0.018975	0.000307	0.000463	0.000463
3.843000	0.018977	0.000307	0.000463	0.000463
3.844000	0.018979	0.000307	0.000464	0.000464
3.845000	0.018982	0.000307	0.000464	0.000464
3.846000	0.018984	0.000307	0.000464	0.000464
3.847000	0.018986	0.000307	0.000465	0.000465
3.848000	0.018988	0.000307	0.000465	0.000465
3.849000	0.018991	0.000307	0.000465	0.000465
3.850000	0.018993	0.000307	0.000465	0.000465
3.851000	0.018995	0.000308	0.000466	0.000466
3.852000	0.018997	0.000308	0.000466	0.000466
3.853000	0.019000	0.000308	0.000466	0.000466
3.854000	0.019002	0.000308	0.000467	0.000467
3.855000	0.019004	0.000308	0.000467	0.000467
3.856000	0.019006	0.000308	0.000467	0.000467
3.857000	0.019008	0.000308	0.000468	0.000468
3.858000	0.019011	0.000308	0.000468	0.000468
3.859000	0.019013	0.000308	0.000468	0.000468
3.860000	0.019015	0.000309	0.000469	0.000469
3.861000	0.019017	0.000309	0.000469	0.000469
3.862000	0.019019	0.000309	0.000469	0.000469
3.863000	0.019022	0.000309	0.000469	0.000469
3.864000	0.019024	0.000309	0.000470	0.000470
3.865000	0.019026	0.000309	0.000470	0.000470
3.866000	0.019028	0.000309	0.000470	0.000470
3.867000	0.019031	0.000309	0.000471	0.000471
3.868000	0.019033	0.000309	0.000471	0.000471
3.869000	0.019035	0.000310	0.000471	0.000471
3.870000	0.019037	0.000310	0.000472	0.000472
3.871000	0.019039	0.000310	0.000472	0.000472
3.872000	0.019042	0.000310	0.000472	0.000472
3.873000	0.019044	0.000310	0.000473	0.000473
3.874000	0.019046	0.000310	0.000473	0.000473
3.875000	0.019048	0.000310	0.000473	0.000473
3.876000	0.019050	0.000310	0.000474	0.000474
3.877000	0.019053	0.000310	0.000474	0.000474
3.878000	0.019055	0.000311	0.000474	0.000474
3.879000	0.019057	0.000311	0.000474	0.000474
3.880000	0.019059	0.000311	0.000475	0.000475
3.881000	0.019061	0.000311	0.000475	0.000475
3.882000	0.019064	0.000311	0.000475	0.000475
3.883000	0.019066	0.000311	0.000476	0.000476
3.884000	0.019068	0.000311	0.000476	0.000476
3.885000	0.019070	0.000311	0.000476	0.000476
3.886000	0.019072	0.000311	0.000477	0.000477
3.887000	0.019075	0.000312	0.000477	0.000477
3.888000	0.019077	0.000312	0.000477	0.000477
3.889000	0.019079	0.000312	0.000478	0.000478
3.890000	0.019081	0.000312	0.000478	0.000478
3.891000	0.019083	0.000312	0.000478	0.000478
3.892000	0.019086	0.000312	0.000478	0.000478
3.893000	0.019088	0.000312	0.000479	0.000479
3.894000	0.019090	0.000312	0.000479	0.000479
3.895000	0.019092	0.000312	0.000479	0.000479
3.896000	0.019094	0.000313	0.000480	0.000480
3.897000	0.019097	0.000313	0.000480	0.000480
3.898000	0.019099	0.000313	0.000480	0.000480
3.899000	0.019101	0.000313	0.000481	0.000481
3.900000	0.019103	0.000313	0.000481	0.000481
3.901000	0.019105	0.000313	0.000481	0.000481
3.902000	0.019107	0.000313	0.000482	0.000482
3.903000	0.019110	0.000313	0.000482	0.000482
3.904000	0.019112	0.000313	0.000482	0.000482
3.905000	0.019114	0.000314	0.000483	0.000483
3.906000	0.019116	0.000314	0.000483	0.000483
3.907000	0.019118	0.000314	0.000483	0.000483
3.908000	0.019121	0.000314	0.000483	0.000483
3.909000	0.019123	0.000314	0.000484	0.000484
3.910000	0.019125	0.000314	0.000484	0.000484
3.911000	0.019127	0.000314	0.000484	0.000484
3.912000	0.019129	0.000314	0.000485	0.000485
3.913000	0.019131	0.000314	0.000485	0.000485
3.914000	0.019134	0.000314	0.000485	0.000485
3.915000	0.019136	0.000315	0.000486	0.000486
3.916000	0.019138	0.000315	0.000486	0.000486
3.917000	0.019140	0.000315	0.000486	0.000486
3.918000	0.019142	0.000315	0.000487	0.000487
3.919000	0.019144	0.000315	0.000487	0.000487
3.920000	0.019147	0.000315	0.000487	0.000487
3.921000	0.019149	0.000315	0.000488	0.000488
3.922000	0.019151	0.000315	0.000488	0.000488
3.923000	0.019153	0.000315	0.000488	0.000488
3.924000	0.019155	0.000316	0.000489	0.000489
3.925000	0.019157	0.000316	0.000489	0.000489
3.926000	0.019160	0.000316	0.000489	0.000489
3.927000	0.019162	0.000316	0.000489	0.000489
3.928000	0.019164	0.000316	0.000490	0.000490
3.929000	0.019166	0.000316	0.000490	0.000490
3.930000	0.019168	0.000316	0.000490	0.000490
3.931000	0.019170	0.000316	0.000491	0.000491
3.932000	0.019173	0.000316	0.000491	0.000491
3.933000	0.019175	0.000317	0.000491	0.000491
3.934000	0.019177	0.000317	0.000492	0.000492
3.935000	0.019179	0.000317	0.000492	0.000492
3.936000	0.019181	0.000317	0.000492	0.000492
3.937000	0.019183	0.000317	0.000493	0.000493
3.938000	0.019185	0.000317	0.000493	0.000493
3.939000	0.019188	0.000317	0.000493	0.000493
3.940000	0.019190	0.000317	0.000494	0.000494
3.941000	0.019192	0.000317	0.000494	0.000494
3.942000	0.019194	0.000318	0.000494	0.000494
3.943000	0.019196	0.000318	0.000495	0.000495
3.944000	0.019198	0.000318	0.000495	0.000495
3.945000	0.019201	0.000318	0.000495	0.000495
3.946000	0.019203	0.000318	0.000495	0.000495
3.947000	0.019205	0.000318	0.000496	0.000496
3.948000	0.019207	0.000318	0.000496	0.000496
3.949000	0.019209	0.000318	0.000496	0.000496
3.950000	0.019211	0.000318	0.000497	0.000497
3.951000	0.019213	0.000319	0.000497	0.000497
3.952000	0.019216	0.000319	0.000497	0.000497
3.953000	0.019218	0.000319	0.000498	0.000498
3.954000	0.019220	0.000319	0.000498	0.000498
3.955000	0.019222	0.000319	0.000498	0.000498
3.956000	0.019224	0.000319	0.000499	0.000499
3.957000	0.019226	0.000319	0.000499	0.000499
3.958000	0.019228	0.000319	0.000499	0.000499
3.959000	0.019231	0.000319	0.000500	0.000500
3.960000	0.019233	0.000320	0.000500	0.000500
3.961000	0.019235	0.000320	0.000500	0.000500
3.962000	0.019237	0.000320	0.000501	0.000501
3.963000	0.019239	0.000320	0.000501	0.000501
3.964000	0.019241	0.000320	0.000501	0.000501
3.965000	0.019243	0.000320	0.000502	0.000502
3.966000	0.019245	0.000320	0.000502	0.000502
3.967000	0.019248	0.000320	0.000502	0.000502
3.968000	0.019250	0.000320	0.000503	0.000503
3.969000	0.019252	0.000321	0.000503	0.000503
3.970000	0.019254	0.000321	0.000503	0.000503
3.971000	0.019256	0.000321	0.000503	0.000503
3.972000	0.019258	0.000321	0.000504	0.000504
3.973000	0.019260	0.000321	0.000504	0.000504
3.974000	0.019262	0.000321	0.000504	0.000504
3.975000	0.019265	0.000321	0.000505	0.000505
3.976000	0.019267	0.000321	0.000505	0.000505
3.977000	0.019269	0.000321	0.000505	0.000505
3.978000	0.019271	0.000322	0.000506	0.000506
3.979000	0.019273	0.000322	0.000506	0.000506
3.980000	0.019275	0.000322	0.000506	0.000506
3.981000	0.019277	0.000322	0.000507	0.000507
3.982000	0.019279	0.000322	0.000507	0.000507
3.983000	0.019282	0.000322	0.000507	0.000507
3.984000	0.019284	0.000322	0.000508	0.000508
3.985000	0.019286	0.000322	0.000508	0.000508
3.986000	0.019288	0.000322	0.000508	0.000508
3.987000	0.019290	0.000323	0.000509	0.000509
3.988000	0.019292	0.000323	0.000509	0.000509
3.989000	0.019294	0.000323	0.000509	0.000509
3.990000	0.019296	0.000323	0.000510	0.000510
3.991000	0.019299	0.000323	0.000510	0.000510
3.992000	0.019301	0.000323	0.000510	0.000510
3.993000	0.019303	0.000323	0.000511	0.000511
3.994000	0.019305	0.000323	0.000511	0.000511
3.995000	0.019307	0.000323	0.000511	0.000511
3.996000	0.019309	0.000324	0.000512	0.000512
3.997000	0.019311	0.000324	0.000512	0.000512
3.998000	0.019313	0.000324	0.000512	0.000512
3.999000	0.019315	0.000324	0.000513	0.000513
4.000000	0.019317	0.000324	0.000513	0.000513
4.001000	0.019320	0.000324	0.000513	0.000513
4.002000	0.019322	0.000324	0.000513	0.000513
4.003000	0.019324	0.000324	0.000514	0.000514
4.004000	0.019326	0.000324	0.000514	0.000514
4.005000	0.019328	0.000325	0.000514	0.000514
4.006000	0.019330	0.000325	0.000515	0.000515
4.007000	0.019332	0.000325	0.000515	0.000515
4.008000	0.019334	0.000325	0.000515	0.000515
4.009000	0.019336	0.000325	0.000516	0.000516
4.010000	0.019338	0.000325	0.000516	0.000516
4.011000	0.019341	0.000325	0.000516	0.000516
4.012000	0.019343	0.000325	0.000517	0.000517
4.013000	0.019345	0.000325	0.000517	0.000517
4.014000	0.019347	0.000326	0.000517	0.000517
4.015000	0.019349	0.000326	0.000518	0.000518
4.016000	0.019351	0.000326	0.000518	0.000518
4.017000	0.019353	0.000326	0.000518	0.000518
4.018000	0.019355	0.000326	0.000519	0.000519
4.019000	0.019357	0.000326	0.000519	0.000519
4.020000	0.019359	0.000326	0.000519	0.000519
4.021000	0.019362	0.000326	0.000520	0.000520
4.022000	0.019364	0.000326	0.000520	0.000520
4.023000	0.019366	0.000327	0.000520	0.000520
4.024000	0.019368	0.000327	0.000521	0.000521
4.025000	0.019370	0.000327	0.000521	0.000521
4.026000	0.019372	0.000327	0.000521	0.000521
4.027000	0.019374	0.000327	0.000522	0.000522
4.028000	0.019376	0.000327	0.000522	0.000522
4.029000	0.019378	0.000327	0.000522	0.000522
4.030000	0.019380	0.000327	0.000523	0.000523
4.031000	0.019382	0.000327	0.000523	0.000523
4.032000	0.019384	0.000328	0.000523	0.000523
4.033000	0.019387	0.000328	0.000524	0.000524
4.034000	0.019389	0.000328	0.000524	0.000524
4.035000	0.019391	0.000328	0.000524	0.000524
4.036000	0.019393	0.000328	0.000525	0.000525
4.037000	0.019395	0.000328	0.000525	0.000525
4.038000	0.019397	0.000328	0.000525	0.000525
4.039000	0.019399	0.000328	0.000526	0.000526
4.040000	0.019401	0.000328	0.000526	0.000526
4.041000	0.019403	0.000329	0.000526	0.000526
4.042000	0.019405	0.000329	0.000527	0.000527
4.043000	0.019407	0.000329	0.000527	0.000527
4.044000	0.019409	0.000329	0.000527	0.000527
4.045000	0.019411	0.000329	0.000528	0.000528
4.046000	0.019413	0.000329	0.000528	0.000528
4.047000	0.019416	0.000329	0.000528	0.000528
4.048000	0.019418	0.000329	0.000529	0.000529
4.049000	0.019420	0.000329	0.000529	0.000529
4.050000	0.019422	0.000330	0.000529	0.000529
4.051000	0.019424	0.000330	0.000529	0.000529
4.052000	0.019426	0.000330	0.000530	0.000530
4.053000	0.019428	0.000330	0.000530	0.000530
4.054000	0.019430	0.000330	0.000530	0.000530
4.055000	0.019432	0.000330	0.000531	0.000531
4.056000	0.019434	0.000330	0.000531	0.000531
4.057000	0.019436	0.000330	0.000531	0.000531
4.058000	0.019438	0.000330	0.000532	0.000532
4.059000	0.019440	0.000331	0.000532	0.000532
4.060000	0.019442	0.000331	0.000532	0.000532
4.061000	0.019444	0.000331	0.000533	0.000533
4.062000	0.019446	0.000331	0.000533	0.000533
4.063000	0.019449	0.000331	0.000533	0.000533
4.064000	0.019451	0.000331	0.000534	0.000534
4.065000	0.019453	0.000331	0.000534	0.000534
4.066000	0.019455	0.000331	0.000534	0.000534
4.067000	0.019457	0.000331	0.000535	0.000535
4.068000	0.019459	0.000332	0.000535	0.000535
4.069000	0.019461	0.000332	0.000535	0.000535
4.070000	0.019463	0.000332	0.000536	0.000536
4.071000	0.019465	0.000332	0.000536	0.000536
4.072000	0.019467	0.000332	0.000536	0.000536
4.073000	0.019469	0.000332	0.000537	0.000537
4.074000	0.019471	0.000332	0.000537	0.000537
4.075000	0.019473	0.000332	0.000537	0.000537
4.076000	0.019475	0.000332	0.000538	0.000538
4.077000	0.019477	0.000333	0.000538	0.000538
4.078000	0.019479	0.000333	0.000538	0.000538
4.079000	0.019481	0.000333	0.000539	0.000539
4.080000	0.019483	0.000333	0.000539	0.000539
4.081000	0.019485	0.000333	0.000539	0.000539
4.082000	0.019487	0.000333	0.000540	0.000540
4.083000	0.019490	0.000333	0.000540	0.000540
4.084000	0.019492	0.000333	0.000540	0.000540
4.085000	0.019494	0.000333	0.000541	0.000541
4.086000	0.019496	0.000334	0.000541	0.000541
4.087000	0.019498	0.000334	0.000541	0.000541
4.088000	0.019500	0.000334	0.000542	0.000542
4.089000	0.019502	0.000334	0.000542	0.000542
4.090000	0.019504	0.000334	0.000542	0.000542
4.091000	0.019506	0.000334	0.000543	0.000543
4.092000	0.019508	0.000334	0.000543	0.000543
4.093000	0.019510	0.000334	0.000543	0.000543
4.094000	0.019512	0.000334	0.000544	0.000544
4.095000	0.019514	0.000335	0.000544	0.000544
4.096000	0.019516	0.000335	0.000544	0.000544
4.097000	0.019518	0.000335	0.000545	0.000545
4.098000	0.019520	0.000335	0.000545	0.000545
4.099000	0.019522	0.000335	0.000545	0.000545
4.100000	0.019524	0.000335	0.000546	0.000546
4.101000	0.019526	0.000335	0.000546	0.000546
4.102000	0.019528	0.000335	0.000546	0.000546
4.103000	0.019530	0.000335	0.000547	0.000547
4.104000	0.019532	0.000336	0.000547	0.000547
4.105000	0.019534	0.000336	0.000547	0.000547
4.106000	0.019536	0.000336	0.000548	0.000548
4.107000	0.019538	0.000336	0.000548	0.000548
4.108000	0.019540	0.000336	0.000548	0.000548
4.109000	0.019542	0.000336	0.000549	0.000549
4.110000	0.019544	0.000336	0.000549	0.000549
4.111000	0.019546	0.000336	0.000549	0.000549
4.112000	0.019548	0.000336	0.000550	0.000550
4.113000	0.019550	0.000337	0.000550	0.000550
4.114000	0.019552	0.000337	0.000550	0.000550
4.115000	0.019554	0.000337	0.000551	0.000551
4.116000	0.019556	0.000337	0.000551	0.000551
4.117000	0.019558	0.000337	0.000551	0.000551
4.118000	0.019560	0.000337	0.000552	0.000552
4.119000	0.019562	0.000337	0.000552	0.000552
4.120000	0.019565	0.000337	0.000553	0.000553
4.121000	0.019567	0.000337	0.000553	0.000553
4.122000	0.019569	0.000338	0.000553	0.000553
4.123000	0.019571	0.000338	0.000554	0.000554
4.124000	0.019573	0.000338	0.000554	0.000554
4.125000	0.019575	0.000338	0.000554	0.000554
4.126000	0.019577	0.000338	0.000555	0.000555
4.127000	0.019579	0.000338	0.000555	0.000555
4.128000	0.019581	0.000338	0.000555	0.000555
4.129000	0.019583	0.000338	0.000556	0.000556
4.130000	0.019585	0.000338	0.000556	0.000556
4.131000	0.019587	0.000339	0.000556	0.000556
4.132000	0.019589	0.000339	0.000557	0.000557
4.133000	0.019591	0.000339	0.000557	0.000557
4.134000	0.019593	0.000339	0.000557	0.000557
4.135000	0.019595	0.000339	0.000558	0.000558
4.136000	0.019597	0.000339	0.000558	0.000558
4.137000	0.019599	0.000339	0.000558	0.000558
4.138000	0.019601	0.000339	0.000559	0.000559
4.139000	0.019603	0.000339	0.000559	0.000559
4.140000	0.019605	0.000340	0.000559	0.000559
4.141000	0.019607	0.000340	0.000560	0.000560
4.142000	0.019609	0.000340	0.000560	0.000560
4.143000	0.019611	0.000340	0.000560	0.000560
4.144000	0.019613	0.000340	0.000561	0.000561
4.145000	0.019615	0.000340	0.000561	0.000561
4.146000	0.019617	0.000340	0.000561	0.000561
4.147000	0.019619	0.000340	0.000562	0.000562
4.148000	0.019621	0.000340	0.000562	0.000562
4.149000	0.019623	0.000340	0.000562	0.000562
4.150000	0.019625	0.000341	0.000563	0.000563
4.151000	0.019627	0.000341	0.000563	0.000563
4.152000	0.019629	0.000341	0.000563	0.000563
4.153000	0.019631	0.000341	0.000564	0.000564
4.154000	0.019633	0.000341	0.000564	0.000564
4.155000	0.019635	0.000341	0.000564	0.000564
4.156000	0.019637	0.000341	0.000565	0.000565
4.157000	0.019638	0.000341	0.000565	0.000565
4.158000	0.019640	0.000341	0.000565	0.000565
4.159000	0.019642	0.000342	0.000566	0.000566
4.160000	0.019644	0.000342	0.000566	0.000566
4.161000	0.019646	0.000342	0.000566	0.000566
4.162000	0.019648	0.000342	0.000567	0.000567
4.163000	0.019650	0.000342	0.000567	0.000567
4.164000	0.019652	0.000342	0.000567	0.000567
4.165000	0.019654	0.000342	0.000568	0.000568
4.166000	0.019656	0.000342	0.000568	0.000568
4.167000	0.019658	0.000342	0.000568	0.000568
4.168000	0.019660	0.000343	0.000569	0.000569
4.169000	0.019662	0.000343	0.000569	0.000569
4.170000	0.019664	0.000343	0.000570	0.000570
4.171000	0.019666	0.000343	0.000570	0.000570
4.172000	0.019668	0.000343	0.000570	0.000570
4.173000	0.019670	0.000343	0.000571	0.000571
4.174000	0.019672	0.000343	0.000571	0.000571
4.175000	0.019674	0.000343	0.000571	0.000571
4.176000	0.019676	0.000343	0.000572	0.000572
4.177000	0.019678	0.000344	0.000572	0.000572
4.178000	0.019680	0.000344	0.000572	0.000572
4.179000	0.019682	0.000344	0.000573	0.000573
4.180000	0.019684	0.000344	0.000573	0.000573
4.181000	0.019686	0.000344	0.000573	0.000573
4.182000	0.019688	0.000344	0.000574	0.000574
4.183000	0.019690	0.000344	0.000574	0.000574
4.184000	0.019692	0.000344	0.000574	0.000574
4.185000	0.019694	0.000344	0.000575	0.000575
4.186000	0.019696	0.000345	0.000575	0.000575
4.187000	0.019698	0.000345	0.000575	0.000575
4.188000	0.019700	0.000345	0.000576	0.000576
4.189000	0.019702	0.000345	0.000576	0.000576
4.190000	0.019704	0.000345	0.000576	0.000576
4.191000	0.019706	0.000345	0.000577	0.000577
4.192000	0.019708	0.000345	0.000577	0.000577
4.193000	0.019709	0.000345	0.000577	0.000577
4.194000	0.019711	0.000345	0.000578	0.000578
4.195000	0.019713	0.000346	0.000578	0.000578
4.196000	0.019715	0.000346	0.000578	0.000578
4.197000	0.019717	0.000346	0.000579	0.000579
4.198000	0.019719	0.000346	0.000579	0.000579
4.199000	0.019721	0.000346	0.000579	0.000579
4.200000	0.019723	0.000346	0.000580	0.000580
4.201000	0.019725	0.000346	0.000580	0.000580
4.202000	0.019727	0.000346	0.000581	0.000581
4.203000	0.019729	0.000346	0.000581	0.000581
4.204000	0.019731	0.000347	0.000581	0.000581
4.205000	0.019733	0.000347	0.000582	0.000582
4.206000	0.019735	0.000347	0.000582	0.000582
4.207000	0.019737	0.000347	0.000582	0.000582
4.208000	0.019739	0.000347	0.000583	0.000583
4.209000	0.019741	0.000347	0.000583	0.000583
4.210000	0.019743	0.000347	0.000583	0.000583
4.211000	0.019745	0.000347	0.000584	0.000584
4.212000	0.019747	0.000347	0.000584	0.000584
4.213000	0.019749	0.000348	0.000584	0.000584
4.214000	0.019750	0.000348	0.000585	0.000585
4.215000	0.019752	0.000348	0.000585	0.000585
4.216000	0.019754	0.000348	0.000585	0.000585
4.217000	0.019756	0.000348	0.000586	0.000586
4.218000	0.019758	0.000348	0.000586	0.000586
4.219000	0.019760	0.000348	0.000586	0.000586
4.220000	0.019762	0.000348	0.000587	0.000587
4.221000	0.019764	0.000348	0.000587	0.000587
4.222000	0.019766	0.000349	0.000587	0.000587
4.223000	0.019768	0.000349	0.000588	0.000588
4.224000	0.019770	0.000349	0.000588	0.000588
4.225000	0.019772	0.000349	0.000589	0.000589
4.226000	0.019774	0.000349	0.000589	0.000589
4.227000	0.019776	0.000349	0.000589	0.000589
4.228000	0.019778	0.000349	0.000590	0.000590
4.229000	0.019780	0.000349	0.000590	0.000590
4.230000	0.019782	0.000349	0.000590	0.000590
4.231000	0.019783	0.000350	0.000591	0.000591
4.232000	0.019785	0.000350	0.000591	0.000591
4.233000	0.019787	0.000350	0.000591	0.000591
4.234000	0.019789	0.000350	0.000592	0.000592
4.235000	0.019791	0.000350	0.000592	0.000592
4.236000	0.019793	0.000350	0.000592	0.000592
4.237000	0.019795	0.000350	0.000593	0.000593
4.238000	0.019797	0.000350	0.000593	0.000593
4.239000	0.019799	0.000350	0.000593	0.000593
4.240000	0.019801	0.000351	0.000594	0.000594
4.241000	0.019803	0.000351	0.000594	0.000594
4.242000	0.019805	0.000351	0.000594	0.000594
4.243000	0.019807	0.000351	0.000595	0.000595
4.244000	0.019808	0.000351	0.000595	0.000595
4.245000	0.019810	0.000351	0.000596	0.000596
4.246000	0.019812	0.000351	0.000596	0.000596
4.247000	0.019814	0.000351	0.000596	0.000596
4.248000	0.019816	0.000351	0.000597	0.000597
4.249000	0.019818	0.000352	0.000597	0.000597
4.250000	0.019820	0.000352	0.000597	0.000597
4.251000	0.019822	0.000352	0.000598	0.000598
4.252000	0.019824	0.000352	0.000598	0.000598
4.253000	0.019826	0.000352	0.000598	0.000598
4.254000	0.019828	0.000352	0.000599	0.000599
4.255000	0.019830	0.000352	0.000599	0.000599
4.256000	0.019832	0.000352	0.000599	0.000599
4.257000	0.019833	0.000352	0.000600	0.000600
4.258000	0.019835	0.000353	0.000600	0.000600
4.259000	0.019837	0.000353	0.000600	0.000600
4.260000	0.019839	0.000353	0.000601	0.000601
4.261000	0.019841	0.000353	0.000601	0.000601
4.262000	0.019843	0.000353	0.000602	0.000602
4.263000	0.019845	0.000353	0.000602	0.000602
4.264000	0.019847	0.000353	0.000602	0.000602
4.265000	0.019849	0.000353	0.000603	0.000603
4.266000	0.019851	0.000353	0.000603	0.000603
4.267000	0.019853	0.000354	0.000603	0.000603
4.268000	0.019854	0.000354	0.000604	0.000604
4.269000	0.019856	0.000354	0.000604	0.000604
4.270000	0.019858	0.000354	0.000604	0.000604
4.271000	0.019860	0.000354	0.000605	0.000605
4.272000	0.019862	0.000354	0.000605	0.000605
4.273000	0.019864	0.000354	0.000605	0.000605
4.274000	0.019866	0.000354	0.000606	0.000606
4.275000	0.019868	0.000354	0.000606	0.000606
4.276000	0.019870	0.000355	0.000606	0.000606
4.277000	0.019872	0.000355	0.000607	0.000607
4.278000	0.019873	0.000355	0.000607	0.000607
4.279000	0.019875	0.000355	0.000608	0.000608
4.280000	0.019877	0.000355	0.000608	0.000608
4.281000	0.019879	0.000355	0.000608	0.000608
4.282000	0.019881	0.000355	0.000609	0.000609
4.283000	0.019883	0.000355	0.000609	0.000609
4.284000	0.019885	0.000355	0.000609	0.000609
4.285000	0.019887	0.000355	0.000610	0.000610
4.286000	0.019889	0.000356	0.000610	0.000610
4.287000	0.019891	0.000356	0.000610	0.000610
4.288000	0.019892	0.000356	0.000611	0.000611
4.289000	0.019894	0.000356	0.000611	0.000611
4.290000	0.019896	0.000356	0.000611	0.000611
4.291000	0.019898	0.000356	0.000612	0.000612
4.292000	0.019900	0.000356	0.000612	0.000612
4.293000	0.019902	0.000356	0.000613	0.000613
4.294000	0.019904	0.000356	0.000613	0.000613
4.295000	0.019906	0.000357	0.000613	0.000613
4.296000	0.019908	0.000357	0.000614	0.000614
4.297000	0.019909	0.000357	0.000614	0.000614
4.298000	0.019911	0.000357	0.000614	0.000614
4.299000	0.019913	0.000357	0.000615	0.000615
4.300000	0.019915	0.000357	0.000615	0.000615
4.301000	0.019917	0.000357	0.000615	0.000615
4.302000	0.019919	0.000357	0.000616	0.000616
4.303000	0.019921	0.000357	0.000616	0.000616
4.304000	0.019923	0.000358	0.000616	0.000616
4.305000	0.019924	0.000358	0.000617	0.000617
4.306000	0.019926	0.000358	0.000617	0.000617
4.307000	0.019928	0.000358	0.000618	0.000618
4.308000	0.019930	0.000358	0.000618	0.000618
4.309000	0.019932	0.000358	0.000618	0.000618
4.310000	0.019934	0.000358	0.000619	0.000619
4.311000	0.019936	0.000358	0.000619	0.000619
4.312000	0.019938	0.000358	0.000619	0.000619
4.313000	0.019939	0.000359	0.000620	0.000620
4.314000	0.019941	0.000359	0.000620	0.000620
4.315000	0.019943	0.000359	0.000620	0.000620
4.316000	0.019945	0.000359	0.000621	0.000621
4.317000	0.019947	0.000359	0.000621	0.000621
4.318000	0.019949	0.000359	0.000621	0.000621
4.319000	0.019951	0.000359	0.000622	0.000622
4.320000	0.019953	0.000359	0.000622	0.000622
4.321000	0.019954	0.000359	0.000623	0.000623
4.322000	0.019956	0.000360	0.000623	0.000623
4.323000	0.019958	0.000360	0.000623	0.000623
4.324000	0.019960	0.000360	0.000624	0.000624
4.325000	0.019962	0.000360	0.000624	0.000624
4.326000	0.019964	0.000360	0.000624	0.000624
4.327000	0.019966	0.000360	0.000625	0.000625
4.328000	0.019968	0.000360	0.000625	0.000625
4.329000	0.019969	0.000360	0.000625	0.000625
4.330000	0.019971	0.000360	0.000626	0.000626
4.331000	0.019973	0.000361	0.000626	0.000626
4.332000	0.019975	0.000361	0.000626	0.000626
4.333000	0.019977	0.000361	0.000627	0.000627
4.334000	0.019979	0.000361	0.000627	0.000627
4.335000	0.019981	0.000361	0.000628	0.000628
4.336000	0.019982	0.000361	0.000628	0.000628
4.337000	0.019984	0.000361	0.000628	0.000628
4.338000	0.019986	0.000361	0.000629	0.000629
4.339000	0.019988	0.000361	0.000629	0.000629
4.340000	0.019990	0.000362	0.000629	0.000629
4.341000	0.019992	0.000362	0.000630	0.000630
4.342000	0.019994	0.000362	0.000630	0.000630
4.343000	0.019995	0.000362	0.000630	0.000630
4.344000	0.019997	0.000362	0.000631	0.000631
4.345000	0.019999	0.000362	0.000631	0.000631
4.346000	0.020001	0.000362	0.000632	0.000632
4.347000	0.020003	0.000362	0.000632	0.000632
4.348000	0.020005	0.000362	0.000632	0.000632
4.349000	0.020007	0.000363	0.000633	0.000633
4.350000	0.020008	0.000363	0.000633	0.000633
4.351000	0.020010	0.000363	0.000633	0.000633
4.352000	0.020012	0.000363	0.000634	0.000634
4.353000	0.020014	0.000363	0.000634	0.000634
4.354000	0.020016	0.000363	0.000634	0.000634
4.355000	0.020018	0.000363	0.000635	0.000635
4.356000	0.020019	0.000363	0.000635	0.000635
4.357000	0.020021	0.000363	0.000636	0.000636
4.358000	0.020023	0.000364	0.000636	0.000636
4.359000	0.020025	0.000364	0.000636	0.000636
4.360000	0.020027	0.000364	0.000637	0.000637
4.361000	0.020029	0.000364	0.000637	0.000637
4.362000	0.020030	0.000364	0.000637	0.000637
4.363000	0.020032	0.000364	0.000638	0.000638
4.364000	0.020034	0.000364	0.000638	0.000638
4.365000	0.020036	0.000364	0.000638	0.000638
4.366000	0.020038	0.000364	0.000639	0.000639
4.367000	0.020040	0.000365	0.000639	0.000639
4.368000	0.020042	0.000365	0.000640	0.000640
4.369000	0.020043	0.000365	0.000640	0.000640
4.370000	0.020045	0.000365	0.000640	0.000640
4.371000	0.020047	0.000365	0.000641	0.000641
4.372000	0.020049	0.000365	0.000641	0.000641
4.373000	0.020051	0.000365	0.000641	0.000641
4.374000	0.020053	0.000365	0.000642	0.000642
4.375000	0.020054	0.000365	0.000642	0.000642
4.376000	0.020056	0.000366	0.000642	0.000642
4.377000	0.020058	0.000366	0.000643	0.000643
4.378000	0.020060	0.000366	0.000643	0.000643
4.379000	0.020062	0.000366	0.000644	0.000644
4.380000	0.020064	0.000366	0.000644	0.000644
4.381000	0.020065	0.000366	0.000644	0.000644
4.382000	0.020067	0.000366	0.000645	0.000645
4.383000	0.020069	0.000366	0.000645	0.000645
4.384000	0.020071	0.000366	0.000645	0.000645
4.385000	0.020073	0.000366	0.000646	0.000646
4.386000	0.020074	0.000367	0.000646	0.000646
4.387000	0.020076	0.000367	0.000646	0.000646
4.388000	0.020078	0.000367	0.000647	0.000647
4.389000	0.020080	0.000367	0.000647	0.000647
4.390000	0.020082	0.000367	0.000648	0.000648
4.391000	0.020084	0.000367	0.000648	0.000648
4.392000	0.020085	0.000367	0.000648	0.000648
4.393000	0.020087	0.000367	0.000649	0.000649
4.394000	0.020089	0.000367	0.000649	0.000649
4.395000	0.020091	0.000368	0.000649	0.000649
4.396000	0.020093	0.000368	0.000650	0.000650
4.397000	0.020094	0.000368	0.000650	0.000650
4.398000	0.020096	0.000368	0.000651	0.000651
4.399000	0.020098	0.000368	0.000651	0.000651
4.400000	0.020100	0.000368	0.000651	0.000651
4.401000	0.020102	0.000368	0.000652	0.000652
4.402000	0.020104	0.000368	0.000652	0.000652
4.403000	0.020105	0.000368	0.000652	0.000652
4.404000	0.020107	0.000369	0.000653	0.000653
4.405000	0.020109	0.000369	0.000653	0.000653
4.406000	0.020111	0.000369	0.000653	0.000653
4.407000	0.020113	0.000369	0.000654	0.000654
4.408000	0.020114	0.000369	0.000654	0.000654
4.409000	0.020116	0.000369	0.000655	0.000655
4.410000	0.020118	0.000369	0.000655	0.000655
4.411000	0.020120	0.000369	0.000655	0.000655
4.412000	0.020122	0.000369	0.000656	0.000656
4.413000	0.020123	0.000370	0.000656	0.000656
4.414000	0.020125	0.000370	0.000656	0.000656
4.415000	0.020127	0.000370	0.000657	0.000657
4.416000	0.020129	0.000370	0.000657	0.000657
4.417000	0.020131	0.000370	0.000658	0.000658
4.418000	0.020133	0.000370	0.000658	0.000658
4.419000	0.020134	0.000370	0.000658	0.000658
4.420000	0.020136	0.000370	0.000659	0.000659
4.421000	0.020138	0.000370	0.000659	0.000659
4.422000	0.020140	0.000371	0.000659	0.000659
4.423000	0.020142	0.000371	0.000660	0.000660
4.424000	0.020143	0.000371	0.000660	0.000660
4.425000	0.020145	0.000371	0.000661	0.000661
4.426000	0.020147	0.000371	0.000661	0.000661
4.427000	0.020149	0.000371	0.000661	0.000661
4.428000	0.020150	0.000371	0.000662	0.000662
4.429000	0.020152	0.000371	0.000662	0.000662
4.430000	0.020154	0.000371	0.000662	0.000662
4.431000	0.020156	0.000372	0.000663	0.000663
4.432000	0.020158	0.000372	0.000663	0.000663
4.433000	0.020159	0.000372	0.000663	0.000663
4.434000	0.020161	0.000372	0.000664	0.000664
4.435000	0.020163	0.000372	0.000664	0.000664
4.436000	0.020165	0.000372	0.000665	0.000665
4.437000	0.020167	0.000372	0.000665	0.000665
4.438000	0.020168	0.000372	0.000665	0.000665
4.439000	0.020170	0.000372	0.000666	0.000666
4.440000	0.020172	0.000373	0.000666	0.000666
4.441000	0.020174	0.000373	0.000666	0.000666
4.442000	0.020176	0.000373	0.000667	0.000667
4.443000	0.020177	0.000373	0.000667	0.000667
4.444000	0.020179	0.000373	0.000668	0.000668
4.445000	0.020181	0.000373	0.000668	0.000668
4.446000	0.020183	0.000373	0.000668	0.000668
4.447000	0.020185	0.000373	0.000669	0.000669
4.448000	0.020186	0.000373	0.000669	0.000669
4.449000	0.020188	0.000374	0.000669	0.000669
4.450000	0.020190	0.000374	0.000670	0.000670
4.451000	0.020192	0.000374	0.000670	0.000670
4.452000	0.020193	0.000374	0.000671	0.000671
4.453000	0.020195	0.000374	0.000671	0.000671
4.454000	0.020197	0.000374	0.000671	0.000671
4.455000	0.020199	0.000374	0.000672	0.000672
4.456000	0.020201	0.000374	0.000672	0.000672
4.457000	0.020202	0.000374	0.000672	0.000672
4.458000	0.020204	0.000375	0.000673	0.000673
4.459000	0.020206	0.000375	0.000673	0.000673
4.460000	0.020208	0.000375	0.000674	0.000674
4.461000	0.020209	0.000375	0.000674	0.000674
4.462000	0.020211	0.000375	0.000674	0.000674
4.463000	0.020213	0.000375	0.000675	0.000675
4.464000	0.020215	0.000375	0.000675	0.000675
4.465000	0.020217	0.000375	0.000675	0.000675
4.466000	0.020218	0.000375	0.000676	0.000676
4.467000	0.020220	0.000375	0.000676	0.000676
4.468000	0.020222	0.000376	0.000677	0.000677
4.469000	0.020224	0.000376	0.000677	0.000677
4.470000	0.020225	0.000376	0.000677	0.000677
4.471000	0.020227	0.000376	0.000678	0.000678
4.472000	0.020229	0.000376	0.000678	0.000678
4.473000	0.020231	0.000376	0.000678	0.000678
4.474000	0.020232	0.000376	0.000679	0.000679
4.475000	0.020234	0.000376	0.000679	0.000679
4.476000	0.020236	0.000376	0.000680	0.000680
4.477000	0.020238	0.000377	0.000680	0.000680
4.478000	0.020239	0.000377	0.000680	0.000680
4.479000	0.020241	0.000377	0.000681	0.000681
4.480000	0.020243	0.000377	0.000681	0.000681
4.481000	0.020245	0.000377	0.000681	0.000681
4.482000	0.020247	0.000377	0.000682	0.000682
4.483000	0.020248	0.000377	0.000682	0.000682
4.484000	0.020250	0.000377	0.000683	0.000683
4.485000	0.020252	0.000377	0.000683	0.000683
4.486000	0.020254	0.000378	0.000683	0.000683
4.487000	0.020255	0.000378	0.000684	0.000684
4.488000	0.020257	0.000378	0.000684	0.000684
4.489000	0.020259	0.000378	0.000684	0.000684
4.490000	0.020261	0.000378	0.000685	0.000685
4.491000	0.020262	0.000378	0.000685	0.000685
4.492000	0.020264	0.000378	0.000686	0.000686
4.493000	0.020266	0.000378	0.000686	0.000686
4.494000	0.020268	0.000378	0.000686	0.000686
4.495000	0.020269	0.000379	0.000687	0.000687
4.496000	0.020271	0.000379	0.000687	0.000687
4.497000	0.020273	0.000379	0.000687	0.000687
4.498000	0.020275	0.000379	0.000688	0.000688
4.499000	0.020276	0.000379	0.000688	0.000688
4.500000	0.020278	0.000379	0.000689	0.000689
4.501000	0.020280	0.000379	0.000689	0.000689
4.502000	0.020282	0.000379	0.000689	0.000689
4.503000	0.020283	0.000379	0.000690	0.000690
4.504000	0.020285	0.000380	0.000690	0.000690
4.505000	0.020287	0.000380	0.000691	0.000691
4.506000	0.020289	0.000380	0.000691	0.000691
4.507000	0.020290	0.000380	0.000691	0.000691
4.508000	0.020292	0.000380	0.000692	0.000692
4.509000	0.020294	0.000380	0.000692	0.000692
4.510000	0.020296	0.000380	0.000692	0.000692
4.511000	0.020297	0.000380	0.000693	0.000693
4.512000	0.020299	0.000380	0.000693	0.000693
4.513000	0.020301	0.000381	0.000694	0.000694
4.514000	0.020303	0.000381	0.000694	0.000694
4.515000	0.020304	0.000381	0.000694	0.000694
4.516000	0.020306	0.000381	0.000695	0.000695
4.517000	0.020308	0.000381	0.000695	0.000695
4.518000	0.020309	0.000381	0.000695	0.000695
4.519000	0.020311	0.000381	0.000696	0.000696
4.520000	0.020313	0.000381	0.000696	0.000696
4.521000	0.020315	0.000381	0.000697	0.000697
4.522000	0.020316	0.000382	0.000697	0.000697
4.523000	0.020318	0.000382	0.000697	0.000697
4.524000	0.020320	0.000382	0.000698	0.000698
4.525000	0.020322	0.000382	0.000698	0.000698
4.526000	0.020323	0.000382	0.000699	0.000699
4.527000	0.020325	0.000382	0.000699	0.000699
4.528000	0.020327	0.000382	0.000699	0.000699
4.529000	0.020329	0.000382	0.000700	0.000700
4.530000	0.020330	0.000382	0.000700	0.000700
4.531000	0.020332	0.000382	0.000700	0.000700
4.532000	0.020334	0.000383	0.000701	0.000701
4.533000	0.020335	0.000383	0.000701	0.000701
4.534000	0.020337	0.000383	0.000702	0.000702
4.535000	0.020339	0.000383	0.000702	0.000702
4.536000	0.020341	0.000383	0.000702	0.000702
4.537000	0.020342	0.000383	0.000703	0.000703
4.538000	0.020344	0.000383	0.000703	0.000703
4.539000	0.020346	0.000383	0.000704	0.000704
4.540000	0.020348	0.000383	0.000704	0.000704
4.541000	0.020349	0.000384	0.000704	0.000704
4.542000	0.020351	0.000384	0.000705	0.000705
4.543000	0.020353	0.000384	0.000705	0.000705
4.544000	0.020354	0.000384	0.000705	0.000705
4.545000	0.020356	0.000384	0.000706	0.000706
4.546000	0.020358	0.000384	0.000706	0.000706
4.547000	0.020360	0.000384	0.000707	0.000707
4.548000	0.020361	0.000384	0.000707	0.000707
4.549000	0.020363	0.000384	0.000707	0.000707
4.550000	0.020365	0.000385	0.000708	0.000708
4.551000	0.020366	0.000385	0.000708	0.000708
4.552000	0.020368	0.000385	0.000708	0.000708
4.553000	0.020370	0.000385	0.000709	0.000709
4.554000	0.020372	0.000385	0.000709	0.000709
4.555000	0.020373	0.000385	0.000710	0.000710
4.556000	0.020375	0.000385	0.000710	0.000710
4.557000	0.020377	0.000385	0.000710	0.000710
4.558000	0.020378	0.000385	0.000711	0.000711
4.559000	0.020380	0.000386	0.000711	0.000711
4.560000	0.020382	0.000386	0.000712	0.000712
4.561000	0.020384	0.000386	0.000712	0.000712
4.562000	0.020385	0.000386	0.000712	0.000712
4.563000	0.020387	0.000386	0.000713	0.000713
4.564000	0.020389	0.000386	0.000713	0.000713
4.565000	0.020390	0.000386	0.000714	0.000714
4.566000	0.020392	0.000386	0.000714	0.000714
4.567000	0.020394	0.000386	0.000714	0.000714
4.568000	0.020396	0.000387	0.000715	0.000715
4.569000	0.020397	0.000387	0.000715	0.000715
4.570000	0.020399	0.000387	0.000715	0.000715
4.571000	0.020401	0.000387	0.000716	0.000716
4.572000	0.020402	0.000387	0.000716	0.000716
4.573000	0.020404	0.000387	0.000717	0.000717
4.574000	0.020406	0.000387	0.000717	0.000717
4.575000	0.020407	0.000387	0.000717	0.000717
4.576000	0.020409	0.000387	0.000718	0.000718
4.577000	0.020411	0.000388	0.000718	0.000718
4.578000	0.020413	0.000388	0.000719	0.000719
4.579000	0.020414	0.000388	0.000719	0.000719
4.580000	0.020416	0.000388	0.000719	0.000719
4.581000	0.020418	0.000388	0.000720	0.000720
4.582000	0.020419	0.000388	0.000720	0.000720
4.583000	0.020421	0.000388	0.000720	0.000720
4.584000	0.020423	0.000388	0.000721	0.000721
4.585000	0.020424	0.000388	0.000721	0.000721
4.586000	0.020426	0.000389	0.000722	0.000722
4.587000	0.020428	0.000389	0.000722	0.000722
4.588000	0.020430	0.000389	0.000722	0.000722
4.589000	0.020431	0.000389	0.000723	0.000723
4.590000	0.020433	0.000389	0.000723	0.000723
4.591000	0.020435	0.000389	0.000724	0.000724
4.592000	0.020436	0.000389	0.000724	0.000724
4.593000	0.020438	0.000389	0.000724	0.000724
4.594000	0.020440	0.000389	0.000725	0.000725
4.595000	0.020441	0.000389	0.000725	0.000725
4.596000	0.020443	0.000390	0.000726	0.000726
4.597000	0.020445	0.000390	0.000726	0.000726
4.598000	0.020446	0.000390	0.000726	0.000726
4.599000	0.020448	0.000390	0.000727	0.000727
4.600000	0.020450	0.000390	0.000727	0.000727
4.601000	0.020451	0.000390	0.000727	0.000727
4.602000	0.020453	0.000390	0.000728	0.000728
4.603000	0.020455	0.000390	0.000728	0.000728
4.604000	0.020457	0.000390	0.000729	0.000729
4.605000	0.020458	0.000391	0.000729	0.000729
4.606000	0.020460	0.000391	0.000729	0.000729
4.607000	0.020462	0.000391	0.000730	0.000730
4.608000	0.020463	0.000391	0.000730	0.000730
4.609000	0.020465	0.000391	0.000731	0.000731
4.610000	0.020467	0.000391	0.000731	0.000731
4.611000	0.020468	0.000391	0.000731	0.000731
4.612000	0.020470	0.000391	0.000732	0.000732
4.613000	0.020472	0.000391	0.000732	0.000732
4.614000	0.020473	0.000392	0.000733	0.000733
4.615000	0.020475	0.000392	0.000733	0.000733
4.616000	0.020477	0.000392	0.000733	0.000733
4.617000	0.020478	0.000392	0.000734	0.000734
4.618000	0.020480	0.000392	0.000734	0.000734
4.619000	0.020482	0.000392	0.000735	0.000735
4.620000	0.020483	0.000392	0.000735	0.000735
4.621000	0.020485	0.000392	0.000735	0.000735
4.622000	0.020487	0.000392	0.000736	0.000736
4.623000	0.020488	0.000393	0.000736	0.000736
4.624000	0.020490	0.000393	0.000736	0.000736
4.625000	0.020492	0.000393	0.000737	0.000737
4.626000	0.020493	0.000393	0.000737	0.000737
4.627000	0.020495	0.000393	0.000738	0.000738
4.628000	0.020497	0.000393	0.000738	0.000738
4.629000	0.020498	0.000393	0.000738	0.000738
4.630000	0.020500	0.000393	0.000739	0.000739
4.631000	0.020502	0.000393	0.000739	0.000739
4.632000	0.020503	0.000394	0.000740	0.000740
4.633000	0.020505	0.000394	0.000740	0.000740
4.634000	0.020507	0.000394	0.000740	0.000740
4.635000	0.020508	0.000394	0.000741	0.000741
4.636000	0.020510	0.000394	0.000741	0.000741
4.637000	0.020512	0.000394	0.000742	0.000742
4.638000	0.020513	0.000394	0.000742	0.000742
4.639000	0.020515	0.000394	0.000742	0.000742
4.640000	0.020517	0.000394	0.000743	0.000743
4.641000	0.020518	0.000394	0.000743	0.000743
4.642000	0.020520	0.000395	0.000744	0.000744
4.643000	0.020522	0.000395	0.000744	0.000744
4.644000	0.020523	0.000395	0.000744	0.000744
4.645000	0.020525	0.000395	0.000745	0.000745
4.646000	0.020527	0.000395	0.000745	0.000745
4.647000	0.020528	0.000395	0.000746	0.000746
4.648000	0.020530	0.000395	0.000746	0.000746
4.649000	0.020532	0.000395	0.000746	0.000746
4.650000	0.020533	0.000395	0.000747	0.000747
4.651000	0.020535	0.000396	0.000747	0.000747
4.652000	0.020537	0.000396	0.000748	0.000748
4.653000	0.020538	0.000396	0.000748	0.000748
4.654000	0.020540	0.000396	0.000748	0.000748
4.655000	0.020542	0.000396	0.000749	0.000749
4.656000	0.020543	0.000396	0.000749	0.000749
4.657000	0.020545	0.000396	0.000750	0.000750
4.658000	0.020546	0.000396	0.000750	0.000750
4.659000	0.020548	0.000396	0.000750	0.000750
4.660000	0.020550	0.000397	0.000751	0.000751
4.661000	0.020551	0.000397	0.000751	0.000751
4.662000	0.020553	0.000397	0.000751	0.000751
4.663000	0.020555	0.000397	0.000752	0.000752
4.664000	0.020556	0.000397	0.000752	0.000752
4.665000	0.020558	0.000397	0.000753	0.000753
4.666000	0.020560	0.000397	0.000753	0.000753
4.667000	0.020561	0.000397	0.000753	0.000753
4.668000	0.020563	0.000397	0.000754	0.000754
4.669000	0.020565	0.000398	0.000754	0.000754
4.670000	0.020566	0.000398	0.000755	0.000755
4.671000	0.020568	0.000398	0.000755	0.000755
4.672000	0.020570	0.000398	0.000755	0.000755
4.673000	0.020571	0.000398	0.000756	0.000756
4.674000	0.020573	0.000398	0.000756	0.000756
4.675000	0.020574	0.000398	0.000757	0.000757
4.676000	0.020576	0.000398	0.000757	0.000757
4.677000	0.020578	0.000398	0.000757	0.000757
4.678000	0.020579	0.000399	0.000758	0.000758
4.679000	0.020581	0.000399	0.000758	0.000758
4.680000	0.020583	0.000399	0.000759	0.000759
4.681000	0.020584	0.000399	0.000759	0.000759
4.682000	0.020586	0.000399	0.000759	0.000759
4.683000	0.020588	0.000399	0.000760	0.000760
4.684000	0.020589	0.000399	0.000760	0.000760
4.685000	0.020591	0.000399	0.000761	0.000761
4.686000	0.020592	0.000399	0.000761	0.000761
4.687000	0.020594	0.000400	0.000761	0.000761
4.688000	0.020596	0.000400	0.000762	0.000762
4.689000	0.020597	0.000400	0.000762	0.000762
4.690000	0.020599	0.000400	0.000763	0.000763
4.691000	0.020601	0.000400	0.000763	0.000763
4.692000	0.020602	0.000400	0.000763	0.000763
4.693000	0.020604	0.000400	0.000764	0.000764
4.694000	0.020605	0.000400	0.000764	0.000764
4.695000	0.020607	0.000400	0.000765	0.000765
4.696000	0.020609	0.000400	0.000765	0.000765
4.697000	0.020610	0.000401	0.000765	0.000765
4.698000	0.020612	0.000401	0.000766	0.000766
4.699000	0.020614	0.000401	0.000766	0.000766
4.700000	0.020615	0.000401	0.000767	0.000767
4.701000	0.020617	0.000401	0.000767	0.000767
4.702000	0.020618	0.000401	0.000767	0.000767
4.703000	0.020620	0.000401	0.000768	0.000768
4.704000	0.020622	0.000401	0.000768	0.000768
4.705000	0.020623	0.000401	0.000769	0.000769
4.706000	0.020625	0.000402	0.000769	0.000769
4.707000	0.020627	0.000402	0.000769	0.000769
4.708000	0.020628	0.000402	0.000770	0.000770
4.709000	0.020630	0.000402	0.000770	0.000770
4.710000	0.020631	0.000402	0.000771	0.000771
4.711000	0.020633	0.000402	0.000771	0.000771
4.712000	0.020635	0.000402	0.000771	0.000771
4.713000	0.020636	0.000402	0.000772	0.000772
4.714000	0.020638	0.000402	0.000772	0.000772
4.715000	0.020640	0.000403	0.000773	0.000773
4.716000	0.020641	0.000403	0.000773	0.000773
4.717000	0.020643	0.000403	0.000773	0.000773
4.718000	0.020644	0.000403	0.000774	0.000774
4.719000	0.020646	0.000403	0.000774	0.000774
4.720000	0.020648	0.000403	0.000775	0.000775
4.721000	0.020649	0.000403	0.000775	0.000775
4.722000	0.020651	0.000403	0.000775	0.000775
4.723000	0.020652	0.000403	0.000776	0.000776
4.724000	0.020654	0.000404	0.000776	0.000776
4.725000	0.020656	0.000404	0.000777	0.000777
4.726000	0.020657	0.000404	0.000777	0.000777
4.727000	0.020659	0.000404	0.000778	0.000778
4.728000	0.020660	0.000404	0.000778	0.000778
4.729000	0.020662	0.000404	0.000778	0.000778
4.730000	0.020664	0.000404	0.000779	0.000779
4.731000	0.020665	0.000404	0.000779	0.000779
4.732000	0.020667	0.000404	0.000780	0.000780
4.733000	0.020669	0.000404	0.000780	0.000780
4.734000	0.020670	0.000405	0.000780	0.000780
4.735000	0.020672	0.000405	0.000781	0.000781
4.736000	0.020673	0.000405	0.000781	0.000781
4.737000	0.020675	0.000405	0.000782	0.000782
4.738000	0.020677	0.000405	0.000782	0.000782
4.739000	0.020678	0.000405	0.000782	0.000782
4.740000	0.020680	0.000405	0.000783	0.000783
4.741000	0.020681	0.000405	0.000783	0.000783
4.742000	0.020683	0.000405	0.000784	0.000784
4.743000	0.020685	0.000406	0.000784	0.000784
4.744000	0.020686	0.000406	0.000784	0.000784
4.745000	0.020688	0.000406	0.000785	0.000785
4.746000	0.020689	0.000406	0.000785	0.000785
4.747000	0.020691	0.000406	0.000786	0.000786
4.748000	0.020693	0.000406	0.000786	0.000786
4.749000	0.020694	0.000406	0.000786	0.000786
4.750000	0.020696	0.000406	0.000787	0.000787
4.751000	0.020697	0.000406	0.000787	0.000787
4.752000	0.020699	0.000407	0.000788	0.000788
4.753000	0.020700	0.000407	0.000788	0.000788
4.754000	0.020702	0.000407	0.000788	0.000788
4.755000	0.020704	0.000407	0.000789	0.000789
4.756000	0.020705	0.000407	0.000789	0.000789
4.757000	0.020707	0.000407	0.000790	0.000790
4.758000	0.020708	0.000407	0.000790	0.000790
4.759000	0.020710	0.000407	0.000790	0.000790
4.760000	0.020712	0.000407	0.000791	0.000791
4.761000	0.020713	0.000408	0.000791	0.000791
4.762000	0.020715	0.000408	0.000792	0.000792
4.763000	0.020716	0.000408	0.000792	0.000792
4.764000	0.020718	0.000408	0.000793	0.000793
4.765000	0.020720	0.000408	0.000793	0.000793
4.766000	0.020721	0.000408	0.000793	0.000793
4.767000	0.020723	0.000408	0.000794	0.000794
4.768000	0.020724	0.000408	0.000794	0.000794
4.769000	0.020726	0.000408	0.000795	0.000795
4.770000	0.020727	0.000409	0.000795	0.000795
4.771000	0.020729	0.000409	0.000795	0.000795
4.772000	0.020731	0.000409	0.000796	0.000796
4.773000	0.020732	0.000409	0.000796	0.000796
4.774000	0.020734	0.000409	0.000797	0.000797
4.775000	0.020735	0.000409	0.000797	0.000797
4.776000	0.020737	0.000409	0.000797	0.000797
4.777000	0.020739	0.000409	0.000798	0.000798
4.778000	0.020740	0.000409	0.000798	0.000798
4.779000	0.020742	0.000409	0.000799	0.000799
4.780000	0.020743	0.000410	0.000799	0.000799
4.781000	0.020745	0.000410	0.000799	0.000799
4.782000	0.020746	0.000410	0.000800	0.000800
4.783000	0.020748	0.000410	0.000800	0.000800
4.784000	0.020750	0.000410	0.000801	0.000801
4.785000	0.020751	0.000410	0.000801	0.000801
4.786000	0.020753	0.000410	0.000802	0.000802
4.787000	0.020754	0.000410	0.000802	0.000802
4.788000	0.020756	0.000410	0.000802	0.000802
4.789000	0.020757	0.000411	0.000803	0.000803
4.790000	0.020759	0.000411	0.000803	0.000803
4.791000	0.020761	0.000411	0.000804	0.000804
4.792000	0.020762	0.000411	0.000804	0.000804
4.793000	0.020764	0.000411	0.000804	0.000804
4.794000	0.020765	0.000411	0.000805	0.000805
4.795000	0.020767	0.000411	0.000805	0.000805
4.796000	0.020768	0.000411	0.000806	0.000806
4.797000	0.020770	0.000411	0.000806	0.000806
4.798000	0.020772	0.000412	0.000806	0.000806
4.799000	0.020773	0.000412	0.000807	0.000807
4.800000	0.020775	0.000412	0.000807	0.000807
4.801000	0.020776	0.000412	0.000808	0.000808
4.802000	0.020778	0.000412	0.000808	0.000808
4.803000	0.020779	0.000412	0.000809	0.000809
4.804000	0.020781	0.000412	0.000809	0.000809
4.805000	0.020782	0.000412	0.000809	0.000809
4.806000	0.020784	0.000412	0.000810	0.000810
4.807000	0.020786	0.000413	0.000810	0.000810
4.808000	0.020787	0.000413	0.000811	0.000811
4.809000	0.020789	0.000413	0.000811	0.000811
4.810000	0.020790	0.000413	0.000811	0.000811
4.811000	0.020792	0.000413	0.000812	0.000812
4.812000	0.020793	0.000413	0.000812	0.000812
4.813000	0.020795	0.000413	0.000813	0.000813
4.814000	0.020797	0.000413	0.000813	0.000813
4.815000	0.020798	0.000413	0.000813	0.000813
4.816000	0.020800	0.000413	0.000814	0.000814
4.817000	0.020801	0.000414	0.000814	0.000814
4.818000	0.020803	0.000414	0.000815	0.000815
4.819000	0.020804	0.000414	0.000815	0.000815
4.820000	0.020806	0.000414	0.000816	0.000816
4.821000	0.020807	0.000414	0.000816	0.000816
4.822000	0.020809	0.000414	0.000816	0.000816
4.823000	0.020811	0.000414	0.000817	0.000817
4.824000	0.020812	0.000414	0.000817	0.000817
4.825000	0.020814	0.000414	0.000818	0.000818
4.826000	0.020815	0.000415	0.000818	0.000818
4.827000	0.020817	0.000415	0.000818	0.000818
4.828000	0.020818	0.000415	0.000819	0.000819
4.829000	0.020820	0.000415	0.000819	0.000819
4.830000	0.020821	0.000415	0.000820	0.000820
4.831000	0.020823	0.000415	0.000820	0.000820
4.832000	0.020824	0.000415	0.000821	0.000821
4.833000	0.020826	0.000415	0.000821	0.000821
4.834000	0.020828	0.000415	0.000821	0.000821
4.835000	0.020829	0.000416	0.000822	0.000822
4.836000	0.020831	0.000416	0.000822	0.000822
4.837000	0.020832	0.000416	0.000823	0.000823
4.838000	0.020834	0.000416	0.000823	0.000823
4.839000	0.020835	0.000416	0.000823	0.000823
4.840000	0.020837	0.000416	0.000824	0.000824
4.841000	0.020838	0.000416	0.000824	0.000824
4.842000	0.020840	0.000416	0.000825	0.000825
4.843000	0.020841	0.000416	0.000825	0.000825
4.844000	0.020843	0.000417	0.000825	0.000825
4.845000	0.020845	0.000417	0.000826	0.000826
4.846000	0.020846	0.000417	0.000826	0.000826
4.847000	0.020848	0.000417	0.000827	0.000827
4.848000	0.020849	0.000417	0.000827	0.000827
4.849000	0.020851	0.000417	0.000828	0.000828
4.850000	0.020852	0.000417	0.000828	0.000828
4.851000	0.020854	0.000417	0.000828	0.000828
4.852000	0.020855	0.000417	0.000829	0.000829
4.853000	0.020857	0.000417	0.000829	0.000829
4.854000	0.020858	0.000418	0.000830	0.000830
4.855000	0.020860	0.000418	0.000830	0.000830
4.856000	0.020861	0.000418	0.000831	0.000831
4.857000	0.020863	0.000418	0.000831	0.000831
4.858000	0.020864	0.000418	0.000831	0.000831
4.859000	0.020866	0.000418	0.000832	0.000832
4.860000	0.020868	0.000418	0.000832	0.000832
4.861000	0.020869	0.000418	0.000833	0.000833
4.862000	0.020871	0.000418	0.000833	0.000833
4.863000	0.020872	0.000419	0.000833	0.000833
4.864000	0.020874	0.000419	0.000834	0.000834
4.865000	0.020875	0.000419	0.000834	0.000834
4.866000	0.020877	0.000419	0.000835	0.000835
4.867000	0.020878	0.000419	0.000835	0.000835
4.868000	0.020880	0.000419	0.000836	0.000836
4.869000	0.020881	0.000419	0.000836	0.000836
4.870000	0.020883	0.000419	0.000836	0.000836
4.871000	0.020884	0.000419	0.000837	0.000837
4.872000	0.020886	0.000420	0.000837	0.000837
4.873000	0.020887	0.000420	0.000838	0.000838
4.874000	0.020889	0.000420	0.000838	0.000838
4.875000	0.020890	0.000420	0.000838	0.000838
4.876000	0.020892	0.000420	0.000839	0.000839
4.877000	0.020893	0.000420	0.000839	0.000839
4.878000	0.020895	0.000420	0.000840	0.000840
4.879000	0.020897	0.000420	0.000840	0.000840
4.880000	0.020898	0.000420	0.000841	0.000841
4.881000	0.020900	0.000420	0.000841	0.000841
4.882000	0.020901	0.000421	0.000841	0.000841
4.883000	0.020903	0.000421	0.000842	0.000842
4.884000	0.020904	0.000421	0.000842	0.000842
4.885000	0.020906	0.000421	0.000843	0.000843
4.886000	0.020907	0.000421	0.000843	0.000843
4.887000	0.020909	0.000421	0.000844	0.000844
4.888000	0.020910	0.000421	0.000844	0.000844
4.889000	0.020912	0.000421	0.000844	0.000844
4.890000	0.020913	0.000421	0.000845	0.000845
4.891000	0.020915	0.000422	0.000845	0.000845
4.892000	0.020916	0.000422	0.000846	0.000846
4.893000	0.020918	0.000422	0.000846	0.000846
4.894000	0.020919	0.000422	0.000846	0.000846
4.895000	0.020921	0.000422	0.000847	0.000847
4.896000	0.020922	0.000422	0.000847	0.000847
4.897000	0.020924	0.000422	0.000848	0.000848
4.898000	0.020925	0.000422	0.000848	0.000848
4.899000	0.020927	0.000422	0.000849	0.000849
4.900000	0.020928	0.000423	0.000849	0.000849
4.901000	0.020930	0.000423	0.000849	0.000849
4.902000	0.020931	0.000423	0.000850	0.000850
4.903000	0.020933	0.000423	0.000850	0.000850
4.904000	0.020934	0.000423	0.000851	0.000851
4.905000	0.020936	0.000423	0.000851	0.000851
4.906000	0.020937	0.000423	0.000852	0.000852
4.907000	0.020939	0.000423	0.000852	0.000852
4.908000	0.020940	0.000423	0.000852	0.000852
4.909000	0.020942	0.000424	0.000853	0.000853
4.910000	0.020943	0.000424	0.000853	0.000853
4.911000	0.020945	0.000424	0.000854	0.000854
4.912000	0.020946	0.000424	0.000854	0.000854
4.913000	0.020948	0.000424	0.000854	0.000854
4.914000	0.020949	0.000424	0.000855	0.000855
4.915000	0.020951	0.000424	0.000855	0.000855
4.916000	0.020952	0.000424	0.000856	0.000856
4.917000	0.020954	0.000424	0.000856	0.000856
4.918000	0.020955	0.000424	0.000857	0.000857
4.919000	0.020957	0.000425	0.000857	0.000857
4.920000	0.020958	0.000425	0.000857	0.000857
4.921000	0.020960	0.000425	0.000858	0.000858
4.922000	0.020961	0.000425	0.000858	0.000858
4.923000	0.020963	0.000425	0.000859	0.000859
4.924000	0.020964	0.000425	0.000859	0.000859
4.925000	0.020966	0.000425	0.000860	0.000860
4.926000	0.020967	0.000425	0.000860	0.000860
4.927000	0.020969	0.000425	0.000860	0.000860
4.928000	0.020970	0.000426	0.000861	0.000861
4.929000	0.020972	0.000426	0.000861	0.000861
4.930000	0.020973	0.000426	0.000862	0.000862
4.931000	0.020975	0.000426	0.000862	0.000862
4.932000	0.020976	0.000426	0.000863	0.000863
4.933000	0.020978	0.000426	0.000863	0.000863
4.934000	0.020979	0.000426	0.000863	0.000863
4.935000	0.020981	0.000426	0.000864	0.000864
4.936000	0.020982	0.000426	0.000864	0.000864
4.937000	0.020984	0.000427	0.000865	0.000865
4.938000	0.020985	0.000427	0.000865	0.000865
4.939000	0.020987	0.000427	0.000866	0.000866
4.940000	0.020988	0.000427	0.000866	0.000866
4.941000	0.020990	0.000427	0.000866	0.000866
4.942000	0.020991	0.000427	0.000867	0.000867
4.943000	0.020993	0.000427	0.000867	0.000867
4.944000	0.020994	0.000427	0.000868	0.000868
4.945000	0.020996	0.000427	0.000868	0.000868
4.946000	0.020997	0.000427	0.000869	0.000869
4.947000	0.020999	0.000428	0.000869	0.000869
4.948000	0.021000	0.000428	0.000869	0.000869
4.949000	0.021002	0.000428	0.000870	0.000870
4.950000	0.021003	0.000428	0.000870	0.000870
4.951000	0.021004	0.000428	0.000871	0.000871
4.952000	0.021006	0.000428	0.000871	0.000871
4.953000	0.021007	0.000428	0.000872	0.000872
4.954000	0.021009	0.000428	0.000872	0.000872
4.955000	0.021010	0.000428	0.000872	0.000872
4.956000	0.021012	0.000429	0.000873	0.000873
4.957000	0.021013	0.000429	0.000873	0.000873
4.958000	0.021015	0.000429	0.000874	0.000874
4.959000	0.021016	0.000429	0.000874	0.000874
4.960000	0.021018	0.000429	0.000875	0.000875
4.961000	0.021019	0.000429	0.000875	0.000875
4.962000	0.021021	0.000429	0.000875	0.000875
4.963000	0.021022	0.000429	0.000876	0.000876
4.964000	0.021024	0.000429	0.000876	0.000876
4.965000	0.021025	0.000430	0.000877	0.000877
4.966000	0.021027	0.000430	0.000877	0.000877
4.967000	0.021028	0.000430	0.000878	0.000878
4.968000	0.021030	0.000430	0.000878	0.000878
4.969000	0.021031	0.000430	0.000878	0.000878
4.970000	0.021033	0.000430	0.000879	0.000879
4.971000	0.021034	0.000430	0.000879	0.000879
4.972000	0.021035	0.000430	0.000880	0.000880
4.973000	0.021037	0.000430	0.000880	0.000880
4.974000	0.021038	0.000430	0.000881	0.000881
4.975000	0.021040	0.000431	0.000881	0.000881
4.976000	0.021041	0.000431	0.000881	0.000881
4.977000	0.021043	0.000431	0.000882	0.000882
4.978000	0.021044	0.000431	0.000882	0.000882
4.979000	0.021046	0.000431	0.000883	0.000883
4.980000	0.021047	0.000431	0.000883	0.000883
4.981000	0.021049	0.000431	0.000884	0.000884
4.982000	0.021050	0.000431	0.000884	0.000884
4.983000	0.021052	0.000431	0.000884	0.000884
4.984000	0.021053	0.000432	0.000885	0.000885
4.985000	0.021054	0.000432	0.000885	0.000885
4.986000	0.021056	0.000432	0.000886	0.000886
4.987000	0.021057	0.000432	0.000886	0.000886
4.988000	0.021059	0.000432	0.000887	0.000887
4.989000	0.021060	0.000432	0.000887	0.000887
4.990000	0.021062	0.000432	0.000887	0.000887
4.991000	0.021063	0.000432	0.000888	0.000888
4.992000	0.021065	0.000432	0.000888	0.000888
4.993000	0.021066	0.000433	0.000889	0.000889
4.994000	0.021068	0.000433	0.000889	0.000889
4.995000	0.021069	0.000433	0.000890	0.000890
4.996000	0.021071	0.000433	0.000890	0.000890
4.997000	0.021072	0.000433	0.000890	0.000890
4.998000	0.021073	0.000433	0.000891	0.000891
4.999000	0.021075	0.000433	0.000891	0.000891
5.000000	0.021076	0.000433	0.000892	0.000892
