Time,x1,x2,x3,y
0.0,0.0,0.0,0.0,0.0
0.001,9.257544793287652e-06,3.9903380075643204e-11,1.3301728181661501e-14,1.3301728181661501e-14
0.002,1.8511661501151313e-05,1.5958464572141192e-10,1.0639938816311321e-13,1.0639938816311321e-13
0.003,2.776235139301716e-05,3.59000498873756e-10,3.5904921494866284e-13,3.5904921494866284e-13
0.004,3.70096157378413e-05,6.381076598740248e-10,8.509641546821199e-13,8.509641546821199e-13
0.005,4.6253455804109936e-05,9.96862867461243e-10,1.6618138830480826e-12,1.6618138830480826e-12
0.006,5.5493872859839554e-05,1.435222878764889e-09,2.8712248236660028e-12,2.8712248236660028e-12
0.007,6.473086817257708e-05,1.953144469297676e-09,4.558780166477029e-12,4.558780166477029e-12
0.008,7.396444300940009e-05,2.5505844329483366e-09,6.804019886123635e-12,6.804019886123635e-12
0.009000000000000001,8.319459863691694e-05,3.2274995819744086e-09,9.686440760322028e-12,9.686440760322028e-12
0.01,9.242133632126695e-05,3.983846746995026e-09,1.3285496388227355e-11,1.3285496388227355e-11
0.011,0.00010164465732812062,4.819582776983709e-09,1.768059720879169e-11,1.768059720879169e-11
0.012,0.00011086456292267973,5.734664539261161e-09,2.295111051911482e-11,2.295111051911482e-11
0.013000000000000001,0.00012008105436967759,6.729048919488067e-09,2.9176360492787824e-11,2.9176360492787824e-11
0.014,0.00012929413293337913,7.80269282165789e-09,3.6435628198229454e-11,3.6435628198229454e-11
0.015,0.0001385037998775812,8.955553168089679e-09,4.4808151617015316e-11,4.4808151617015316e-11
0.016,0.00014771005646561255,1.0187586899420872e-08,5.437312566219987e-11,5.437312566219987e-11
0.017,0.00015691290396033423,1.1498750974600103e-08,6.520970219663119e-11,6.520970219663119e-11
0.018000000000000002,0.00016611234362413958,1.2889002370880023e-08,7.739699005125862e-11,7.739699005125862e-11
0.019,0.0001753083767189545,1.4358298083810098e-08,9.101405504343313e-11,9.101405504343313e-11
0.02,0.0001845010045062376,1.5906595127229442e-08,1.0613991999520062e-10,1.0613991999520062e-10
0.021,0.00019369022824698031,1.7533850533259626e-08,1.228535647515879e-10,1.228535647515879e-10
0.022,0.00020287604920170722,1.9240021352297502e-08,1.4123392619888156e-10,1.4123392619888156e-10
0.023,0.00021205846863047605,2.1025064653008032e-08,1.6135989828289976e-10,1.6135989828289976e-10
0.024,0.000221237487792878,2.2888937522317117e-08,1.8331033202725666e-10,1.8331033202725666e-10
0.025,0.00023041310794803777,2.4831597065404417e-08,2.0716403555161978e-10,2.0716403555161978e-10
0.026000000000000002,0.00023958533035461384,2.6853000405696196e-08,2.3299977408996024e-10,2.3299977408996024e-10
0.027,0.0002487541562707986,2.8953104684858154e-08,2.608962700087957e-10,2.608962700087957e-10
0.028,0.00025791958695431854,3.113186706278826e-08,2.909322028254263e-10,2.909322028254263e-10
0.029,0.00026708162366243437,3.33892447176096e-08,3.2318620922616315e-10,3.2318620922616315e-10
0.03,0.00027624026765194127,3.572519484566323e-08,3.5773688308455025e-10,3.5773688308455025e-10
0.031,0.000285395520179169,3.813967466150099e-08,3.9466277547957855e-10,3.9466277547957855e-10
0.032,0.0002945473824999822,4.06326413978784e-08,4.340423947138932e-10,4.340423947138932e-10
0.033,0.00030369585586978025,4.3204052305747465e-08,4.759542063319939e-10,4.759542063319939e-10
0.034,0.0003128409415434979,4.585386465424957e-08,5.204766331384273e-10,5.204766331384273e-10
0.035,0.000321982640775605,4.858203573070832e-08,5.676880552159735e-10,5.676880552159735e-10
0.036000000000000004,0.000331120954820107,5.138852284062239e-08,6.176668099438243e-10,6.176668099438243e-10
0.037,0.00034025588493054494,5.427328330765841e-08,6.704911920157544e-10,6.704911920157544e-10
0.038,0.0003493874323599956,5.723627447364381e-08,7.262394534582865e-10,7.262394534582865e-10
0.039,0.0003585155983610719,6.027745369855971e-08,7.849898036488481e-10,7.849898036488481e-10
0.04,0.00036764038418592274,6.339677836053377e-08,8.468204093339214e-10,8.468204093339214e-10
0.041,0.0003767617910862335,6.659420585583309e-08,9.11809394647187e-10,9.11809394647187e-10
0.042,0.0003858798203132259,6.986969359885705e-08,9.80034841127659e-10,9.80034841127659e-10
0.043000000000000003,0.00039499447311765857,7.32231990221302e-08,1.0515747877378142e-09,1.0515747877378142e-09
0.044,0.0004041057507498267,7.66546795762952e-08,1.1265072308817137e-09,1.1265072308817137e-09
0.045,0.0004132136544595627,8.016409273010563e-08,1.204910124423117e-09,1.204910124423117e-09
0.046,0.0004223181854962361,8.375139597041888e-08,1.2868613797035897e-09,1.2868613797035897e-09
0.047,0.0004314193451087537,8.74165468021891e-08,1.3724388655606044e-09,1.3724388655606044e-09
0.048,0.00044051713454555994,9.115950274846005e-08,1.4617204083456325e-09,1.4617204083456325e-09
0.049,0.00044961155505463695,9.498022135035799e-08,1.5547837919422313e-09,1.5547837919422313e-09
0.05,0.00045870260788350467,9.88786601670846e-08,1.6517067577841226e-09,1.6517067577841226e-09
0.051000000000000004,0.00046779029427922115,1.0285477677590987e-07,1.7525670048732648e-09,1.7525670048732648e-09
0.052000000000000005,0.0004768746154883826,1.06908528772165e-07,1.8574421897979173e-09,1.8574421897979173e-09
0.053,0.0004859555727571236,1.1103987376923535e-07,1.9664099267506984e-09,1.9664099267506984e-09
0.054,0.0004950331673311174,1.1524876939855326e-07,2.079547787546636e-09,2.079547787546636e-09
0.055,0.0005041074004555758,1.1953517330959103e-07,2.1969333016412103e-09,2.1969333016412103e-09
0.056,0.0005131782733752496,1.2389904316985384e-07,2.318643956148392e-09,2.318643956148392e-09
0.057,0.0005222457873344287,1.283403366648726e-07,2.4447571958586695e-09,2.4447571958586695e-09
0.058,0.0005313099435769423,1.3285901149819699e-07,2.575350423257072e-09,2.575350423257072e-09
0.059000000000000004,0.0005403707433461586,1.3745502539138824e-07,2.7105009985411855e-09,2.7105009985411855e-09
0.06,0.0005494281878849859,1.4212833608401216e-07,2.8502862396391593e-09,2.8502862396391593e-09
0.061,0.0005584822784358719,1.46878901333632e-07,2.9947834222277084e-09,2.9947834222277084e-09
0.062,0.0005675330162408044,1.5170667891580143e-07,3.144069779750107e-09,3.144069779750107e-09
0.063,0.0005765804025413113,1.5661162662405745e-07,3.298222503434174e-09,3.298222503434174e-09
0.064,0.0005856244385784606,1.6159370226991334e-07,3.457318742310256e-09,3.457318742310256e-09
0.065,0.000594665125592861,1.6665286368285158e-07,3.6214356032291958e-09,3.6214356032291958e-09
0.066,0.0006037024648246613,1.7178906871031679e-07,3.790650150880302e-09,3.790650150880302e-09
0.067,0.0006127364575135517,1.7700227521770873e-07,3.965039407809306e-09,3.965039407809306e-09
0.068,0.0006217671048987628,1.8229244108837514e-07,4.144680354436313e-09,4.144680354436313e-09
0.069,0.0006307944082190668,1.876595242236048e-07,4.329649929073746e-09,4.329649929073746e-09
0.07,0.0006398183687127767,1.9310348254262043e-07,4.520025027944286e-09,4.520025027944286e-09
0.07100000000000001,0.0006488389876177472,1.9862427398257162e-07,4.715882505198801e-09,4.715882505198801e-09
0.07200000000000001,0.0006578562661713748,2.0422185649852783e-07,4.917299172934267e-09,4.917299172934267e-09
0.073,0.0006668702056105974,2.0989618806347134e-07,5.124351801211689e-09,5.124351801211689e-09
0.074,0.0006758808071718951,2.1564722666829023e-07,5.337117118074005e-09,5.337117118074005e-09
0.075,0.00068488807209129,2.2147493032177125e-07,5.555671809563993e-09,5.555671809563993e-09
0.076,0.0006938920016043467,2.2737925705059295e-07,5.780092519742164e-09,5.780092519742164e-09
0.077,0.0007028925969461722,2.3336016489931852e-07,6.010455850704651e-09,6.010455850704651e-09
0.078,0.0007118898593514158,2.394176119303888e-07,6.246838362601087e-09,6.246838362601087e-09
0.079,0.0007208837900542701,2.455515562241153e-07,6.4893165736524846e-09,6.4893165736524846e-09
0.08,0.0007298743902884705,2.517619558786731e-07,6.737966960169099e-09,6.737966960169099e-09
0.081,0.0007388616612872954,2.5804876901009387e-07,6.992865956568289e-09,6.992865956568289e-09
0.082,0.0007478456042835667,2.644119537522589e-07,7.254089955392372e-09,7.254089955392372e-09
0.083,0.0007568262205096495,2.7085146825689207e-07,7.521715307326467e-09,7.521715307326467e-09
0.084,0.0007658035111974531,2.773672706935527e-07,7.795818321216336e-09,7.795818321216336e-09
0.085,0.0007747774775784301,2.8395931924962874e-07,8.076475264086217e-09,8.076475264086217e-09
0.08600000000000001,0.0007837481208835773,2.9062757213032966e-07,8.36376236115664e-09,8.36376236115664e-09
0.08700000000000001,0.0007927154423434355,2.9737198755867946e-07,8.657755795862263e-09,8.657755795862263e-09
0.088,0.0008016794431880901,3.041925237755097e-07,8.958531709869665e-09,8.958531709869665e-09
0.089,0.0008106401246471709,3.1108913903945253e-07,9.26616620309516e-09,9.26616620309516e-09
0.09,0.0008195974879498522,3.180617916269335e-07,9.580735333722588e-09,9.580735333722588e-09
0.091,0.0008285515343248534,3.251104398321649e-07,9.902315118221116e-09,9.902315118221116e-09
0.092,0.0008375022650004386,3.3223504196713843e-07,1.0230981531363006e-08,1.0230981531363006e-08
0.093,0.0008464496812044174,3.394355563616185e-07,1.0566810506241402e-08,1.0566810506241402e-08
0.094,0.0008553937841641445,3.4671194136313495e-07,1.0909877934288096e-08,1.0909877934288096e-08
0.095,0.0008643345751065202,3.540641553369764e-07,1.1260259665291288e-08,1.1260259665291288e-08
0.096,0.0008732720552579904,3.61492156666183e-07,1.1618031507413344e-08,1.1618031507413344e-08
0.097,0.0008822062258445469,3.689959037515397e-07,1.1983269227208543e-08,1.1983269227208543e-08
0.098,0.0008911370880917277,3.76575355011569e-07,1.2356048549640821e-08,1.2356048549640821e-08
0.099,0.0009000646432246166,3.8423046888252405e-07,1.2736445158101497e-08,1.2736445158101497e-08
0.1,0.000908988892467844,3.9196120381838195e-07,1.312453469442701e-08,1.312453469442701e-08
0.101,0.0009179098370455868,3.997675182908364e-07,1.3520392758916635e-08,1.3520392758916635e-08
0.10200000000000001,0.0009268274781815684,4.0764937078929115e-07,1.3924094910350192e-08,1.3924094910350192e-08
0.10300000000000001,0.0009357418170990594,4.1560671982085255e-07,1.4335716666005761e-08,1.4335716666005761e-08
0.10400000000000001,0.0009446528550208773,4.23639523910323e-07,1.4755333501677376e-08,1.4755333501677376e-08
0.105,0.0009535605931693864,4.3174774160019383e-07,1.5183020851692718e-08,1.5183020851692718e-08
0.106,0.000962465032766499,4.3993133145063837e-07,1.5618854108930798e-08,1.5618854108930798e-08
0.107,0.0009713661750336743,4.48190252039505e-07,1.6062908624839645e-08,1.6062908624839645e-08
0.108,0.0009802640211919195,4.565244619623101e-07,1.6515259709453964e-08,1.6515259709453964e-08
0.109,0.00098915857246179,4.6493391983223136e-07,1.6975982631412813e-08,1.6975982631412813e-08
0.11,0.0009980498300633885,4.734185842801006e-07,1.7445152617977253e-08,1.7445152617977253e-08
0.111,0.0010069377952163663,4.81978413954397e-07,1.7922844855048e-08,1.7922844855048e-08
0.112,0.0010158224691399233,4.906133675212398e-07,1.8409134487183072e-08,1.8409134487183072e-08
0.113,0.0010247038530528073,4.993234036643822e-07,1.8904096617615423e-08,1.8904096617615423e-08
0.114,0.0010335819481733152,5.081084810852033e-07,1.9407806308270572e-08,1.9407806308270572e-08
0.115,0.001042456755719293,5.169685585027019e-07,1.9920338579784233e-08,1.9920338579784233e-08
0.116,0.0010513282769081351,5.259035946534898e-07,2.0441768411519917e-08,2.0441768411519917e-08
0.117,0.0010601965129567858,5.349135482917839e-07,2.097217074158656e-08,2.097217074158656e-08
0.11800000000000001,0.001069061465081738,5.439983781894003e-07,2.1511620466856104e-08,2.1511620466856104e-08
0.11900000000000001,0.0010779231344990347,5.531580431357469e-07,2.2060192442981114e-08,2.2060192442981114e-08
0.12,0.0010867815224242685,5.623925019378164e-07,2.261796148441235e-08,2.261796148441235e-08
0.121,0.0010956366300725819,5.717017134201796e-07,2.3185002364416357e-08,2.3185002364416357e-08
0.122,0.001104488458658667,5.810856364249786e-07,2.3761389815093034e-08,2.3761389815093034e-08
0.123,0.0011133370093967666,5.905442298119194e-07,2.4347198527393206e-08,2.4347198527393206e-08
0.124,0.0011221822835006737,6.000774524582656e-07,2.4942503151136186e-08,2.4942503151136186e-08
0.125,0.0011310242821837317,6.096852632588309e-07,2.554737829502732e-08,2.554737829502732e-08
0.126,0.0011398630066588348,6.193676211259728e-07,2.616189852667555e-08,2.616189852667555e-08
0.127,0.0011486984581384283,6.291244849895852e-07,2.6786138372610935e-08,2.6786138372610935e-08
0.128,0.001157530637834508,6.389558137970919e-07,2.74201723183022e-08,2.74201723183022e-08
0.129,0.0011663595469586215,6.488615665134396e-07,2.8064074808174248e-08,2.8064074808174248e-08
0.13,0.0011751851867218672,6.588417021210905e-07,2.8717920245625695e-08,2.8717920245625695e-08
0.131,0.0011840075583348954,6.688961796200162e-07,2.9381782993046367e-08,2.9381782993046367e-08
0.132,0.001192826663007908,6.790249580276906e-07,3.0055737371834825e-08,3.0055737371834825e-08
0.133,0.0012016425019506587,6.892279963790824e-07,3.0739857662415836e-08,3.0739857662415836e-08
0.134,0.0012104550763724533,6.995052537266493e-07,3.1434218104257896e-08,3.1434218104257896e-08
0.135,0.0012192643874821497,7.0985668914033e-07,3.213889289589069e-08,3.213889289589069e-08
0.136,0.0012280704364881583,7.202822617075383e-07,3.285395619492258e-08,3.285395619492258e-08
0.137,0.001236873224598442,7.307819305331554e-07,3.357948211805808e-08,3.357948211805808e-08
0.138,0.0012456727530205161,7.413556547395237e-07,3.431554474111532e-08,3.431554474111532e-08
0.139,0.0012544690229614492,7.520033934664395e-07,3.506221809904349e-08,3.506221809904349e-08
0.14,0.0012632620356278624,7.627251058711464e-07,3.581957618594031e-08,3.581957618594031e-08
0.14100000000000001,0.0012720517922259306,7.735207511283283e-07,3.6587692955069456e-08,3.6587692955069456e-08
0.14200000000000002,0.0012808382939613818,7.843902884301026e-07,3.736664231887801e-08,3.736664231887801e-08
0.14300000000000002,0.0012896215420394972,7.953336769860132e-07,3.815649814901389e-08,3.815649814901389e-08
0.14400000000000002,0.0012984015376651121,8.063508760230239e-07,3.895733427634325e-08,3.895733427634325e-08
0.145,0.0013071782820426154,8.174418447855113e-07,3.976922449096794e-08,3.976922449096794e-08
0.146,0.0013159517763759502,8.286065425352583e-07,4.059224254224287e-08,4.059224254224287e-08
0.147,0.0013247220218686137,8.398449285514468e-07,4.1426462138793454e-08,4.1426462138793454e-08
0.148,0.0013334890197236572,8.511569621306512e-07,4.227195694853296e-08,4.227195694853296e-08
0.149,0.0013422527711436868,8.625426025868313e-07,4.3128800598679933e-08,4.3128800598679933e-08
0.15,0.0013510132773308634,8.740018092513257e-07,4.399706667577558e-08,4.399706667577558e-08
0.151,0.0013597705394869024,8.855345414728451e-07,4.487682872570111e-08,4.487682872570111e-08
0.152,0.0013685245588130742,8.971407586174649e-07,4.576816025369515e-08,4.576816025369515e-08
0.153,0.0013772753365102048,9.088204200686188e-07,4.6671134724371067e-08,4.6671134724371067e-08
0.154,0.001386022873778675,9.205734852270921e-07,4.7585825561734344e-08,4.7585825561734344e-08
0.155,0.0013947671718184216,9.323999135110143e-07,4.851230614919992e-08,4.851230614919992e-08
0.156,0.0014035082318289366,9.44299664355853e-07,4.9450649829609534e-08,4.9450649829609534e-08
0.157,0.001412246055009268,9.562726972144065e-07,5.0400929905249055e-08,5.0400929905249055e-08
0.158,0.0014209806425580199,9.683189715567973e-07,5.136321963786581e-08,5.136321963786581e-08
0.159,0.0014297119956733525,9.804384468704654e-07,5.2337592248685926e-08,5.2337592248685926e-08
0.16,0.0014384401155529824,9.926310826601609e-07,5.3324120918431604e-08,5.3324120918431604e-08
0.161,0.0014471650033941823,1.0048968384479378e-06,5.432287878733846e-08,5.432287878733846e-08
0.162,0.001455886660393782,1.0172356737731468e-06,5.5333938955172814e-08,5.5333938955172814e-08
0.163,0.0014646050877481678,1.029647548192429e-06,5.635737448124897e-08,5.635737448124897e-08
0.164,0.0014733202866532831,1.0421324212797082e-06,5.739325838444652e-08,5.739325838444652e-08
0.165,0.0014820322583046287,1.0546902526261855e-06,5.844166364322764e-08,5.844166364322764e-08
0.166,0.0014907410038972621,1.0673210018403308e-06,5.95026631956543e-08,5.95026631956543e-08
0.167,0.001499446524625799,1.0800246285478774e-06,6.057632993940562e-08,6.057632993940562e-08
0.168,0.001508148821684412,1.0928010923918149e-06,6.166273673179505e-08,6.166273673179505e-08
0.169,0.0015168478962668322,1.1056503530323815e-06,6.276195638978765e-08,6.276195638978765e-08
0.17,0.001525543749566348,1.1185723701470586e-06,6.387406169001737e-08,6.387406169001737e-08
0.171,0.0015342363827758065,1.1315671034305628e-06,6.499912536880424e-08,6.499912536880424e-08
0.17200000000000001,0.0015429257970876126,1.1446345125948402e-06,6.613722012217161e-08,6.613722012217161e-08
0.17300000000000001,0.00155161199369373,1.1577745573690585e-06,6.728841860586342e-08,6.728841860586342e-08
0.17400000000000002,0.0015602949737856808,1.1709871974996013e-06,6.845279343536136e-08,6.845279343536136e-08
0.17500000000000002,0.001568974738554546,1.1842723927500606e-06,6.963041718590212e-08,6.963041718590212e-08
0.176,0.0015776512891909655,1.1976301029012303e-06,7.082136239249458e-08,7.082136239249458e-08
0.177,0.0015863246268851383,1.2110602877510992e-06,7.2025701549937e-08,7.2025701549937e-08
0.178,0.0015949947528268226,1.224562907114845e-06,7.324350711283425e-08,7.324350711283425e-08
0.179,0.001603661668205336,1.2381379208248267e-06,7.447485149561496e-08,7.447485149561496e-08
0.18,0.001612325374209556,1.2517852887305776e-06,7.57198070725487e-08,7.57198070725487e-08
0.181,0.0016209858720279198,1.2655049706987997e-06,7.697844617776313e-08,7.697844617776313e-08
0.182,0.001629643162848424,1.279296926613356e-06,7.825084110526126e-08,7.825084110526126e-08
0.183,0.001638297247858626,1.2931611163752645e-06,7.953706410893848e-08,7.953706410893848e-08
0.184,0.0016469481282456427,1.3070974999026903e-06,8.083718740259982e-08,8.083718740259982e-08
0.185,0.001655595805196152,1.32110603713094e-06,8.2151283159977e-08,8.2151283159977e-08
0.186,0.0016642402798963925,1.3351866880124545e-06,8.347942351474564e-08,8.347942351474564e-08
0.187,0.0016728815535321628,1.349339412516802e-06,8.482168056054238e-08,8.482168056054238e-08
0.188,0.001681519627288823,1.3635641706306721e-06,8.617812635098195e-08,8.617812635098195e-08
0.189,0.0016901545023512937,1.377860922357868e-06,8.754883289967435e-08,8.754883289967435e-08
0.19,0.0016987861799040577,1.3922296277193e-06,8.893387218024195e-08,8.893387218024195e-08
0.191,0.001707414661131158,1.4066702467529798e-06,9.033331612633655e-08,9.033331612633655e-08
0.192,0.0017160399472162002,1.4211827395140126e-06,9.174723663165655e-08,9.174723663165655e-08
0.193,0.0017246620393423508,1.435767066074591e-06,9.317570554996395e-08,9.317570554996395e-08
0.194,0.0017332809386923387,1.4504231865239877e-06,9.461879469510152e-08,9.461879469510152e-08
0.195,0.0017418966464484546,1.4651510609685492e-06,9.607657584100984e-08,9.607657584100984e-08
0.196,0.0017505091637925513,1.4799506495316894e-06,9.754912072174434e-08,9.754912072174434e-08
0.197,0.0017591184919060442,1.494821912353882e-06,9.903650103149243e-08,9.903650103149243e-08
0.198,0.001767724631969911,1.5097648095926546e-06,1.005387884245905e-07,1.005387884245905e-07
0.199,0.0017763275851646922,1.5247793014225818e-06,1.0205605451554099e-07,1.0205605451554099e-07
0.2,0.0017849273526704913,1.5398653480352778e-06,1.0358837087902944e-07,1.0358837087902944e-07
0.201,0.0017935239356669744,1.555022909639391e-06,1.0513580904994153e-07,1.0513580904994153e-07
0.202,0.0018021173353333713,1.5702519464605962e-06,1.0669844052338011e-07,1.0669844052338011e-07
0.203,0.0018107075528484746,1.585552418741588e-06,1.0827633675468219e-07,1.0827633675468219e-07
0.20400000000000001,0.0018192945893906406,1.600924286742075e-06,1.0986956915943598e-07,1.0986956915943598e-07
0.20500000000000002,0.0018278784461377895,1.6163675107387717e-06,1.1147820911349793e-07,1.1147820911349793e-07
0.20600000000000002,0.0018364591242674049,1.6318820510253934e-06,1.131023279530097e-07,1.131023279530097e-07
0.20700000000000002,0.0018450366249565346,1.647467867912648e-06,1.1474199697441513e-07,1.1474199697441513e-07
0.20800000000000002,0.0018536109493817907,1.6631249217282305e-06,1.163972874344773e-07,1.163972874344773e-07
0.209,0.001862182098719349,1.6788531728168156e-06,1.1806827055029545e-07,1.1806827055029545e-07
0.21,0.0018707500741449506,1.694652581540051e-06,1.1975501749932202e-07,1.1975501749932202e-07
0.211,0.0018793148768339006,1.7105231082765513e-06,1.2145759941937951e-07,1.2145759941937951e-07
0.212,0.001887876507961069,1.726464713421891e-06,1.2317608740867758e-07,1.2317608740867758e-07
0.213,0.0018964349687008908,1.7424773573885975e-06,1.2491055252582994e-07,1.2491055252582994e-07
0.214,0.0019049902602273662,1.758561000606145e-06,1.2666106578987127e-07,1.2666106578987127e-07
0.215,0.0019135423837140606,1.7747156035209474e-06,1.284276981802742e-07,1.284276981802742e-07
0.216,0.0019220913403341048,1.790941126596352e-06,1.3021052063696622e-07,1.3021052063696622e-07
0.217,0.001930637131260195,1.8072375303126325e-06,1.320096040603467e-07,1.320096040603467e-07
0.218,0.0019391797576645937,1.8236047751669822e-06,1.338250193113037e-07,1.338250193113037e-07
0.219,0.0019477192207191286,1.840042821673508e-06,1.3565683721123093e-07,1.3565683721123093e-07
0.22,0.001956255521595194,1.8565516303632232e-06,1.3750512854204465e-07,1.3750512854204465e-07
0.221,0.0019647886614637504,1.873131161784041e-06,1.393699640462006e-07,1.393699640462006e-07
0.222,0.0019733186414953243,1.8897813765007679e-06,1.412514144267109e-07,1.412514144267109e-07
0.223,0.001981845462860009,1.9065022350950969e-06,1.4314955034716086e-07,1.4314955034716086e-07
0.224,0.0019903691267274645,1.923293698165601e-06,1.45064442431726e-07,1.45064442431726e-07
0.225,0.001998889634266918,1.9401557263277266e-06,1.469961612651888e-07,1.469961612651888e-07
0.226,0.002007406986647163,1.9570882802137866e-06,1.489447773929556e-07,1.489447773929556e-07
0.227,0.002015921185036561,1.9740913204729537e-06,1.509103613210736e-07,1.509103613210736e-07
0.228,0.00202443223060304,1.991164807771255e-06,1.5289298351624743e-07,1.5289298351624743e-07
0.229,0.0020329401245140965,2.008308702791563e-06,1.548927144058563e-07,1.548927144058563e-07
0.23,0.002041444867936794,2.025522966233591e-06,1.5690962437797064e-07,1.5690962437797064e-07
0.231,0.0020499464620377635,2.042807558813886e-06,1.5894378378136908e-07,1.5894378378136908e-07
0.232,0.002058444907983205,2.060162441265821e-06,1.6099526292555514e-07,1.6099526292555514e-07
0.233,0.002066940206938886,2.0775875743395906e-06,1.6306413208077419e-07,1.6306413208077419e-07
0.234,0.0020754323600701424,2.0950829188022018e-06,1.6515046147803014e-07,1.6515046147803014e-07
0.23500000000000001,0.0020839213685418787,2.112648435437469e-06,1.6725432130910233e-07,1.6725432130910233e-07
0.23600000000000002,0.002092407233518568,2.1302840850460074e-06,1.6937578172656236e-07,1.6937578172656236e-07
0.23700000000000002,0.002100889956164252,2.147989828445225e-06,1.7151491284379078e-07,1.7151491284379078e-07
0.23800000000000002,0.002109369537642541,2.165765626469318e-06,1.7367178473499397e-07,1.7367178473499397e-07
0.23900000000000002,0.0021178459791166156,2.183611439969263e-06,1.758464674352209e-07,1.758464674352209e-07
0.24,0.002126319281749225,2.20152722981281e-06,1.780390309403799e-07,1.780390309403799e-07
0.241,0.0021347894467026876,2.219512956884476e-06,1.8024954520725542e-07,1.8024954520725542e-07
0.242,0.002143256475138892,2.2375685820855403e-06,1.8247808015352483e-07,1.8247808015352483e-07
0.243,0.0021517203682192955,2.2556940663340348e-06,1.8472470565777516e-07,1.8472470565777516e-07
0.244,0.0021601811271049266,2.2738893705647395e-06,1.8698949155951983e-07,1.8698949155951983e-07
0.245,0.0021686387529563826,2.2921544557291754e-06,1.8927250765921542e-07,1.8927250765921542e-07
0.246,0.002177093246933832,2.310489282795598e-06,1.915738237182784e-07,1.915738237182784e-07
0.247,0.0021855446101970133,2.3288938127489904e-06,1.938935094591018e-07,1.938935094591018e-07
0.248,0.0021939928439052357,2.3473680065910566e-06,1.9623163456507212e-07,1.9623163456507212e-07
0.249,0.002202437949217379,2.3659118253402155e-06,1.985882686805858e-07,1.985882686805858e-07
0.25,0.002210879927291894,2.384525230031594e-06,2.0096348141106614e-07,2.0096348141106614e-07
0.251,0.0022193187792868023,2.4032081817170202e-06,2.0335734232297987e-07,2.0335734232297987e-07
0.252,0.0022277545063596966,2.421960641465018e-06,2.057699209438539e-07,2.057699209438539e-07
0.253,0.002236187109667741,2.440782570360798e-06,2.0820128676229202e-07,2.0820128676229202e-07
0.254,0.002244616590367672,2.459673929506254e-06,2.106515092279916e-07,2.106515092279916e-07
0.255,0.002253042949615796,2.478634680019954e-06,2.1312065775176016e-07,2.1312065775176016e-07
0.256,0.002261466188567993,2.4976647830371344e-06,2.156088017055322e-07,2.156088017055322e-07
0.257,0.0022698863083797137,2.516764199709695e-06,2.1811601042238577e-07,2.1811601042238577e-07
0.258,0.0022783033102059817,2.53593289120619e-06,2.206423531965591e-07,2.206423531965591e-07
0.259,0.002286717195201392,2.5551708187118223e-06,2.231878992834674e-07,2.231878992834674e-07
0.26,0.0022951279645201136,2.5744779434284375e-06,2.2575271789971927e-07,2.2575271789971927e-07
0.261,0.0023035356193158866,2.593854226574517e-06,2.2833687822313362e-07,2.2833687822313362e-07
0.262,0.002311940160742024,2.6132996293851716e-06,2.3094044939275604e-07,2.3094044939275604e-07
0.263,0.002320341589951413,2.6328141131121343e-06,2.335635005088756e-07,2.335635005088756e-07
0.264,0.0023287399080965123,2.652397639023755e-06,2.362061006330414e-07,2.362061006330414e-07
0.265,0.002337135116329355,2.672050168404992e-06,2.388683187880792e-07,2.388683187880792e-07
0.266,0.0023455272158015472,2.6917716625574084e-06,2.41550223958108e-07,2.41550223958108e-07
0.267,0.0023539162076642688,2.7115620827991623e-06,2.4425188508855665e-07,2.4425188508855665e-07
0.268,0.0023623020930682724,2.731421390465002e-06,2.469733710861805e-07,2.469733710861805e-07
0.269,0.002370684873163886,2.7513495469062602e-06,2.49714750819078e-07,2.49714750819078e-07
0.27,0.00237906454910101,2.771346513490845e-06,2.52476093116707e-07,2.52476093116707e-07
0.271,0.002387441122029121,2.7914122516032363e-06,2.552574667699018e-07,2.552574667699018e-07
0.272,0.0023958145930972675,2.811546722644477e-06,2.580589405308893e-07,2.580589405308893e-07
0.273,0.002404184963454075,2.8317498880321674e-06,2.608805831133058e-07,2.608805831133058e-07
0.274,0.0024125522342477415,2.852021709200459e-06,2.637224631922134e-07,2.637224631922134e-07
0.275,0.0024209164066260414,2.8723621476000477e-06,2.665846494041167e-07,2.665846494041167e-07
0.276,0.0024292774817363232,2.8927711646981666e-06,2.694672103469792e-07,2.694672103469792e-07
0.277,0.0024376354607255108,2.9132487219785805e-06,2.7237021458024e-07,2.7237021458024e-07
0.278,0.0024459903447401035,2.9337947809415786e-06,2.752937306248301e-07,2.752937306248301e-07
0.279,0.002454342134926176,2.954409303103969e-06,2.7823782696318915e-07,2.7823782696318915e-07
0.28,0.0024626908324293785,2.9750922499990705e-06,2.812025720392818e-07,2.812025720392818e-07
0.281,0.002471036438394937,2.995843583176708e-06,2.841880342586143e-07,2.841880342586143e-07
0.28200000000000003,0.002479378953967653,3.0166632642032045e-06,2.8719428198825106e-07,2.8719428198825106e-07
0.28300000000000003,0.002487718380291905,3.037551254661376e-06,2.9022138355683083e-07,2.9022138355683083e-07
0.28400000000000003,0.002496054718511647,3.0585075161505234e-06,2.9326940725458364e-07,2.9326940725458364e-07
0.28500000000000003,0.00250438796977041,3.0795320102864273e-06,2.9633842133334697e-07,2.9633842133334697e-07
0.28600000000000003,0.002512718135211301,3.100624698701341e-06,2.9942849400658236e-07,2.9942849400658236e-07
0.28700000000000003,0.0025210452159770036,3.1217855430439844e-06,3.025396934493918e-07,3.025396934493918e-07
0.28800000000000003,0.002529369213209779,3.1430145049795363e-06,3.056720877985342e-07,3.056720877985342e-07
0.289,0.0025376901280514644,3.1643115461896296e-06,3.088257451524419e-07,3.088257451524419e-07
0.29,0.0025460079616434752,3.1856766283723436e-06,3.1200073357123717e-07,3.1200073357123717e-07
0.291,0.0025543227151268036,3.207109713242198e-06,3.151971210767485e-07,3.151971210767485e-07
0.292,0.0025626343896420194,3.2286107625301462e-06,3.1841497565252713e-07,3.1841497565252713e-07
0.293,0.0025709429863292697,3.2501797379835695e-06,3.2165436524386346e-07,3.2165436524386346e-07
0.294,0.00257924850632828,3.2718166013662695e-06,3.2491535775780355e-07,3.2491535775780355e-07
0.295,0.0025875509507783537,3.2935213144584624e-06,3.2819802106316537e-07,3.2819802106316537e-07
0.296,0.0025958503208183717,3.3152938390567724e-06,3.315024229905554e-07,3.315024229905554e-07
0.297,0.0026041466175867937,3.3371341369742255e-06,3.3482863133238483e-07,3.3482863133238483e-07
0.298,0.0026124398422216573,3.359042170040242e-06,3.381767138428862e-07,3.381767138428862e-07
0.299,0.0026207299958605794,3.3810179001006314e-06,3.415467382381296e-07,3.415467382381296e-07
0.3,0.0026290170796407553,3.4030612890175854e-06,3.4493877219603917e-07,3.4493877219603917e-07
0.301,0.0026373010946989595,3.425172298669671e-06,3.483528833564094e-07,3.483528833564094e-07
0.302,0.0026455820421715445,3.4473508909518246e-06,3.517891393209214e-07,3.517891393209214e-07
0.303,0.0026538599231944434,3.4695970277753453e-06,3.5524760765315966e-07,3.5524760765315966e-07
0.304,0.002662134738903168,3.4919106710678882e-06,3.5872835587862796e-07,3.5872835587862796e-07
0.305,0.002670406490432809,3.514291782773459e-06,3.6223145148476596e-07,3.6223145148476596e-07
0.306,0.002678675178918038,3.536740324852406e-06,3.6575696192096553e-07,3.6575696192096553e-07
0.307,0.002686940805493106,3.559256259281415e-06,3.69304954598587e-07,3.69304954598587e-07
0.308,0.002695203371291843,3.581839548053503e-06,3.728754968909756e-07,3.728754968909756e-07
0.309,0.0027034628774476603,3.604490153178009e-06,3.764686561334777e-07,3.764686561334777e-07
0.31,0.0027117193250935493,3.6272080366805924e-06,3.800844996234572e-07,3.800844996234572e-07
0.311,0.002719972715362082,3.6499931606032217e-06,3.8372309462031177e-07,3.8372309462031177e-07
0.312,0.00272822304938541,3.672845487004171e-06,3.873845083454893e-07,3.873845083454893e-07
0.313,0.002736470328295267,3.695764977958013e-06,3.91068807982504e-07,3.91068807982504e-07
0.314,0.0027447145532229667,3.7187515955556123e-06,3.947760606769528e-07,3.947760606769528e-07
0.315,0.0027529557252994044,3.7418053019041187e-06,3.985063335365317e-07,3.985063335365317e-07
0.316,0.0027611938456550563,3.7649260591269617e-06,4.0225969363105204e-07,4.0225969363105204e-07
0.317,0.00276942891541998,3.7881138293638433e-06,4.0603620799245655e-07,4.0603620799245655e-07
0.318,0.0027776609357238143,3.811368574770731e-06,4.0983594361483593e-07,4.0983594361483593e-07
0.319,0.0027858899076957807,3.834690257519854e-06,4.1365896745444495e-07,4.1365896745444495e-07
0.32,0.002794115832464682,3.8580788397996935e-06,4.1750534642971876e-07,4.1750534642971876e-07
0.321,0.0028023387111589027,3.881534283814978e-06,4.2137514742128905e-07,4.2137514742128905e-07
0.322,0.00281055854490641,3.9050565517866765e-06,4.252684372720004e-07,4.252684372720004e-07
0.323,0.0028187753348347523,3.928645605951993e-06,4.2918528278692646e-07,4.2918528278692646e-07
0.324,0.002826989082071062,3.952301408564359e-06,4.331257507333863e-07,4.331257507333863e-07
0.325,0.0028351997877420535,3.976023921893427e-06,4.370899078409603e-07,4.370899078409603e-07
0.326,0.0028434074529740234,3.999813108225066e-06,4.4107782080150684e-07,4.4107782080150684e-07
0.327,0.0028516120788928522,4.023668929861352e-06,4.450895562691782e-07,4.450895562691782e-07
0.328,0.0028598136666240026,4.047591349120565e-06,4.4912518086043675e-07,4.4912518086043675e-07
0.329,0.0028680122172925213,4.071580328337179e-06,4.531847611540713e-07,4.531847611540713e-07
0.33,0.0028762077320230377,4.09563582986186e-06,4.572683636912133e-07,4.572683636912133e-07
0.331,0.0028844002119397653,4.119757816061454e-06,4.613760549753529e-07,4.613760549753529e-07
0.332,0.002892589658166501,4.1439462493189865e-06,4.6550790147235507e-07,4.6550790147235507e-07
0.333,0.0029007760718266257,4.168201092033652e-06,4.696639696104761e-07,4.696639696104761e-07
0.334,0.002908959454043104,4.19252230662081e-06,4.7384432578037943e-07,4.7384432578037943e-07
0.335,0.0029171398059384852,4.216909855511977e-06,4.780490363351519e-07,4.780490363351519e-07
0.336,0.0029253171286349024,4.241363701154821e-06,4.822781675903202e-07,4.822781675903202e-07
0.337,0.0029334914232540736,4.265883806013154e-06,4.865317858238663e-07,4.865317858238663e-07
0.338,0.002941662690917301,4.290470132566927e-06,4.908099572762445e-07,4.908099572762445e-07
0.339,0.0029498309327454725,4.315122643312225e-06,4.951127481503968e-07,4.951127481503968e-07
0.34,0.0029579961498590597,4.339841300761257e-06,4.994402246117697e-07,4.994402246117697e-07
0.341,0.0029661583433781198,4.3646260674423514e-06,5.037924527883296e-07,5.037924527883296e-07
0.342,0.0029743175144222953,4.38947690589995e-06,5.081694987705795e-07,5.081694987705795e-07
0.343,0.002982473664110814,4.414393778694602e-06,5.125714286115748e-07,5.125714286115748e-07
0.34400000000000003,0.0029906267935624893,4.4393766484029575e-06,5.169983083269396e-07,5.169983083269396e-07
0.34500000000000003,0.0029987769038957203,4.464425477617758e-06,5.214502038948825e-07,5.214502038948825e-07
0.34600000000000003,0.0030069239962284924,4.4895402289478356e-06,5.259271812562131e-07,5.259271812562131e-07
0.34700000000000003,0.003015068071678376,4.514720865018102e-06,5.304293063143578e-07,5.304293063143578e-07
0.34800000000000003,0.0030232091313625287,4.5399673484695445e-06,5.34956644935376e-07,5.34956644935376e-07
0.34900000000000003,0.003031347176397694,4.56527964195922e-06,5.395092629479759e-07,5.395092629479759e-07
0.35000000000000003,0.0030394822079002014,4.590657708160247e-06,5.44087226143531e-07,5.44087226143531e-07
0.35100000000000003,0.0030476142269859675,4.6161015097617994e-06,5.486906002760961e-07,5.486906002760961e-07
0.352,0.0030557432347704957,4.6416110094691014e-06,5.533194510624228e-07,5.533194510624228e-07
0.353,0.003063869232368876,4.667186170003421e-06,5.579738441819762e-07,5.579738441819762e-07
0.354,0.0030719922208957864,4.692826954102062e-06,5.626538452769507e-07,5.626538452769507e-07
0.355,0.0030801122014654913,4.7185333245183604e-06,5.673595199522858e-07,5.673595199522858e-07
0.356,0.003088229175191842,4.744305244021676e-06,5.720909337756826e-07,5.720909337756826e-07
0.357,0.0030963431431882786,4.7701426753973865e-06,5.768481522776195e-07,5.768481522776195e-07
0.358,0.003104454106567828,4.796045581446882e-06,5.816312409513682e-07,5.816312409513682e-07
0.359,0.003112562066443105,4.822013924987557e-06,5.864402652530099e-07,5.864402652530099e-07
0.36,0.0031206670239263133,4.848047668852806e-06,5.912752906014511e-07,5.912752906014511e-07
0.361,0.0031287689801292435,4.874146775892016e-06,5.961363823784398e-07,5.961363823784398e-07
0.362,0.003136867936163275,4.900311208970561e-06,6.010236059285812e-07,6.010236059285812e-07
0.363,0.0031449638931393764,4.9265409309697945e-06,6.05937026559354e-07,6.05937026559354e-07
0.364,0.003153056852168104,4.9528359047870444e-06,6.108767095411263e-07,6.108767095411263e-07
0.365,0.0031611468143596024,4.979196093335606e-06,6.158427201071714e-07,6.158427201071714e-07
0.366,0.0031692337808236063,5.005621459544736e-06,6.20835123453684e-07,6.20835123453684e-07
0.367,0.003177317752669439,5.032111966359647e-06,6.258539847397958e-07,6.258539847397958e-07
0.368,0.003185398731006013,5.058667576741498e-06,6.308993690875918e-07,6.308993690875918e-07
0.369,0.00319347671694183,5.085288253667393e-06,6.359713415821263e-07,6.359713415821263e-07
0.37,0.003201551711584981,5.111973960130371e-06,6.410699672714385e-07,6.410699672714385e-07
0.371,0.0032096237160431475,5.138724659139401e-06,6.461953111665686e-07,6.461953111665686e-07
0.372,0.0032176927314236004,5.165540313719375e-06,6.513474382415738e-07,6.513474382415738e-07
0.373,0.0032257587588332003,5.192420886911103e-06,6.565264134335442e-07,6.565264134335442e-07
0.374,0.0032338217993783985,5.219366341771306e-06,6.617323016426184e-07,6.617323016426184e-07
0.375,0.0032418818541652358,5.24637664137261e-06,6.66965167732e-07,6.66965167732e-07
0.376,0.003249938924299344,5.27345174880354e-06,6.722250765279731e-07,6.722250765279731e-07
0.377,0.0032579930108859456,5.300591627168511e-06,6.77512092819918e-07,6.77512092819918e-07
0.378,0.0032660441150298533,5.327796239587826e-06,6.828262813603278e-07,6.828262813603278e-07
0.379,0.003274092237835471,5.355065549197668e-06,6.881677068648235e-07,6.881677068648235e-07
0.38,0.0032821373804067942,5.382399519150091e-06,6.935364340121703e-07,6.935364340121703e-07
0.381,0.0032901795438474084,5.409798112613018e-06,6.989325274442935e-07,6.989325274442935e-07
0.382,0.003298218729260491,5.4372612927702335e-06,7.043560517662941e-07,7.043560517662941e-07
0.383,0.003306254937748811,5.464789022821375e-06,7.098070715464649e-07,7.098070715464649e-07
0.384,0.003314288170414729,5.492381265981928e-06,7.152856513163062e-07,7.152856513163062e-07
0.385,0.0033223184283601975,5.5200379854832235e-06,7.207918555705418e-07,7.207918555705418e-07
0.386,0.003330345712686761,5.5477591445724245e-06,7.263257487671348e-07,7.263257487671348e-07
0.387,0.003338370024495555,5.575544706512526e-06,7.318873953273032e-07,7.318873953273032e-07
0.388,0.0033463913648873094,5.603394634582345e-06,7.37476859635536e-07,7.37476859635536e-07
0.389,0.0033544097349623445,5.631308892076516e-06,7.430942060396088e-07,7.430942060396088e-07
0.39,0.003362425135820574,5.659287442305487e-06,7.487394988506001e-07,7.487394988506001e-07
0.391,0.0033704375685615043,5.687330248595506e-06,7.544128023429063e-07,7.544128023429063e-07
0.392,0.0033784470342842344,5.715437274288623e-06,7.601141807542584e-07,7.601141807542584e-07
0.393,0.0033864535340874568,5.743608482742679e-06,7.658436982857369e-07,7.658436982857369e-07
0.394,0.0033944570690694563,5.771843837331301e-06,7.716014191017882e-07,7.716014191017882e-07
0.395,0.003402457640328112,5.800143301443895e-06,7.773874073302404e-07,7.773874073302404e-07
0.396,0.0034104552489608955,5.828506838485643e-06,7.832017270623186e-07,7.832017270623186e-07
0.397,0.003418449896064873,5.856934411877491e-06,7.890444423526613e-07,7.890444423526613e-07
0.398,0.003426441582736703,5.885425985056148e-06,7.949156172193355e-07,7.949156172193355e-07
0.399,0.00343443031007264,5.913981521474079e-06,8.008153156438529e-07,8.008153156438529e-07
0.4,0.0034424160791685305,5.942600984599495e-06,8.067436015711857e-07,8.067436015711857e-07
0.401,0.0034503988911198167,5.971284337916352e-06,8.127005389097819e-07,8.127005389097819e-07
0.402,0.0034583787470215343,6.000031544924339e-06,8.186861915315817e-07,8.186861915315817e-07
0.403,0.0034663556479683135,6.028842569138879e-06,8.247006232720324e-07,8.247006232720324e-07
0.404,0.00347432959505438,6.057717374091115e-06,8.307438979301049e-07,8.307438979301049e-07
0.405,0.0034823005893735532,6.08665592332791e-06,8.368160792683091e-07,8.368160792683091e-07
0.406,0.003490268632019248,6.1156581804118385e-06,8.429172310127094e-07,8.429172310127094e-07
0.40700000000000003,0.0034982337240844746,6.144724108921178e-06,8.490474168529408e-07,8.490474168529408e-07
0.40800000000000003,0.0035061958666618384,6.173853672449908e-06,8.552067004422244e-07,8.552067004422244e-07
0.40900000000000003,0.0035141550608435396,6.203046834607699e-06,8.613951453973832e-07,8.613951453973832e-07
0.41000000000000003,0.0035221113077213745,6.232303559019907e-06,8.676128152988575e-07,8.676128152988575e-07
0.41100000000000003,0.003530064608386735,6.261623809327571e-06,8.73859773690721e-07,8.73859773690721e-07
0.41200000000000003,0.003538014963930609,6.291007549187403e-06,8.801360840806963e-07,8.801360840806963e-07
0.41300000000000003,0.00354596237544358,6.3204547422717835e-06,8.864418099401703e-07,8.864418099401703e-07
0.41400000000000003,0.0035539068440158285,6.349965352268754e-06,8.927770147042103e-07,8.927770147042103e-07
0.41500000000000004,0.00356184837073713,6.379539342882012e-06,8.991417617715794e-07,8.991417617715794e-07
0.41600000000000004,0.0035697869566968577,6.409176677830906e-06,9.055361145047524e-07,9.055361145047524e-07
0.417,0.0035777226029839806,6.438877320850425e-06,9.11960136229931e-07,9.11960136229931e-07
0.418,0.003585655310687065,6.4686412356911975e-06,9.184138902370599e-07,9.184138902370599e-07
0.419,0.0035935850808942738,6.4984683861194825e-06,9.248974397798421e-07,9.248974397798421e-07
0.42,0.0036015119146933666,6.528358735917163e-06,9.314108480757549e-07,9.314108480757549e-07
0.421,0.003609435813171701,6.558312248881742e-06,9.379541783060649e-07,9.379541783060649e-07
0.422,0.003617356777416231,6.588328888826333e-06,9.445274936158445e-07,9.445274936158445e-07
0.423,0.0036252748085135096,6.618408619579658e-06,9.511308571139867e-07,9.511308571139867e-07
0.424,0.0036331899075496854,6.6485514049860375e-06,9.577643318732212e-07,9.577643318732212e-07
0.425,0.0036411020756105064,6.678757208905388e-06,9.644279809301293e-07,9.644279809301293e-07
0.426,0.003649011313781318,6.709025995213212e-06,9.71121867285161e-07,9.71121867285161e-07
0.427,0.003656917623147064,6.739357727800594e-06,9.778460539026486e-07,9.778460539026486e-07
0.428,0.0036648210047922855,6.769752370574195e-06,9.846006037108237e-07,9.846006037108237e-07
0.429,0.0036727214598011233,6.800209887456245e-06,9.913855796018326e-07,9.913855796018326e-07
0.43,0.003680618989257316,6.830730242384536e-06,9.982010444317511e-07,9.982010444317511e-07
0.431,0.0036885135942442008,6.861313399312419e-06,1.005047061020601e-06,1.005047061020601e-06
0.432,0.0036964052758447137,6.891959322208794e-06,1.0119236921523649e-06,1.0119236921523649e-06
0.433,0.00370429403514139,6.922667975058109e-06,1.0188310005750023e-06,1.0188310005750023e-06
0.434,0.0037121798732163646,6.953439321860348e-06,1.0257690490004649e-06,1.0257690490004649e-06
0.435,0.0037200627911513707,6.984273326631028e-06,1.032737900104712e-06,1.032737900104712e-06
0.436,0.0037279427900277413,7.015169953401193e-06,1.0397376165277264e-06,1.0397376165277264e-06
0.437,0.003735819870926409,7.0461291662174066e-06,1.0467682608735293e-06,1.0467682608735293e-06
0.438,0.0037436940349279066,7.0771509291417475e-06,1.0538298957101968e-06,1.0538298957101968e-06
0.439,0.0037515652831123657,7.1082352062518026e-06,1.0609225835698744e-06,1.0609225835698744e-06
0.44,0.003759433616559519,7.139381961640659e-06,1.068046386948793e-06,1.068046386948793e-06
0.441,0.0037672990363486992,7.170591159416902e-06,1.0752013683072845e-06,1.0752013683072845e-06
0.442,0.0037751615435588385,7.2018627637046045e-06,1.0823875900697969e-06,1.0823875900697969e-06
0.443,0.0037830211392684706,7.233196738643324e-06,1.0896051146249102e-06,1.0896051146249102e-06
0.444,0.003790877824555729,7.264593048388096e-06,1.0968540043253518e-06,1.0968540043253518e-06
0.445,0.0037987316004983486,7.296051657109426e-06,1.1041343214880115e-06,1.1041343214880115e-06
0.446,0.0038065824681736645,7.327572528993287e-06,1.1114461283939577e-06,1.1114461283939577e-06
0.447,0.0038144304286586135,7.359155628241108e-06,1.1187894872884523e-06,1.1187894872884523e-06
0.448,0.003822275483029734,7.3908009190697736e-06,1.1261644603809664e-06,1.1261644603809664e-06
0.449,0.003830117632363164,7.422508365711614e-06,1.1335711098451957e-06,1.1335711098451957e-06
0.45,0.0038379568777346454,7.454277932414401e-06,1.141009497819076e-06,1.141009497819076e-06
0.451,0.00384579322021952,7.4861095834413405e-06,1.1484796864047986e-06,1.1484796864047986e-06
0.452,0.0038536266608927314,7.518003283071069e-06,1.1559817376688259e-06,1.1559817376688259e-06
0.453,0.0038614572008288262,7.549958995597642e-06,1.163515713641906e-06,1.163515713641906e-06
0.454,0.0038692848411019526,7.581976685330535e-06,1.1710816763190895e-06,1.1710816763190895e-06
0.455,0.0038771095827858605,7.6140563165946315e-06,1.1786796876597437e-06,1.1786796876597437e-06
0.456,0.003884931426953903,7.64619785373022e-06,1.1863098095875688e-06,1.1863098095875688e-06
0.457,0.0038927503746790356,7.678401261092988e-06,1.193972103990613e-06,1.193972103990613e-06
0.458,0.003900566427033816,7.710666503054015e-06,1.2016666327212873e-06,1.2016666327212873e-06
0.459,0.003908379585090406,7.742993543999766e-06,1.209393457596382e-06,1.209393457596382e-06
0.46,0.0039161898499205676,7.775382348332085e-06,1.2171526403970818e-06,1.2171526403970818e-06
0.461,0.003923997222595669,7.807832880468193e-06,1.2249442428689803e-06,1.2249442428689803e-06
0.462,0.00393180170418668,7.840345104840675e-06,1.2327683267220964e-06,1.2327683267220964e-06
0.463,0.003939603295764174,7.87291898589748e-06,1.2406249536308892e-06,1.2406249536308892e-06
0.464,0.003947401998398329,7.905554488101913e-06,1.2485141852342735e-06,1.2485141852342735e-06
0.465,0.003955197813158925,7.938251575932628e-06,1.2564360831356348e-06,1.2564360831356348e-06
0.466,0.0039629907411153475,7.971010213883623e-06,1.264390708902845e-06,1.264390708902845e-06
0.467,0.003970780783336585,8.003830366464232e-06,1.2723781240682782e-06,1.2723781240682782e-06
0.468,0.00397856794089123,8.036711998199123e-06,1.2803983901288245e-06,1.2803983901288245e-06
0.46900000000000003,0.00398635221484748,8.069655073628288e-06,1.2884515685459073e-06,1.2884515685459073e-06
0.47000000000000003,0.003994133606273137,8.102659557307038e-06,1.2965377207454972e-06,1.2965377207454972e-06
0.47100000000000003,0.004001912116235607,8.135725413805997e-06,1.3046569081181278e-06,1.3046569081181278e-06
0.47200000000000003,0.004009687745801901,8.168852607711097e-06,1.312809192018911e-06,1.312809192018911e-06
0.47300000000000003,0.004017460496038634,8.202041103623572e-06,1.320994633767552e-06,1.320994633767552e-06
0.47400000000000003,0.004025230368012028,8.23529086615995e-06,1.3292132946483657e-06,1.3292132946483657e-06
0.47500000000000003,0.004032997362787909,8.26860185995205e-06,1.3374652359102901e-06,1.3374652359102901e-06
0.47600000000000003,0.004040761481431708,8.301974049646971e-06,1.3457505187669036e-06,1.3457505187669036e-06
0.47700000000000004,0.004048522725008462,8.335407399907091e-06,1.3540692043964387e-06,1.3540692043964387e-06
0.47800000000000004,0.004056281094582813,8.368901875410059e-06,1.3624213539417983e-06,1.3624213539417983e-06
0.47900000000000004,0.00406403659121901,8.402457440848789e-06,1.3708070285105702e-06,1.3708070285105702e-06
0.48,0.004071789215980907,8.436074060931453e-06,1.3792262891750434e-06,1.3792262891750434e-06
0.481,0.0040795389699319635,8.469751700381477e-06,1.3876791969722219e-06,1.3876791969722219e-06
0.482,0.0040872858541352464,8.503490323937534e-06,1.3961658129038413e-06,1.3961658129038413e-06
0.483,0.004095029869653429,8.537289896353536e-06,1.4046861979363832e-06,1.4046861979363832e-06
0.484,0.00410277101754879,8.571150382398633e-06,1.4132404130010908e-06,1.4132404130010908e-06
0.485,0.004110509298883216,8.605071746857202e-06,1.4218285189939845e-06,1.4218285189939845e-06
0.486,0.004118244714718198,8.639053954528843e-06,1.4304505767758758e-06,1.4304505767758758e-06
0.487,0.004125977266114836,8.673096970228373e-06,1.4391066471723843e-06,1.4391066471723843e-06
0.488,0.004133706954133838,8.707200758785818e-06,1.4477967909739514e-06,1.4477967909739514e-06
0.489,0.004141433779835517,8.74136528504641e-06,1.4565210689358566e-06,1.4565210689358566e-06
0.49,0.004149157744279795,8.775590513870585e-06,1.4652795417782316e-06,1.4652795417782316e-06
0.491,0.004156878848526199,8.809876410133962e-06,1.474072270186077e-06,1.474072270186077e-06
0.492,0.004164597093633867,8.844222938727355e-06,1.482899314809276e-06,1.482899314809276e-06
0.493,0.004172312480661542,8.878630064556754e-06,1.49176073626261e-06,1.49176073626261e-06
0.494,0.004180025010667577,8.913097752543325e-06,1.5006565951257747e-06,1.5006565951257747e-06
0.495,0.004187734684709931,8.947625967623404e-06,1.509586951943394e-06,1.509586951943394e-06
0.496,0.004195441503846175,8.98221467474849e-06,1.518551867225036e-06,1.518551867225036e-06
0.497,0.004203145469133484,9.016863838885238e-06,1.5275514014452278e-06,1.5275514014452278e-06
0.498,0.0042108465816286435,9.051573425015452e-06,1.5365856150434706e-06,1.5365856150434706e-06
0.499,0.004218544842388048,9.086343398136084e-06,1.5456545684242551e-06,1.5456545684242551e-06
0.5,0.0042262402524676996,9.121173723259222e-06,1.5547583219570765e-06,1.5547583219570765e-06
0.501,0.004233932812923211,9.15606436541209e-06,1.5638969359764498e-06,1.5638969359764498e-06
0.502,0.004241622524809802,9.191015289637038e-06,1.5730704707819243e-06,1.5730704707819243e-06
0.503,0.004249309389182304,9.226026460991533e-06,1.5822789866380999e-06,1.5822789866380999e-06
0.504,0.004256993407095156,9.261097844548161e-06,1.591522543774641e-06,1.591522543774641e-06
0.505,0.004264674579602407,9.296229405394617e-06,1.6008012023862922e-06,1.6008012023862922e-06
0.506,0.004272352907757716,9.3314211086337e-06,1.6101150226328938e-06,1.6101150226328938e-06
0.507,0.004280028392614352,9.3666729193833e-06,1.619464064639396e-06,1.619464064639396e-06
0.508,0.004287701035225192,9.401984802776404e-06,1.6288483884958744e-06,1.6288483884958744e-06
0.509,0.004295370836642727,9.437356723961085e-06,1.6382680542575454e-06,1.6382680542575454e-06
0.51,0.004303037797919055,9.472788648100487e-06,1.647723121944781e-06,1.647723121944781e-06
0.511,0.004310701920105885,9.508280540372838e-06,1.6572136515431237e-06,1.6572136515431237e-06
0.512,0.0043183632042545364,9.543832365971424e-06,1.6667397030033017e-06,1.6667397030033017e-06
0.513,0.004326021651415941,9.579444090104599e-06,1.6763013362412442e-06,1.6763013362412442e-06
0.514,0.00433367726264064,9.615115677995767e-06,1.6858986111380964e-06,1.6858986111380964e-06
0.515,0.004341330038978786,9.650847094883387e-06,1.6955315875402343e-06,1.6955315875402343e-06
0.516,0.004348979981480142,9.686638306020954e-06,1.7052003252592795e-06,1.7052003252592795e-06
0.517,0.004356627091194084,9.722489276677009e-06,1.7149048840721153e-06,1.7149048840721153e-06
0.518,0.004364271369169596,9.758399972135118e-06,1.7246453237209006e-06,1.7246453237209006e-06
0.519,0.004371912816455278,9.794370357693876e-06,1.7344217039130853e-06,1.7344217039130853e-06
0.52,0.004379551434099338,9.830400398666895e-06,1.7442340843214259e-06,1.7442340843214259e-06
0.521,0.0043871872231495985,9.866490060382804e-06,1.7540825245839996e-06,1.7540825245839996e-06
0.522,0.004394820184653492,9.902639308185239e-06,1.76396708430422e-06,1.76396708430422e-06
0.523,0.004402450319658064,9.938848107432834e-06,1.7738878230508515e-06,1.7738878230508515e-06
0.524,0.004410077629209973,9.975116423499226e-06,1.7838448003580248e-06,1.7838448003580248e-06
0.525,0.004417702114355489,1.0011444221773033e-05,1.7938380757252519e-06,1.7938380757252519e-06
0.526,0.004425323776140495,1.0047831467657866e-05,1.8038677086174408e-06,1.8038677086174408e-06
0.527,0.004432942615610486,1.008427812657231e-05,1.8139337584649105e-06,1.8139337584649105e-06
0.528,0.00444055863381057,1.0120784163949921e-05,1.824036284663406e-06,1.824036284663406e-06
0.529,0.0044481718317854685,1.0157349545239224e-05,1.8341753465741137e-06,1.8341753465741137e-06
0.53,0.004455782210579517,1.0193974235903702e-05,1.8443510035236757e-06,1.8443510035236757e-06
0.531,0.004463389771236661,1.0230658201421794e-05,1.8545633148042052e-06,1.8545633148042052e-06
0.532,0.004470994514800464,1.0267401407286889e-05,1.864812339673301e-06,1.864812339673301e-06
0.533,0.0044785964423141,1.0304203819007316e-05,1.8750981373540636e-06,1.8750981373540636e-06
0.534,0.0044861955548203564,1.034106540210634e-05,1.8854207670351083e-06,1.8854207670351083e-06
0.535,0.004493791853361636,1.037798612212216e-05,1.8957802878705816e-06,1.8957802878705816e-06
0.536,0.004501385338979955,1.04149659446079e-05,1.9061767589801755e-06,1.9061767589801755e-06
0.537,0.004508976012716945,1.0452004835131601e-05,1.916610239449143e-06,1.916610239449143e-06
0.538,0.004516563875613849,1.0489102759276215e-05,1.927080788328312e-06,1.927080788328312e-06
0.539,0.004524148928711527,1.0526259682639608e-05,1.937588464634101e-06,1.937588464634101e-06
0.54,0.004531731173050453,1.056347557083454e-05,1.9481333273485345e-06,1.9481333273485345e-06
0.541,0.0045393106096707145,1.0600750389488673e-05,1.958715435419256e-06,1.958715435419256e-06
0.542,0.0045468872396120154,1.0638084104244553e-05,1.9693348477595453e-06,1.9693348477595453e-06
0.543,0.004554461063913674,1.0675476680759615e-05,1.9799916232483313e-06,1.9799916232483313e-06
0.544,0.004562032083614623,1.0712928084706166e-05,1.990685820730208e-06,1.990685820730208e-06
0.545,0.004569600299753411,1.0750438281771392e-05,2.0014174990154495e-06,2.0014174990154495e-06
0.546,0.004577165713368203,1.0788007237657338e-05,2.012186716880024e-06,2.012186716880024e-06
0.547,0.0045847283254967786,1.0825634918080914e-05,2.0229935330656096e-06,2.0229935330656096e-06
0.548,0.004592288137176532,1.0863321288773881e-05,2.0338380062796085e-06,2.0338380062796085e-06
0.549,0.004599845149444476,1.0901066315482852e-05,2.044720195195162e-06,2.044720195195162e-06
0.55,0.004607399363337237,1.093886996396928e-05,2.0556401584511662e-06,2.0556401584511662e-06
0.551,0.0046149507798910585,1.0976732200009453e-05,2.066597954652285e-06,2.066597954652285e-06
0.552,0.0046224994001417994,1.1014652989394495e-05,2.0775936423689665e-06,2.0775936423689665e-06
0.553,0.004630045225124937,1.1052632297930352e-05,2.0886272801374574e-06,2.0886272801374574e-06
0.554,0.004637588255875563,1.1090670091437788e-05,2.0996989264598175e-06,2.0996989264598175e-06
0.555,0.004645128493428387,1.1128766335752383e-05,2.110808639803935e-06,2.110808639803935e-06
0.556,0.004652665938817735,1.1166920996724522e-05,2.121956478603541e-06,2.121956478603541e-06
0.557,0.00466020059307755,1.1205134040219393e-05,2.1331425012582246e-06,2.1331425012582246e-06
0.558,0.004667732457241393,1.1243405432116979e-05,2.144366766133447e-06,2.144366766133447e-06
0.559,0.004675261532342441,1.1281735138312052e-05,2.1556293315605575e-06,2.1556293315605575e-06
0.56,0.004682787819413489,1.1320123124714171e-05,2.1669302558368064e-06,2.1669302558368064e-06
0.561,0.00469031131948695,1.135856935724767e-05,2.1782695972253625e-06,2.1782695972253625e-06
0.562,0.004697832033594853,1.1397073801851657e-05,2.189647413955325e-06,2.189647413955325e-06
0.5630000000000001,0.0047053499627688474,1.1435636424480005e-05,2.2010637642217403e-06,2.2010637642217403e-06
0.5640000000000001,0.004712865108040198,1.147425719110135e-05,2.2125187061856157e-06,2.2125187061856157e-06
0.5650000000000001,0.00472037747043979,1.1512936067699079e-05,2.224012297973935e-06,2.224012297973935e-06
0.5660000000000001,0.004727887050998125,1.1551673020271332e-05,2.235544597679672e-06,2.235544597679672e-06
0.5670000000000001,0.004735393850745324,1.159046801483099e-05,2.2471156633618065e-06,2.2471156633618065e-06
0.5680000000000001,0.004742897870711127,1.1629321017405673e-05,2.2587255530453386e-06,2.2587255530453386e-06
0.5690000000000001,0.00475039911192489,1.1668231994037729e-05,2.270374324721303e-06,2.270374324721303e-06
0.5700000000000001,0.004757897575415592,1.1707200910784235e-05,2.282062036346785e-06,2.282062036346785e-06
0.5710000000000001,0.004765393262211828,1.1746227733716986e-05,2.2937887458449333e-06,2.2937887458449333e-06
0.5720000000000001,0.004772886173341814,1.1785312428922492e-05,2.305554511104976e-06,2.305554511104976e-06
0.5730000000000001,0.004780376309833382,1.182445496250197e-05,2.3173593899822355e-06,2.3173593899822355e-06
0.5740000000000001,0.004787863672713988,1.186365530057134e-05,2.3292034402981427e-06,2.3292034402981427e-06
0.5750000000000001,0.004795348263010703,1.190291340926122e-05,2.3410867198402513e-06,2.3410867198402513e-06
0.5760000000000001,0.004802830081750221,1.1942229254716917e-05,2.3530092863622533e-06,2.3530092863622533e-06
0.577,0.004810309129958855,1.1981602803098422e-05,2.3649711975839935e-06,2.3649711975839935e-06
0.578,0.004817785408662537,1.2021034020580407e-05,2.3769725111914834e-06,2.3769725111914834e-06
0.579,0.004825258918886819,1.2060522873352217e-05,2.389013284836917e-06,2.389013284836917e-06
0.58,0.004832729661656874,1.2100069327617863e-05,2.4010935761386853e-06,2.4010935761386853e-06
0.581,0.004840197637997496,1.213967334959602e-05,2.41321344268139e-06,2.41321344268139e-06
0.582,0.004847662848933098,1.2179334905520017e-05,2.425372942015859e-06,2.425372942015859e-06
0.583,0.004855125295487716,1.2219053961637834e-05,2.437572131659161e-06,2.437572131659161e-06
0.584,0.004862584978685003,1.2258830484212096e-05,2.44981106909462e-06,2.44981106909462e-06
0.585,0.004870041899548237,1.2298664439520065e-05,2.4620898117718297e-06,2.4620898117718297e-06
0.586,0.004877496059100315,1.2338555793853635e-05,2.4744084171066685e-06,2.4744084171066685e-06
0.587,0.004884947458363755,1.237850451351933e-05,2.486766942481314e-06,2.486766942481314e-06
0.588,0.004892396098360696,1.2418510564838292e-05,2.4991654452442577e-06,2.4991654452442577e-06
0.589,0.0048998419801129,1.245857391414628e-05,2.5116039827103198e-06,2.5116039827103198e-06
0.59,0.004907285104641751,1.2498694527793664e-05,2.5240826121606632e-06,2.5240826121606632e-06
0.591,0.004914725472968252,1.2538872372145416e-05,2.5366013908428085e-06,2.5366013908428085e-06
0.592,0.004922163086113031,1.2579107413581104e-05,2.5491603759706485e-06,2.5491603759706485e-06
0.593,0.004929597945096336,1.2619399618494892e-05,2.5617596247244633e-06,2.5617596247244633e-06
0.594,0.004937030050938039,1.2659748953295527e-05,2.5743991942509336e-06,2.5743991942509336e-06
0.595,0.004944459404657632,1.2700155384406341e-05,2.587079141663157e-06,2.587079141663157e-06
0.596,0.0049518860072742315,1.2740618878265238e-05,2.599799524040662e-06,2.599799524040662e-06
0.597,0.004959309859806575,1.278113940132469e-05,2.6125603984294206e-06,2.6125603984294206e-06
0.598,0.004966730963273025,1.2821716920051736e-05,2.6253618218418667e-06,2.6253618218418667e-06
0.599,0.004974149318691564,1.286235140092797e-05,2.638203851256907e-06,2.638203851256907e-06
0.6,0.0049815649270798,1.2903042810449538e-05,2.6510865436199374e-06,2.6510865436199374e-06
0.601,0.0049889777894549635,1.2943791115127133e-05,2.6640099558428575e-06,2.6640099558428575e-06
0.602,0.004996387906833907,1.2984596281485987e-05,2.6769741448040847e-06,2.6769741448040847e-06
0.603,0.0050037952802331085,1.302545827606587e-05,2.6899791673485693e-06,2.6899791673485693e-06
0.604,0.005011199910668668,1.3066377065421079e-05,2.703025080287808e-06,2.703025080287808e-06
0.605,0.005018601799156311,1.310735261612043e-05,2.716111940399859e-06,2.716111940399859e-06
0.606,0.005026000946711384,1.3148384894747264e-05,2.7292398044293576e-06,2.7292398044293576e-06
0.607,0.00503339735434886,1.3189473867899427e-05,2.7424087290875286e-06,2.7424087290875286e-06
0.608,0.005040791023083336,1.3230619502189274e-05,2.755618771052202e-06,2.755618771052202e-06
0.609,0.005048181953929032,1.327182176424366e-05,2.7688699869678284e-06,2.7688699869678284e-06
0.61,0.005055570147899793,1.3313080620703934e-05,2.7821624334454913e-06,2.7821624334454913e-06
0.611,0.0050629556060090885,1.3354396038225934e-05,2.795496167062923e-06,2.795496167062923e-06
0.612,0.005070338329270014,1.3395767983479982e-05,2.80887124436452e-06,2.80887124436452e-06
0.613,0.005077718318695288,1.3437196423150874e-05,2.822287721861355e-06,2.822287721861355e-06
0.614,0.005085095575297255,1.347868132393788e-05,2.835745656031193e-06,2.835745656031193e-06
0.615,0.005092470100087884,1.3520222652554733e-05,2.849245103318507e-06,2.849245103318507e-06
0.616,0.00509984189407877,1.3561820375729632e-05,2.8627861201344885e-06,2.8627861201344885e-06
0.617,0.005107210958281133,1.3603474460205223e-05,2.876368762857066e-06,2.876368762857066e-06
0.618,0.005114577293705819,1.3645184872738606e-05,2.889993087830918e-06,2.889993087830918e-06
0.619,0.0051219409013632975,1.3686951580101321e-05,2.903659151367486e-06,2.903659151367486e-06
0.62,0.005129301782263667,1.3728774549079347e-05,2.917367009744992e-06,2.917367009744992e-06
0.621,0.005136659937416651,1.3770653746473094e-05,2.9311167192084497e-06,2.9311167192084497e-06
0.622,0.005144015367831598,1.3812589139097395e-05,2.9449083359696814e-06,2.9449083359696814e-06
0.623,0.005151368074517483,1.3854580693781507e-05,2.958741916207331e-06,2.958741916207331e-06
0.624,0.005158718058482908,1.3896628377369099e-05,2.9726175160668785e-06,2.9726175160668785e-06
0.625,0.005166065320736102,1.3938732156718248e-05,2.9865351916606556e-06,2.9865351916606556e-06
0.626,0.005173409862284919,1.3980891998701436e-05,3.0004949990678593e-06,3.0004949990678593e-06
0.627,0.005180751684136841,1.4023107870205541e-05,3.0144969943345653e-06,3.0144969943345653e-06
0.628,0.005188090787298976,1.4065379738131834e-05,3.028541233473744e-06,3.028541233473744e-06
0.629,0.005195427172778062,1.4107707569395969e-05,3.0426277724652746e-06,3.0426277724652746e-06
0.63,0.005202760841580459,1.415009133092798e-05,3.0567566672559583e-06,3.0567566672559583e-06
0.631,0.005210091794712159,1.419253098967228e-05,3.0709279737595343e-06,3.0709279737595343e-06
0.632,0.005217420033178779,1.4235026512587646e-05,3.0851417478566928e-06,3.0851417478566928e-06
0.633,0.005224745557985564,1.427757786664722e-05,3.0993980453950904e-06,3.0993980453950904e-06
0.634,0.005232068370137389,1.4320185018838504e-05,3.113696922189364e-06,3.113696922189364e-06
0.635,0.005239388470638753,1.4362847936163344e-05,3.1280384340211447e-06,3.1280384340211447e-06
0.636,0.0052467058604937855,1.440556658563794e-05,3.1424226366390734e-06,3.1424226366390734e-06
0.637,0.005254020540706244,1.4448340934292828e-05,3.156849585758814e-06,3.156849585758814e-06
0.638,0.0052613325122795145,1.4491170949172878e-05,3.1713193370630673e-06,3.1713193370630673e-06
0.639,0.00526864177621661,1.4534056597337294e-05,3.185831946201587e-06,3.185831946201587e-06
0.64,0.005275948333520173,1.4576997845859598e-05,3.2003874687911937e-06,3.2003874687911937e-06
0.641,0.0052832521851924755,1.4619994661827632e-05,3.2149859604157877e-06,3.2149859604157877e-06
0.642,0.005290553332235417,1.466304701234355e-05,3.2296274766263645e-06,3.2296274766263645e-06
0.643,0.005297851775650527,1.470615486452381e-05,3.2443120729410292e-06,3.2443120729410292e-06
0.644,0.005305147516438963,1.4749318185499176e-05,3.2590398048450103e-06,3.2590398048450103e-06
0.645,0.0053124405556015135,1.47925369424147e-05,3.273810727790674e-06,3.273810727790674e-06
0.646,0.005319730894138595,1.4835811102429727e-05,3.288624897197539e-06,3.288624897197539e-06
0.647,0.0053270185330502534,1.4879140632717886e-05,3.3034823684522904e-06,3.3034823684522904e-06
0.648,0.005334303473336166,1.4922525500467084e-05,3.3183831969087947e-06,3.3183831969087947e-06
0.649,0.005341585715995637,1.4965965672879498e-05,3.333327437888112e-06,3.333327437888112e-06
0.65,0.005348865262027604,1.5009461117171576e-05,3.348315146678513e-06,3.348315146678513e-06
0.651,0.005356142112430632,1.5053011800574022e-05,3.3633463785354916e-06,3.3633463785354916e-06
0.652,0.005363416268202918,1.5096617690331798e-05,3.3784211886817793e-06,3.3784211886817793e-06
0.653,0.005370687730342288,1.5140278753704116e-05,3.39353963230736e-06,3.39353963230736e-06
0.654,0.0053779564998462,1.518399495796443e-05,3.4087017645694832e-06,3.4087017645694832e-06
0.655,0.00538522257771174,1.5227766270400436e-05,3.42390764059268e-06,3.42390764059268e-06
0.656,0.005392485964935628,1.527159265831406e-05,3.4391573154687763e-06,3.4391573154687763e-06
0.657,0.005399746662514212,1.5315474089021457e-05,3.454450844256906e-06,3.454450844256906e-06
0.658,0.005407004671443475,1.5359410529853e-05,3.469788281983527e-06,3.469788281983527e-06
0.659,0.005414259992719026,1.5403401948153284e-05,3.4851696836424346e-06,3.4851696836424346e-06
0.66,0.00542151262733611,1.5447448311281107e-05,3.5005951041947757e-06,3.5005951041947757e-06
0.661,0.0054287625762896,1.5491549586609476e-05,3.516064598569063e-06,3.516064598569063e-06
0.662,0.005436009840574003,1.55357057415256e-05,3.53157822166119e-06,3.53157822166119e-06
0.663,0.005443254421183456,1.5579916743430874e-05,3.5471360283344435e-06,3.5471360283344435e-06
0.664,0.005450496319111729,1.5624182559740886e-05,3.5627380734195195e-06,3.5627380734195195e-06
0.665,0.0054577355353522235,1.5668503157885406e-05,3.5783844117145365e-06,3.5783844117145365e-06
0.666,0.0054649720708979735,1.5712878505308377e-05,3.5940750979850496e-06,3.5940750979850496e-06
0.667,0.005472205926741645,1.575730856946792e-05,3.609810186964065e-06,3.609810186964065e-06
0.668,0.005479437103875537,1.580179331783631e-05,3.6255897333520544e-06,3.6255897333520544e-06
0.669,0.005486665603291579,1.584633271789999e-05,3.641413791816969e-06,3.641413791816969e-06
0.67,0.005493891425981336,1.5890926737159562e-05,3.6572824169942526e-06,3.6572824169942526e-06
0.671,0.005501114572936005,1.5935575343129762e-05,3.673195663486858e-06,3.673195663486858e-06
0.672,0.005508335045146414,1.598027850333948e-05,3.6891535858652584e-06,3.6891535858652584e-06
0.673,0.005515552843603027,1.602503618533174e-05,3.705156238667464e-06,3.705156238667464e-06
0.674,0.005522767969295938,1.6069848356663698e-05,3.721203676399035e-06,3.721203676399035e-06
0.675,0.005529980423214878,1.6114714984906636e-05,3.737295953533095e-06,3.737295953533095e-06
0.676,0.005537190206349209,1.6159636037645958e-05,3.7534331245103465e-06,3.7534331245103465e-06
0.677,0.0055443973196879276,1.620461148248118e-05,3.7696152437390847e-06,3.7696152437390847e-06
0.678,0.005551601764219663,1.6249641287025927e-05,3.7858423655952114e-06,3.7858423655952114e-06
0.679,0.00555880354093268,1.629472541890793e-05,3.8021145444222487e-06,3.8021145444222487e-06
0.68,0.005566002650814876,1.633986384576902e-05,3.818431834531354e-06,3.818431834531354e-06
0.681,0.005573199094853785,1.6385056535265117e-05,3.834794290201332e-06,3.834794290201332e-06
0.682,0.005580392874036571,1.6430303455066227e-05,3.851201965678652e-06,3.851201965678652e-06
0.683,0.005587583989350038,1.6475604572856446e-05,3.8676549151774605e-06,3.8676549151774605e-06
0.684,0.005594772441780619,1.6520959856333933e-05,3.884153192879594e-06,3.884153192879594e-06
0.685,0.0056019582323143845,1.6566369273210924e-05,3.900696852934595e-06,3.900696852934595e-06
0.686,0.005609141361937041,1.6611832791213723e-05,3.917285949459724e-06,3.917285949459724e-06
0.687,0.005616321831633928,1.6657350378082688e-05,3.933920536539977e-06,3.933920536539977e-06
0.6880000000000001,0.005623499642390021,1.670292200157223e-05,3.950600668228096e-06,3.950600668228096e-06
0.6890000000000001,0.00563067479518993,1.6748547629450813e-05,3.967326398544584e-06,3.967326398544584e-06
0.6900000000000001,0.005637847291017901,1.6794227229500937e-05,3.984097781477721e-06,3.984097781477721e-06
0.6910000000000001,0.005645017130857816,1.6839960769519145e-05,4.000914870983575e-06,4.000914870983575e-06
0.6920000000000001,0.005652184315693192,1.6885748217316008e-05,4.017777720986018e-06,4.017777720986018e-06
0.6930000000000001,0.005659348846507182,1.6931589540716122e-05,4.0346863853767405e-06,4.0346863853767405e-06
0.6940000000000001,0.0056665107242825745,1.6977484707558104e-05,4.051640918015263e-06,4.051640918015263e-06
0.6950000000000001,0.005673669950001794,1.7023433685694588e-05,4.068641372728954e-06,4.068641372728954e-06
0.6960000000000001,0.005680826524646903,1.7069436442992212e-05,4.085687803313039e-06,4.085687803313039e-06
0.6970000000000001,0.005687980449199598,1.7115492947331623e-05,4.102780263530619e-06,4.102780263530619e-06
0.6980000000000001,0.005695131724641213,1.7161603166607464e-05,4.119918807112681e-06,4.119918807112681e-06
0.6990000000000001,0.005702280351952719,1.720776706872837e-05,4.137103487758115e-06,4.137103487758115e-06
0.7000000000000001,0.005709426332114724,1.725398462161696e-05,4.154334359133726e-06,4.154334359133726e-06
0.7010000000000001,0.005716569666107471,1.7300255793209836e-05,4.17161147487425e-06,4.17161147487425e-06
0.7020000000000001,0.005723710354910841,1.734658055145758e-05,4.188934888582364e-06,4.188934888582364e-06
0.7030000000000001,0.005730848399504353,1.7392958864324745e-05,4.2063046538287045e-06,4.2063046538287045e-06
0.704,0.005737983800867163,1.7439390699789836e-05,4.223720824151879e-06,4.223720824151879e-06
0.705,0.005745116559978063,1.7485876025845332e-05,4.24118345305848e-06,4.24118345305848e-06
0.706,0.005752246677815484,1.753241481049766e-05,4.2586925940231016e-06,4.2586925940231016e-06
0.707,0.005759374155357495,1.757900702176719e-05,4.276248300488348e-06,4.276248300488348e-06
0.708,0.005766498993581802,1.762565262768824e-05,4.2938506258648524e-06,4.2938506258648524e-06
0.709,0.005773621193465748,1.767235159630907e-05,4.3114996235312906e-06,4.3114996235312906e-06
0.71,0.0057807407559863164,1.771910389569186e-05,4.329195346834391e-06,4.329195346834391e-06
0.711,0.005787857682120127,1.776590949391272e-05,4.346937849088953e-06,4.346937849088953e-06
0.712,0.005794971972843439,1.781276835906169e-05,4.3647271835778585e-06,4.3647271835778585e-06
0.713,0.005802083629132149,1.7859680459242714e-05,4.3825634035520864e-06,4.3825634035520864e-06
0.714,0.005809192651961793,1.7906645762573648e-05,4.400446562230727e-06,4.400446562230727e-06
0.715,0.005816299042307546,1.7953664237186253e-05,4.418376712800994e-06,4.418376712800994e-06
0.716,0.0058234028011442205,1.800073585122619e-05,4.436353908418242e-06,4.436353908418242e-06
0.717,0.00583050392944627,1.804786057285301e-05,4.454378202205975e-06,4.454378202205975e-06
0.718,0.005837602428187786,1.8095038370240154e-05,4.472449647255867e-06,4.472449647255867e-06
0.719,0.0058446982983425,1.814226921157494e-05,4.490568296627771e-06,4.490568296627771e-06
0.72,0.005851791540883781,1.8189553065058572e-05,4.508734203349733e-06,4.508734203349733e-06
0.721,0.00585888215678464,1.8236889898906114e-05,4.526947420418009e-06,4.526947420418009e-06
0.722,0.005865970147017727,1.8284279681346502e-05,4.545208000797076e-06,4.545208000797076e-06
0.723,0.00587305551255533,1.833172238062253e-05,4.563515997419647e-06,4.563515997419647e-06
0.724,0.00588013825436938,1.837921796499085e-05,4.581871463186685e-06,4.581871463186685e-06
0.725,0.005887218373431445,1.8426766402721952e-05,4.600274450967416e-06,4.600274450967416e-06
0.726,0.005894295870712736,1.8474367662100183e-05,4.618725013599344e-06,4.618725013599344e-06
0.727,0.005901370747184103,1.8522021711423722e-05,4.637223203888264e-06,4.637223203888264e-06
0.728,0.005908443003816037,1.8569728519004577e-05,4.655769074608276e-06,4.655769074608276e-06
0.729,0.005915512641578668,1.861748805316859e-05,4.6743626785018e-06,4.6743626785018e-06
0.73,0.005922579661441769,1.866530028225542e-05,4.6930040682795875e-06,4.6930040682795875e-06
0.731,0.0059296440643747525,1.8713165174618542e-05,4.711693296620737e-06,4.711693296620737e-06
0.732,0.005936705851346672,1.8761082698625246e-05,4.730430416172706e-06,4.730430416172706e-06
0.733,0.005943765023326224,1.8809052822656624e-05,4.749215479551328e-06,4.749215479551328e-06
0.734,0.005950821581281743,1.8857075515107564e-05,4.768048539340825e-06,4.768048539340825e-06
0.735,0.005957875526181207,1.8905150744386753e-05,4.786929648093819e-06,4.786929648093819e-06
0.736,0.0059649268589922365,1.8953278478916667e-05,4.805858858331348e-06,4.805858858331348e-06
0.737,0.005971975580682092,1.900145868713356e-05,4.824836222542881e-06,4.824836222542881e-06
0.738,0.005979021692217676,1.904969133748747e-05,4.843861793186327e-06,4.843861793186327e-06
0.739,0.0059860651945655334,1.9097976398442205e-05,4.862935622688055e-06,4.862935622688055e-06
0.74,0.005993106088691852,1.9146313838475335e-05,4.882057763442904e-06,4.882057763442904e-06
0.741,0.00600014437556246,1.9194703626078202e-05,4.901228267814195e-06,4.901228267814195e-06
0.742,0.006007180056142829,1.9243145729755895e-05,4.920447188133751e-06,4.920447188133751e-06
0.743,0.006014213131398073,1.9291640118027254e-05,4.939714576701904e-06,4.939714576701904e-06
0.744,0.006021243602292949,1.9340186759424868e-05,4.9590304857875134e-06,4.9590304857875134e-06
0.745,0.006028271469791856,1.9388785622495062e-05,4.978394967627977e-06,4.978394967627977e-06
0.746,0.006035296734858835,1.9437436675797898e-05,4.997808074429247e-06,4.997808074429247e-06
0.747,0.006042319398457573,1.9486139887907166e-05,5.017269858365841e-06,5.017269858365841e-06
0.748,0.006049339461551398,1.953489522741038e-05,5.036780371580859e-06,5.036780371580859e-06
0.749,0.006056356925103281,1.958370266290877e-05,5.056339666185993e-06,5.056339666185993e-06
0.75,0.006063371790075838,1.9632562163017276e-05,5.0759477942615455e-06,5.0759477942615455e-06
0.751,0.006070384057431326,1.968147369636455e-05,5.09560480785644e-06,5.09560480785644e-06
0.752,0.006077393728131648,1.973043723159294e-05,5.115310758988235e-06,5.115310758988235e-06
0.753,0.006084400803138351,1.97794527373585e-05,5.135065699643138e-06,5.135065699643138e-06
0.754,0.006091405283412624,1.982852018233096e-05,5.15486968177602e-06,5.15486968177602e-06
0.755,0.006098407169915302,1.9877639535193747e-05,5.174722757310429e-06,5.174722757310429e-06
0.756,0.006105406463606861,1.9926810764643964e-05,5.1946249781386025e-06,5.1946249781386025e-06
0.757,0.006112403165447426,1.997603383939239e-05,5.214576396121483e-06,5.214576396121483e-06
0.758,0.0061193972763967635,2.0025308728163465e-05,5.234577063088728e-06,5.234577063088728e-06
0.759,0.006126388797414285,2.0074635399695303e-05,5.254627030838729e-06,5.254627030838729e-06
0.76,0.006133377729459046,2.012401382273967e-05,5.274726351138622e-06,5.274726351138622e-06
0.761,0.006140364073489749,2.0173443966061988e-05,5.294875075724301e-06,5.294875075724301e-06
0.762,0.0061473478304647396,2.022292579844132e-05,5.315073256300431e-06,5.315073256300431e-06
0.763,0.006154329001342009,2.027245928867038e-05,5.3353209445404665e-06,5.3353209445404665e-06
0.764,0.006161307587079195,2.0322044405555513e-05,5.355618192086657e-06,5.355618192086657e-06
0.765,0.006168283588633578,2.037168111791669e-05,5.375965050550069e-06,5.375965050550069e-06
0.766,0.006175257006962086,2.0421369394587523e-05,5.396361571510593e-06,5.396361571510593e-06
0.767,0.006182227843021294,2.0471109204415226e-05,5.416807806516962e-06,5.416807806516962e-06
0.768,0.006189196097767418,2.052090051626064e-05,5.437303807086762e-06,5.437303807086762e-06
0.769,0.006196161772156325,2.057074329899821e-05,5.457849624706447e-06,5.457849624706447e-06
0.77,0.006203124867143525,2.0620637521515985e-05,5.478445310831351e-06,5.478445310831351e-06
0.771,0.006210085383684175,2.0670583152715617e-05,5.499090916885705e-06,5.499090916885705e-06
0.772,0.006217043322733079,2.072058016151235e-05,5.5197864942626475e-06,5.5197864942626475e-06
0.773,0.006223998685244686,2.0770628516835012e-05,5.540532094324239e-06,5.540532094324239e-06
0.774,0.006230951472173093,2.0820728187626016e-05,5.561327768401474e-06,5.561327768401474e-06
0.775,0.006237901684472043,2.0870879142841352e-05,5.582173567794298e-06,5.582173567794298e-06
0.776,0.006244849323094926,2.092108135145058e-05,5.603069543771621e-06,5.603069543771621e-06
0.777,0.006251794388994778,2.0971334782436826e-05,5.624015747571325e-06,5.624015747571325e-06
0.778,0.006258736883124284,2.102163940479678e-05,5.645012230400286e-06,5.645012230400286e-06
0.779,0.0062656768064357745,2.1071995187540688e-05,5.66605904343438e-06,5.66605904343438e-06
0.78,0.006272614159881228,2.112240209969234e-05,5.687156237818503e-06,5.687156237818503e-06
0.781,0.006279548944412272,2.117286011028908e-05,5.70830386466658e-06,5.70830386466658e-06
0.782,0.006286481160980178,2.1223369188381784e-05,5.729501975061579e-06,5.729501975061579e-06
0.783,0.006293410810535869,2.1273929303034862e-05,5.75075062005553e-06,5.75075062005553e-06
0.784,0.006300337894029912,2.1324540423326255e-05,5.772049850669529e-06,5.772049850669529e-06
0.785,0.006307262412412527,2.137520251834743e-05,5.793399717893759e-06,5.793399717893759e-06
0.786,0.006314184366633577,2.1425915557203367e-05,5.814800272687501e-06,5.814800272687501e-06
0.787,0.006321103757642578,2.147667950901256e-05,5.836251565979149e-06,5.836251565979149e-06
0.788,0.0063280205863886895,2.1527494342907015e-05,5.857753648666221e-06,5.857753648666221e-06
0.789,0.006334934853820724,2.157836002803223e-05,5.879306571615373e-06,5.879306571615373e-06
0.79,0.00634184656088714,2.162927653354721e-05,5.900910385662415e-06,5.900910385662415e-06
0.791,0.006348755708536044,2.1680243828624442e-05,5.922565141612321e-06,5.922565141612321e-06
0.792,0.006355662297715195,2.1731261882449902e-05,5.944270890239246e-06,5.944270890239246e-06
0.793,0.0063625663293719985,2.178233066422305e-05,5.966027682286536e-06,5.966027682286536e-06
0.794,0.006369467804453509,2.183345014315682e-05,5.987835568466746e-06,5.987835568466746e-06
0.795,0.006376366723906432,2.1884620288477608e-05,6.0096945994616455e-06,6.0096945994616455e-06
0.796,0.00638326308867712,2.1935841069425287e-05,6.031604825922243e-06,6.031604825922243e-06
0.797,0.006390156899711576,2.1987112455253176e-05,6.053566298468789e-06,6.053566298468789e-06
0.798,0.006397048157955455,2.2038434415228062e-05,6.075579067690797e-06,6.075579067690797e-06
0.799,0.006403936864354059,2.2089806918630165e-05,6.097643184147053e-06,6.097643184147053e-06
0.8,0.006410823019852341,2.214122993475316e-05,6.11975869836563e-06,6.11975869836563e-06
0.801,0.006417706625394903,2.2192703432904153e-05,6.141925660843901e-06,6.141925660843901e-06
0.802,0.006424587681926,2.2244227382403687e-05,6.164144122048554e-06,6.164144122048554e-06
0.803,0.006431466190389534,2.2295801752585725e-05,6.186414132415602e-06,6.186414132415602e-06
0.804,0.00643834215172906,2.234742651279766e-05,6.208735742350402e-06,6.208735742350402e-06
0.805,0.006445215566887782,2.2399101632400294e-05,6.231109002227661e-06,6.231109002227661e-06
0.806,0.006452086436808556,2.2450827080767847e-05,6.253533962391457e-06,6.253533962391457e-06
0.807,0.006458954762433886,2.250260282728794e-05,6.276010673155247e-06,6.276010673155247e-06
0.808,0.006465820544705932,2.2554428841361596e-05,6.298539184801884e-06,6.298539184801884e-06
0.809,0.006472683784566501,2.2606305092403232e-05,6.321119547583626e-06,6.321119547583626e-06
0.81,0.006479544482957052,2.2658231549840654e-05,6.343751811722156e-06,6.343751811722156e-06
0.811,0.006486402640818697,2.271020818311506e-05,6.366436027408587e-06,6.366436027408587e-06
0.812,0.006493258259092197,2.276223496168101e-05,6.389172244803483e-06,6.389172244803483e-06
0.8130000000000001,0.006500111338717968,2.281431185500646e-05,6.411960514036868e-06,6.411960514036868e-06
0.8140000000000001,0.006506961880636074,2.286643883257272e-05,6.4348008852082426e-06,6.4348008852082426e-06
0.8150000000000001,0.006513809885786233,2.291861586387446e-05,6.4576934083865924e-06,6.4576934083865924e-06
0.8160000000000001,0.006520655355107816,2.2970842918419727e-05,6.480638133610406e-06,6.480638133610406e-06
0.8170000000000001,0.006527498289539843,2.30231199657299e-05,6.503635110887687e-06,6.503635110887687e-06
0.8180000000000001,0.00653433869002099,2.307544697533971e-05,6.526684390195965e-06,6.526684390195965e-06
0.8190000000000001,0.006541176557489582,2.3127823916797242e-05,6.5497860214823145e-06,6.5497860214823145e-06
0.8200000000000001,0.0065480118928836,2.3180250759663903e-05,6.572940054663362e-06,6.572940054663362e-06
0.8210000000000001,0.006554844697140673,2.323272747351444e-05,6.596146539625303e-06,6.596146539625303e-06
0.8220000000000001,0.006561674971198088,2.328525402793692e-05,6.6194055262239145e-06,6.6194055262239145e-06
0.8230000000000001,0.006568502715992781,2.333783039253274e-05,6.6427170642845675e-06,6.6427170642845675e-06
0.8240000000000001,0.006575327932461343,2.3390456536916606e-05,6.666081203602242e-06,6.666081203602242e-06
0.8250000000000001,0.006582150621540018,2.3443132430716535e-05,6.689497993941539e-06,6.689497993941539e-06
0.8260000000000001,0.006588970784164703,2.3495858043573846e-05,6.712967485036694e-06,6.712967485036694e-06
0.8270000000000001,0.006595788421270948,2.3548633345143165e-05,6.736489726591591e-06,6.736489726591591e-06
0.8280000000000001,0.006602603533793957,2.3601458305092404e-05,6.760064768279773e-06,6.760064768279773e-06
0.8290000000000001,0.006609416122668588,2.365433289310277e-05,6.783692659744462e-06,6.783692659744462e-06
0.8300000000000001,0.0066162261888293526,2.3707257078868754e-05,6.807373450598564e-06,6.807373450598564e-06
0.8310000000000001,0.0066230337332104155,2.3760230832098122e-05,6.831107190424687e-06,6.831107190424687e-06
0.8320000000000001,0.0066298387567455975,2.3813254122511917e-05,6.854893928775154e-06,6.854893928775154e-06
0.833,0.006636641260368371,2.3866326919844448e-05,6.878733715172016e-06,6.878733715172016e-06
0.834,0.006643441245011866,2.3919449193843287e-05,6.902626599107064e-06,6.902626599107064e-06
0.835,0.006650238711608862,2.3972620914269263e-05,6.926572630041844e-06,6.926572630041844e-06
0.836,0.006657033661091799,2.4025842050896456e-05,6.950571857407669e-06,6.950571857407669e-06
0.837,0.006663826094392767,2.4079112573512196e-05,6.974624330605633e-06,6.974624330605633e-06
0.838,0.006670616012443514,2.4132432451917055e-05,6.9987300990066226e-06,6.9987300990066226e-06
0.839,0.006677403416175441,2.418580165592484e-05,7.022889211951334e-06,7.022889211951334e-06
0.84,0.006684188306519605,2.4239220155362588e-05,7.047101718750282e-06,7.047101718750282e-06
0.841,0.006690970684406717,2.4292687920070562e-05,7.071367668683815e-06,7.071367668683815e-06
0.842,0.006697750550767146,2.4346204919902248e-05,7.09568711100213e-06,7.09568711100213e-06
0.843,0.006704527906530914,2.4399771124724348e-05,7.120060094925283e-06,7.120060094925283e-06
0.844,0.0067113027526276995,2.445338650441677e-05,7.144486669643202e-06,7.144486669643202e-06
0.845,0.006718075089986836,2.4507051028872633e-05,7.168966884315704e-06,7.168966884315704e-06
0.846,0.006724844919537315,2.4560764667998248e-05,7.193500788072503e-06,7.193500788072503e-06
0.847,0.006731612242207781,2.4614527391713128e-05,7.218088430013229e-06,7.218088430013229e-06
0.848,0.0067383770589265375,2.466833916994997e-05,7.242729859207436e-06,7.242729859207436e-06
0.849,0.006745139370621542,2.4722199972654658e-05,7.267425124694618e-06,7.267425124694618e-06
0.85,0.006751899178220409,2.4776109769786252e-05,7.292174275484221e-06,7.292174275484221e-06
0.851,0.006758656482650412,2.483006853131699e-05,7.316977360555657e-06,7.316977360555657e-06
0.852,0.006765411284838476,2.488407622723227e-05,7.341834428858316e-06,7.341834428858316e-06
0.853,0.006772163585711188,2.4938132827530666e-05,7.3667455293115815e-06,7.3667455293115815e-06
0.854,0.006778913386194788,2.49922383022239e-05,7.391710710804841e-06,7.391710710804841e-06
0.855,0.006785660687215175,2.5046392621336844e-05,7.416730022197502e-06,7.416730022197502e-06
0.856,0.006792405489697905,2.5100595754907528e-05,7.441803512319001e-06,7.441803512319001e-06
0.857,0.006799147794568191,2.5154847672987118e-05,7.4669312299688195e-06,7.4669312299688195e-06
0.858,0.006805887602750903,2.520914834563992e-05,7.492113223916499e-06,7.492113223916499e-06
0.859,0.006812624915170568,2.5263497742943364e-05,7.517349542901649e-06,7.517349542901649e-06
0.86,0.006819359732751374,2.5317895834988013e-05,7.542640235633965e-06,7.542640235633965e-06
0.861,0.006826092056417162,2.5372342591877553e-05,7.567985350793239e-06,7.567985350793239e-06
0.862,0.006832821887091434,2.542683798372878e-05,7.593384937029374e-06,7.593384937029374e-06
0.863,0.00683954922569735,2.5481381980671606e-05,7.618839042962394e-06,7.618839042962394e-06
0.864,0.006846274073157726,2.5535974552849046e-05,7.644347717182462e-06,7.644347717182462e-06
0.865,0.006852996430395038,2.559061567041722e-05,7.669911008249888e-06,7.669911008249888e-06
0.866,0.006859716298331421,2.5645305303545336e-05,7.695528964695149e-06,7.695528964695149e-06
0.867,0.006866433677888667,2.5700043422415696e-05,7.721201635018892e-06,7.721201635018892e-06
0.868,0.006873148569988227,2.5754829997223685e-05,7.746929067691959e-06,7.746929067691959e-06
0.869,0.006879860975551211,2.5809664998177773e-05,7.77271131115539e-06,7.77271131115539e-06
0.87,0.006886570895498388,2.5864548395499498e-05,7.798548413820438e-06,7.798548413820438e-06
0.871,0.006893278330750187,2.591948015942347e-05,7.824440424068589e-06,7.824440424068589e-06
0.872,0.0068999832822266936,2.5974460260197365e-05,7.850387390251567e-06,7.850387390251567e-06
0.873,0.006906685750847655,2.6029488668081915e-05,7.876389360691352e-06,7.876389360691352e-06
0.874,0.006913385737532477,2.6084565353350906e-05,7.90244638368019e-06,7.90244638368019e-06
0.875,0.006920083243200225,2.6139690286291172e-05,7.92855850748061e-06,7.92855850748061e-06
0.876,0.006926778268769624,2.6194863437202596e-05,7.954725780325429e-06,7.954725780325429e-06
0.877,0.00693347081515906,2.625008477639809e-05,7.980948250417776e-06,7.980948250417776e-06
0.878,0.006940160883286576,2.6305354274203608e-05,8.007225965931094e-06,8.007225965931094e-06
0.879,0.006946848474069877,2.6360671900958125e-05,8.033558975009165e-06,8.033558975009165e-06
0.88,0.00695353358842633,2.6416037627013643e-05,8.059947325766111e-06,8.059947325766111e-06
0.881,0.006960216227272958,2.6471451422735175e-05,8.086391066286415e-06,8.086391066286415e-06
0.882,0.006966896391526448,2.6526913258500755e-05,8.112890244624929e-06,8.112890244624929e-06
0.883,0.006973574082103145,2.658242310470142e-05,8.139444908806893e-06,8.139444908806893e-06
0.884,0.0069802492999190575,2.6637980931741206e-05,8.166055106827944e-06,8.166055106827944e-06
0.885,0.006986922045889852,2.669358671003715e-05,8.192720886654128e-06,8.192720886654128e-06
0.886,0.006993592320930858,2.6749240410019282e-05,8.219442296221914e-06,8.219442296221914e-06
0.887,0.007000260125957065,2.6804942002130613e-05,8.24621938343821e-06,8.24621938343821e-06
0.888,0.007006925461883124,2.686069145682714e-05,8.27305219618037e-06,8.27305219618037e-06
0.889,0.007013588329623348,2.6916488744577834e-05,8.299940782296214e-06,8.299940782296214e-06
0.89,0.007020248730091709,2.6972333835864634e-05,8.326885189604036e-06,8.326885189604036e-06
0.891,0.007026906664201843,2.7028226701182453e-05,8.35388546589262e-06,8.35388546589262e-06
0.892,0.0070335621328670465,2.7084167311039155e-05,8.380941658921246e-06,8.380941658921246e-06
0.893,0.007040215137000279,2.7140155635955567e-05,8.408053816419716e-06,8.408053816419716e-06
0.894,0.0070468656775141605,2.7196191646465463e-05,8.435221986088355e-06,8.435221986088355e-06
0.895,0.007053513755320973,2.7252275313115563e-05,8.462446215598027e-06,8.462446215598027e-06
0.896,0.007060159371332662,2.7308406606465528e-05,8.489726552590152e-06,8.489726552590152e-06
0.897,0.0070668025264608355,2.736458549708795e-05,8.517063044676714e-06,8.517063044676714e-06
0.898,0.007073443221616762,2.7420811955568358e-05,8.544455739440279e-06,8.544455739440279e-06
0.899,0.007080081457711373,2.74770859525052e-05,8.571904684434002e-06,8.571904684434002e-06
0.9,0.0070867172356552655,2.753340745850984e-05,8.599409927181645e-06,8.599409927181645e-06
0.901,0.007093350556358695,2.7589776444206567e-05,8.626971515177586e-06,8.626971515177586e-06
0.902,0.007099981420731583,2.764619288023257e-05,8.654589495886835e-06,8.654589495886835e-06
0.903,0.007106609829683514,2.770265673723795e-05,8.682263916745045e-06,8.682263916745045e-06
0.904,0.007113235784123733,2.7759167985885696e-05,8.709994825158525e-06,8.709994825158525e-06
0.905,0.007119859284961151,2.7815726596851703e-05,8.737782268504254e-06,8.737782268504254e-06
0.906,0.007126480333104341,2.7872332540824748e-05,8.765626294129896e-06,8.765626294129896e-06
0.907,0.007133098929461541,2.7928985788506493e-05,8.793526949353807e-06,8.793526949353807e-06
0.908,0.0071397150749406505,2.7985686310611478e-05,8.82148428146505e-06,8.82148428146505e-06
0.909,0.007146328770449235,2.8042434077867116e-05,8.849498337723414e-06,8.849498337723414e-06
0.91,0.007152940016894523,2.809922906101369e-05,8.877569165359415e-06,8.877569165359415e-06
0.911,0.007159548815183407,2.8156071230804346e-05,8.905696811574321e-06,8.905696811574321e-06
0.912,0.0071661551662224425,2.8212960558005085e-05,8.933881323540159e-06,8.933881323540159e-06
0.913,0.007172759070917852,2.8269897013394766e-05,8.962122748399727e-06,8.962122748399727e-06
0.914,0.007179360530175521,2.832688056776509e-05,8.990421133266608e-06,8.990421133266608e-06
0.915,0.007185959544900998,2.8383911191920608e-05,9.018776525225185e-06,9.018776525225185e-06
0.916,0.007192556115999498,2.8440988856678702e-05,9.047188971330649e-06,9.047188971330649e-06
0.917,0.007199150244375902,2.849811353286959e-05,9.075658518609019e-06,9.075658518609019e-06
0.918,0.007205741930934753,2.8555285191336313e-05,9.104185214057148e-06,9.104185214057148e-06
0.919,0.007212331176580261,2.861250380293474e-05,9.132769104642737e-06,9.132769104642737e-06
0.92,0.0072189179822163,2.8669769338533556e-05,9.161410237304351e-06,9.161410237304351e-06
0.921,0.00722550234874641,2.8727081769014253e-05,9.190108658951432e-06,9.190108658951432e-06
0.922,0.007232084277073797,2.8784441065271136e-05,9.218864416464305e-06,9.218864416464305e-06
0.923,0.007238663768101331,2.884184719821131e-05,9.247677556694202e-06,9.247677556694202e-06
0.924,0.007245240822731549,2.889930013875468e-05,9.276548126463262e-06,9.276548126463262e-06
0.925,0.007251815441866653,2.8956799857833933e-05,9.305476172564556e-06,9.305476172564556e-06
0.926,0.007258387626408511,2.9014346326394555e-05,9.33446174176209e-06,9.33446174176209e-06
0.927,0.007264957377258657,2.9071939515394803e-05,9.363504880790824e-06,9.363504880790824e-06
0.928,0.007271524695318293,2.912957939580572e-05,9.392605636356682e-06,9.392605636356682e-06
0.929,0.007278089581488284,2.9187265938611112e-05,9.421764055136566e-06,9.421764055136566e-06
0.93,0.007284652036669164,2.9244999114807556e-05,9.450980183778367e-06,9.450980183778367e-06
0.931,0.007291212061761133,2.930277889540439e-05,9.48025406890098e-06,9.48025406890098e-06
0.932,0.007297769657664056,2.9360605251423707e-05,9.509585757094317e-06,9.509585757094317e-06
0.933,0.007304324825277467,2.9418478153900353e-05,9.538975294919313e-06,9.538975294919313e-06
0.934,0.007310877565500566,2.9476397573881918e-05,9.568422728907952e-06,9.568422728907952e-06
0.935,0.007317427879232219,2.953436348242873e-05,9.597928105563265e-06,9.597928105563265e-06
0.936,0.007323975767370961,2.9592375850613863e-05,9.627491471359355e-06,9.627491471359355e-06
0.937,0.007330521230814993,2.965043464952311e-05,9.6571128727414e-06,9.6571128727414e-06
0.9380000000000001,0.007337064270462185,2.9708539850254995e-05,9.686792356125675e-06,9.686792356125675e-06
0.9390000000000001,0.007343604887210071,2.9766691423920765e-05,9.716529967899555e-06,9.716529967899555e-06
0.9400000000000001,0.007350143081955857,2.9824889341644383e-05,9.746325754421535e-06,9.746325754421535e-06
0.9410000000000001,0.007356678855596413,2.9883133574562515e-05,9.77617976202124e-06,9.77617976202124e-06
0.9420000000000001,0.00736321220902828,2.9941424093824542e-05,9.80609203699944e-06,9.80609203699944e-06
0.9430000000000001,0.007369743143147665,2.999976087059254e-05,9.836062625628057e-06,9.836062625628057e-06
0.9440000000000001,0.007376271658850444,3.005814387604128e-05,9.866091574150184e-06,9.866091574150184e-06
0.9450000000000001,0.007382797757032161,3.0116573081358228e-05,9.896178928780095e-06,9.896178928780095e-06
0.9460000000000001,0.007389321438588028,3.017504845774353e-05,9.926324735703257e-06,9.926324735703257e-06
0.9470000000000001,0.007395842704412926,3.0233569976410016e-05,9.956529041076342e-06,9.956529041076342e-06
0.9480000000000001,0.007402361555401405,3.029213760858319e-05,9.986791891027245e-06,9.986791891027245e-06
0.9490000000000001,0.007408877992447683,3.0350751325501226e-05,1.001711333165509e-05,1.001711333165509e-05
0.9500000000000001,0.007415392016445648,3.0409411098414963e-05,1.0047493409030246e-05,1.0047493409030246e-05
0.9510000000000001,0.007421903628288854,3.0468116898587903e-05,1.007793216919434e-05,1.007793216919434e-05
0.9520000000000001,0.0074284128288705275,3.05268686972962e-05,1.0108429658160267e-05,1.0108429658160267e-05
0.9530000000000001,0.007434919619083563,3.058566646582866e-05,1.0138985921912208e-05,1.0138985921912208e-05
0.9540000000000001,0.007441423999820524,3.064451017548673e-05,1.0169601006405634e-05,1.0169601006405634e-05
0.9550000000000001,0.007447925971973644,3.07033997975845e-05,1.0200274957567327e-05,1.0200274957567327e-05
0.9560000000000001,0.007454425536434826,3.07623353034487e-05,1.023100782129539e-05,1.023100782129539e-05
0.9570000000000001,0.007460922694095643,3.0821316664418674e-05,1.0261799643459259e-05,1.0261799643459259e-05
0.9580000000000001,0.007467417445847337,3.088034385184641e-05,1.0292650469899714e-05,1.0292650469899714e-05
0.9590000000000001,0.00747390979258082,3.093941683709651e-05,1.0323560346428892e-05,1.0323560346428892e-05
0.96,0.007480399735186676,3.099853559154619e-05,1.0354529318830306e-05,1.0354529318830306e-05
0.961,0.007486887274555156,3.1057700086585266e-05,1.0385557432858847e-05,1.0385557432858847e-05
0.962,0.007493372411576184,3.111691029361617e-05,1.0416644734240807e-05,1.0416644734240807e-05
0.963,0.007499855147139353,3.117616618405394e-05,1.0447791268673881e-05,1.0447791268673881e-05
0.964,0.0075063354821339285,3.1235467729326185e-05,1.0478997081827192e-05,1.0478997081827192e-05
0.965,0.007512813417448844,3.129481490087313e-05,1.0510262219341292e-05,1.0510262219341292e-05
0.966,0.007519288953972705,3.135420767014757e-05,1.054158672682818e-05,1.054158672682818e-05
0.967,0.00752576209259379,3.141364600861489e-05,1.0572970649871317e-05,1.0572970649871317e-05
0.968,0.007532232834200046,3.1473129887753034e-05,1.0604414034025633e-05,1.0604414034025633e-05
0.969,0.00753870117967909,3.153265927905253e-05,1.0635916924817543e-05,1.0635916924817543e-05
0.97,0.007545167129918214,3.159223415401647e-05,1.0667479367744958e-05,1.0667479367744958e-05
0.971,0.00755163068580438,3.165185448416049e-05,1.06991014082773e-05,1.06991014082773e-05
0.972,0.0075580918482242195,3.171152024101281e-05,1.0730783091855515e-05,1.0730783091855515e-05
0.973,0.007564550618064038,3.177123139611417e-05,1.0762524463892076e-05,1.0762524463892076e-05
0.974,0.007571006996209813,3.1830987921017865e-05,1.079432556977101e-05,1.079432556977101e-05
0.975,0.007577460983547193,3.189078978728974e-05,1.08261864548479e-05,1.08261864548479e-05
0.976,0.007583912580961498,3.195063696650817e-05,1.0858107164449905e-05,1.0858107164449905e-05
0.977,0.0075903617893377205,3.201052943026405e-05,1.0890087743875763e-05,1.0890087743875763e-05
0.978,0.007596808609560526,3.207046715016081e-05,1.0922128238395814e-05,1.0922128238395814e-05
0.979,0.0076032530425142525,3.213045009781439e-05,1.0954228693252004e-05,1.0954228693252004e-05
0.98,0.007609695089082909,3.219047824485327e-05,1.0986389153657904e-05,1.0986389153657904e-05
0.981,0.007616134750150179,3.2250551562918397e-05,1.101860966479872e-05,1.101860966479872e-05
0.982,0.007622572026599417,3.231067002366326e-05,1.1050890271831301e-05,1.1050890271831301e-05
0.983,0.007629006919313653,3.2370833598753843e-05,1.1083231019884162e-05,1.1083231019884162e-05
0.984,0.0076354394291755865,3.243104225986861e-05,1.1115631954057483e-05,1.1115631954057483e-05
0.985,0.007641869557067593,3.249129597869851e-05,1.1148093119423136e-05,1.1148093119423136e-05
0.986,0.00764829730387172,3.255159472694701e-05,1.1180614561024686e-05,1.1180614561024686e-05
0.987,0.007654722670469689,3.261193847633003e-05,1.1213196323877408e-05,1.1213196323877408e-05
0.988,0.007661145657742894,3.267232719857597e-05,1.1245838452968301e-05,1.1245838452968301e-05
0.989,0.007667566266572404,3.2732760865425695e-05,1.1278540993256096e-05,1.1278540993256096e-05
0.99,0.007673984497838959,3.2793239448632555e-05,1.1311303989671272e-05,1.1311303989671272e-05
0.991,0.0076804003524229775,3.2853762919962345e-05,1.1344127487116069e-05,1.1344127487116069e-05
0.992,0.007686813831204548,3.291433125119331e-05,1.1377011530464497e-05,1.1377011530464497e-05
0.993,0.007693224935063434,3.297494441411616e-05,1.1409956164562353e-05,1.1409956164562353e-05
0.994,0.0076996336648790745,3.3035602380534036e-05,1.1442961434227228e-05,1.1442961434227228e-05
0.995,0.007706040021530581,3.3096305122262535e-05,1.1476027384248525e-05,1.1476027384248525e-05
0.996,0.007712444005896741,3.315705261112968e-05,1.1509154059387466e-05,1.1509154059387466e-05
0.997,0.007718845618856016,3.321784481897592e-05,1.154234150437711e-05,1.154234150437711e-05
0.998,0.007725244861286542,3.3278681717654145e-05,1.1575589763922362e-05,1.1575589763922362e-05
0.999,0.007731641734066131,3.333956327902965e-05,1.1608898882699985e-05,1.1608898882699985e-05
1.0,0.007738036238072268,3.3400489474980145e-05,1.1642268905358612e-05,1.1642268905358612e-05
1.0010000000000001,0.007744428374182114,3.346146027739577e-05,1.1675699876518765e-05,1.1675699876518765e-05
1.002,0.007750818143272506,3.352247565817905e-05,1.1709191840772859e-05,1.1709191840772859e-05
1.0030000000000001,0.007757205546219955,3.3583535589244924e-05,1.1742744842685218e-05,1.1742744842685218e-05
1.004,0.007763590583900648,3.364464004252072e-05,1.1776358926792085e-05,1.1776358926792085e-05
1.0050000000000001,0.007769973257190447,3.3705788989946154e-05,1.181003413760164e-05,1.181003413760164e-05
1.006,0.0077763535669648914,3.376698240347334e-05,1.1843770519594011e-05,1.1843770519594011e-05
1.0070000000000001,0.007782731514099194,3.382822025506676e-05,1.1877568117221276e-05,1.1877568117221276e-05
1.008,0.007789107099468245,3.388950251670328e-05,1.1911426974907492e-05,1.1911426974907492e-05
1.0090000000000001,0.007795480323946611,3.3950829160372136e-05,1.1945347137048693e-05,1.1945347137048693e-05
1.01,0.007801851188408534,3.4012200158074935e-05,1.1979328648012914e-05,1.1979328648012914e-05
1.0110000000000001,0.007808219693727931,3.407361548182564e-05,1.2013371552140193e-05,1.2013371552140193e-05
1.012,0.007814585840778397,3.4135075103650564e-05,1.204747589374259e-05,1.204747589374259e-05
1.0130000000000001,0.007820949630433205,3.419657899558838e-05,1.2081641717104199e-05,1.2081641717104199e-05
1.014,0.0078273110635653,3.425812712969011e-05,1.2115869066481155e-05,1.2115869066481155e-05
1.0150000000000001,0.00783367014104731,3.4319719478019115e-05,1.2150157986101654e-05,1.2150157986101654e-05
1.016,0.007840026863751534,3.438135601265108e-05,1.218450852016596e-05,1.218450852016596e-05
1.0170000000000001,0.007846381232549951,3.444303670567405e-05,1.221892071284642e-05,1.221892071284642e-05
1.018,0.007852733248314217,3.450476152918837e-05,1.2253394608287472e-05,1.2253394608287472e-05
1.0190000000000001,0.007859082911915664,3.4566530455306715e-05,1.2287930250605665e-05,1.2287930250605665e-05
1.02,0.007865430224225303,3.462834345615409e-05,1.2322527683889661e-05,1.2322527683889661e-05
1.0210000000000001,0.007871775186113822,3.4690200503867796e-05,1.235718695220026e-05,1.235718695220026e-05
1.022,0.007878117798451583,3.475210157059745e-05,1.2391908099570403e-05,1.2391908099570403e-05
1.0230000000000001,0.007884458062108633,3.481404662850496e-05,1.2426691170005182e-05,1.2426691170005182e-05
1.024,0.00789079597795469,3.4876035649764556e-05,1.2461536207481863e-05,1.2461536207481863e-05
1.025,0.007897131546859153,3.4938068606562736e-05,1.2496443255949891e-05,1.2496443255949891e-05
1.026,0.0079034647696911,3.500014547109829e-05,1.2531412359330902e-05,1.2531412359330902e-05
1.027,0.007909795647319284,3.506226621558231e-05,1.2566443561518737e-05,1.2566443561518737e-05
1.028,0.00791612418061214,3.512443081223814e-05,1.2601536906379457e-05,1.2601536906379457e-05
1.029,0.007922450370437777,3.5186639233301415e-05,1.2636692437751349e-05,1.2636692437751349e-05
1.03,0.007928774217663987,3.524889145102003e-05,1.2671910199444945e-05,1.2671910199444945e-05
1.031,0.00793509572315824,3.5311187437654144e-05,1.2707190235243027e-05,1.2707190235243027e-05
1.032,0.007941414887787681,3.5373527165476184e-05,1.2742532588900647e-05,1.2742532588900647e-05
1.033,0.007947731712419137,3.5435910606770816e-05,1.2777937304145136e-05,1.2777937304145136e-05
1.034,0.007954046197919114,3.549833773383496e-05,1.2813404424676112e-05,1.2813404424676112e-05
1.035,0.007960358345153797,3.5560808518977794e-05,1.2848933994165498e-05,1.2848933994165498e-05
1.036,0.007966668154989049,3.5623322934520705e-05,1.2884526056257532e-05,1.2884526056257532e-05
1.037,0.007972975628290415,3.568588095279734e-05,1.2920180654568783e-05,1.2920180654568783e-05
1.038,0.007979280765923115,3.5748482546153565e-05,1.2955897832688154e-05,1.2955897832688154e-05
1.039,0.007985583568752053,3.5811127686947475e-05,1.2991677634176903e-05,1.2991677634176903e-05
1.04,0.007991884037641811,3.587381634754938e-05,1.3027520102568653e-05,1.3027520102568653e-05
1.041,0.00799818217345665,3.593654850034181e-05,1.30634252813694e-05,1.30634252813694e-05
1.042,0.008004477977060512,3.5999324117719485e-05,1.3099393214057531e-05,1.3099393214057531e-05
1.043,0.00801077144931702,3.606214317208936e-05,1.3135423944083835e-05,1.3135423944083835e-05
1.044,0.008017062591089473,3.612500563587057e-05,1.3171517514871514e-05,1.3171517514871514e-05
1.045,0.008023351403240855,3.618791148149446e-05,1.320767396981619e-05,1.320767396981619e-05
1.046,0.008029637886633832,3.6250860681404544e-05,1.324389335228593e-05,1.324389335228593e-05
1.047,0.008035922042130744,3.6313853208056536e-05,1.3280175705621246e-05,1.3280175705621246e-05
1.048,0.008042203870593616,3.6376889033918334e-05,1.3316521073135113e-05,1.3316521073135113e-05
1.049,0.008048483372884153,3.643996813147e-05,1.335292949811298e-05,1.335292949811298e-05
1.05,0.00805476054986374,3.650309047320378e-05,1.338940102381278e-05,1.338940102381278e-05
1.051,0.008061035402393446,3.6566256031624065e-05,1.3425935693464948e-05,1.3425935693464948e-05
1.052,0.008067307931334016,3.6629464779247435e-05,1.3462533550272427e-05,1.3462533550272427e-05
1.053,0.00807357813754588,3.66927166886026e-05,1.3499194637410685e-05,1.3499194637410685e-05
1.054,0.00807984602188915,3.675601173223045e-05,1.3535918998027722e-05,1.3535918998027722e-05
1.055,0.008086111585223618,3.681934988268399e-05,1.3572706675244087e-05,1.3572706675244087e-05
1.056,0.008092374828408756,3.688273111252839e-05,1.3609557712152886e-05,1.3609557712152886e-05
1.057,0.008098635752303721,3.6946155394340945e-05,1.3646472151819799e-05,1.3646472151819799e-05
1.058,0.00810489435776735,3.700962270071109e-05,1.3683450037283087e-05,1.3683450037283087e-05
1.059,0.008111150645658162,3.7073133004240375e-05,1.3720491411553608e-05,1.3720491411553608e-05
1.06,0.008117404616834358,3.7136686277542496e-05,1.3757596317614825e-05,1.3757596317614825e-05
1.061,0.008123656272153822,3.7200282493243244e-05,1.3794764798422824e-05,1.3794764798422824e-05
1.062,0.00812990561247412,3.726392162398053e-05,1.3831996896906323e-05,1.3831996896906323e-05
1.063,0.0081361526386525,3.732760364240437e-05,1.3869292655966681e-05,1.3869292655966681e-05
1.064,0.008142397351545894,3.739132852117689e-05,1.3906652118477914e-05,1.3906652118477914e-05
1.065,0.008148639752010915,3.7455096232972315e-05,1.3944075327286708e-05,1.3944075327286708e-05
1.066,0.008154879840903857,3.751890675047696e-05,1.3981562325212428e-05,1.3981562325212428e-05
1.067,0.008161117619080702,3.758276004638922e-05,1.4019113155047131e-05,1.4019113155047131e-05
1.068,0.008167353087397113,3.764665609341959e-05,1.4056727859555578e-05,1.4056727859555578e-05
1.069,0.008173586246708433,3.771059486429063e-05,1.409440648147525e-05,1.409440648147525e-05
1.07,0.008179817097869692,3.777457633173698e-05,1.4132149063516352e-05,1.4132149063516352e-05
1.071,0.008186045641735603,3.783860046850536e-05,1.416995564836183e-05,1.416995564836183e-05
1.072,0.00819227187916056,3.790266724735454e-05,1.4207826278667388e-05,1.4207826278667388e-05
1.073,0.008198495810998642,3.7966776641055356e-05,1.4245760997061489e-05,1.4245760997061489e-05
1.074,0.008204717438103613,3.8030928622390694e-05,1.4283759846145375e-05,1.4283759846145375e-05
1.075,0.00821093676132892,3.809512316415549e-05,1.4321822868493078e-05,1.4321822868493078e-05
1.076,0.008217153781527695,3.8159360239156734e-05,1.435995010665143e-05,1.435995010665143e-05
1.077,0.00822336849955275,3.8223639820213456e-05,1.4398141603140077e-05,1.4398141603140077e-05
1.078,0.008229580916256585,3.828796188015671e-05,1.4436397400451487e-05,1.4436397400451487e-05
1.079,0.008235791032491384,3.8352326391829594e-05,1.4474717541050967e-05,1.4474717541050967e-05
1.08,0.008241998849109014,3.8416733328087226e-05,1.4513102067376674e-05,1.4513102067376674e-05
1.081,0.008248204366961028,3.8481182661796746e-05,1.4551551021839625e-05,1.4551551021839625e-05
1.082,0.008254407586898662,3.854567436583731e-05,1.4590064446823711e-05,1.4590064446823711e-05
1.083,0.00826060850977284,3.861020841310009e-05,1.4628642384685707e-05,1.4628642384685707e-05
1.084,0.008266807136434165,3.8674784776488256e-05,1.4667284877755287e-05,1.4667284877755287e-05
1.085,0.008273003467732933,3.873940342891699e-05,1.4705991968335031e-05,1.4705991968335031e-05
1.086,0.008279197504519118,3.880406434331347e-05,1.4744763698700443e-05,1.4744763698700443e-05
1.087,0.008285389247642383,3.8868767492616865e-05,1.478360011109996e-05,1.478360011109996e-05
1.088,0.008291578697952075,3.8933512849778325e-05,1.4822501247754964e-05,1.4822501247754964e-05
1.089,0.008297765856297228,3.899830038776099e-05,1.4861467150859791e-05,1.4861467150859791e-05
1.09,0.00830395072352656,3.906313007953999e-05,1.490049786258175e-05,1.490049786258175e-05
1.091,0.008310133300488477,3.9128001898102405e-05,1.4939593425061132e-05,1.4939593425061132e-05
1.092,0.008316313588031065,3.91929158164473e-05,1.4978753880411217e-05,1.4978753880411217e-05
1.093,0.008322491587002104,3.92578718075857e-05,1.5017979270718291e-05,1.5017979270718291e-05
1.094,0.008328667298249055,3.932286984454058e-05,1.505726963804166e-05,1.505726963804166e-05
1.095,0.008334840722619065,3.938790990034689e-05,1.5096625024413655e-05,1.5096625024413655e-05
1.096,0.00834101186095897,3.945299194805151e-05,1.5136045471839653e-05,1.5136045471839653e-05
1.097,0.00834718071411529,3.9518115960713285e-05,1.5175531022298077e-05,1.5175531022298077e-05
1.098,0.008353347282934234,3.958328191140298e-05,1.5215081717740421e-05,1.5215081717740421e-05
1.099,0.008359511568261695,3.96484897732033e-05,1.5254697600091252e-05,1.5254697600091252e-05
1.1,0.008365673570943255,3.971373951920889e-05,1.529437871124823e-05,1.529437871124823e-05
1.101,0.008371833291824182,3.977903112252631e-05,1.533412509308211e-05,1.533412509308211e-05
1.102,0.008377990731749429,3.984436455627405e-05,1.537393678743676e-05,1.537393678743676e-05
1.103,0.00838414589156364,3.990973979358252e-05,1.5413813836129177e-05,1.5413813836129177e-05
1.104,0.008390298772111143,3.9975156807594025e-05,1.5453756280949493e-05,1.5453756280949493e-05
1.105,0.008396449374235955,4.004061557146279e-05,1.5493764163660984e-05,1.5493764163660984e-05
1.106,0.00840259769878178,4.010611605835494e-05,1.5533837526000093e-05,1.5533837526000093e-05
1.107,0.00840874374659201,4.01716582414485e-05,1.5573976409676428e-05,1.5573976409676428e-05
1.108,0.008414887518509724,4.023724209393338e-05,1.5614180856372786e-05,1.5614180856372786e-05
1.109,0.008421029015377689,4.030286758901139e-05,1.565445090774516e-05,1.565445090774516e-05
1.11,0.008427168238038359,4.036853469989621e-05,1.5694786605422744e-05,1.5694786605422744e-05
1.111,0.008433305187333878,4.043424339981339e-05,1.573518799100796e-05,1.573518799100796e-05
1.112,0.008439439864106077,4.049999366200039e-05,1.577565510607646e-05,1.577565510607646e-05
1.113,0.008445572269196476,4.056578545970651e-05,1.5816187992177132e-05,1.5816187992177132e-05
1.114,0.008451702403446282,4.063161876619292e-05,1.5856786690832132e-05,1.5856786690832132e-05
1.115,0.008457830267696392,4.069749355473264e-05,1.589745124353687e-05,1.589745124353687e-05
1.116,0.00846395586278739,4.076340979861057e-05,1.5938181691760045e-05,1.5938181691760045e-05
1.117,0.008470079189559552,4.082936747112344e-05,1.5978978076943637e-05,1.5978978076943637e-05
1.118,0.008476200248852839,4.089536654557983e-05,1.6019840440502938e-05,1.6019840440502938e-05
1.119,0.0084823190415069,4.096140699530017e-05,1.606076882382655e-05,1.606076882382655e-05
1.12,0.00848843556836108,4.102748879361671e-05,1.6101763268276403e-05,1.6101763268276403e-05
1.121,0.008494549830254406,4.109361191387354e-05,1.6142823815187765e-05,1.6142823815187765e-05
1.122,0.008500661828025597,4.1159776329426576e-05,1.618395050586925e-05,1.618395050586925e-05
1.123,0.008506771562513064,4.122598201364356e-05,1.622514338160284e-05,1.622514338160284e-05
1.124,0.008512879034554902,4.129222893990403e-05,1.6266402483643886e-05,1.6266402483643886e-05
1.125,0.0085189842449889,4.135851708159937e-05,1.6307727853221126e-05,1.6307727853221126e-05
1.1260000000000001,0.008525087194652534,4.142484641213275e-05,1.6349119531536696e-05,1.6349119531536696e-05
1.127,0.008531187884382976,4.149121690491915e-05,1.639057755976614e-05,1.639057755976614e-05
1.1280000000000001,0.008537286315017078,4.1557628533385334e-05,1.6432101979058425e-05,1.6432101979058425e-05
1.129,0.00854338248739139,4.162408127096988e-05,1.647369283053595e-05,1.647369283053595e-05
1.1300000000000001,0.00854947640234215,4.169057509112314e-05,1.6515350155294554e-05,1.6515350155294554e-05
1.131,0.008555568060705284,4.175710996730727e-05,1.6557073994403538e-05,1.6557073994403538e-05
1.1320000000000001,0.008561657463316412,4.182368587299617e-05,1.659886438890567e-05,1.659886438890567e-05
1.133,0.008567744611010841,4.189030278167555e-05,1.6640721379817196e-05,1.6640721379817196e-05
1.1340000000000001,0.008573829504623574,4.195696066684288e-05,1.6682645008127852e-05,1.6682645008127852e-05
1.135,0.008579912144989299,4.2023659502007375e-05,1.672463531480088e-05,1.672463531480088e-05
1.1360000000000001,0.008585992532942397,4.209039926069004e-05,1.676669234077304e-05,1.676669234077304e-05
1.137,0.008592070669316942,4.215717991642362e-05,1.680881612695461e-05,1.680881612695461e-05
1.1380000000000001,0.008598146554946699,4.222400144275261e-05,1.6851006714229418e-05,1.6851006714229418e-05
1.139,0.00860422019066512,4.229086381323326e-05,1.6893264143454833e-05,1.6893264143454833e-05
1.1400000000000001,0.008610291577305352,4.235776700143356e-05,1.693558845546179e-05,1.693558845546179e-05
1.141,0.008616360715700233,4.242471098093323e-05,1.69779796910548e-05,1.69779796910548e-05
1.1420000000000001,0.008622427606682293,4.249169572532373e-05,1.7020437891011953e-05,1.7020437891011953e-05
1.143,0.00862849225108375,4.255872120820824e-05,1.7062963096084945e-05,1.7062963096084945e-05
1.1440000000000001,0.00863455464973652,4.2625787403201675e-05,1.7105555346999073e-05,1.7105555346999073e-05
1.145,0.008640614803472207,4.2692894283930664e-05,1.7148214684453258e-05,1.7148214684453258e-05
1.1460000000000001,0.008646672713122108,4.276004182403354e-05,1.7190941149120056e-05,1.7190941149120056e-05
1.147,0.00865272837951721,4.282722999716036e-05,1.7233734781645667e-05,1.7233734781645667e-05
1.1480000000000001,0.008658781803488195,4.2894458776972866e-05,1.727659562264994e-05,1.727659562264994e-05
1.149,0.008664832985865439,4.296172813714452e-05,1.73195237127264e-05,1.73195237127264e-05
1.1500000000000001,0.008670881927479007,4.302903805136048e-05,1.7362519092442242e-05,1.7362519092442242e-05
1.151,0.008676928629158656,4.3096388493317576e-05,1.7405581802338366e-05,1.7405581802338366e-05
1.1520000000000001,0.00868297309173384,4.316377943672433e-05,1.744871188292936e-05,1.744871188292936e-05
1.153,0.008689015316033702,4.323121085530096e-05,1.7491909374703536e-05,1.7491909374703536e-05
1.154,0.00869505530288708,4.3298682722779336e-05,1.753517431812293e-05,1.753517431812293e-05
1.155,0.008701093053122505,4.336619501290302e-05,1.757850675362331e-05,1.757850675362331e-05
1.156,0.008707128567568199,4.343374769942724e-05,1.7621906721614203e-05,1.7621906721614203e-05
1.157,0.00871316184705208,4.350134075611887e-05,1.766537426247889e-05,1.766537426247889e-05
1.158,0.008719192892401757,4.356897415675645e-05,1.7708909416574422e-05,1.7708909416574422e-05
1.159,0.008725221704444536,4.3636647875130186e-05,1.7752512224231647e-05,1.7752512224231647e-05
1.16,0.008731248284007414,4.370436188504191e-05,1.7796182725755195e-05,1.7796182725755195e-05
1.161,0.00873727263191708,4.377211616030512e-05,1.7839920961423513e-05,1.7839920961423513e-05
1.162,0.008743294748999922,4.383991067474494e-05,1.7883726971488864e-05,1.7883726971488864e-05
1.163,0.008749314636082018,4.3907745402198134e-05,1.792760079617734e-05,1.792760079617734e-05
1.164,0.008755332293989141,4.397562031651309e-05,1.797154247568888e-05,1.797154247568888e-05
1.165,0.00876134772354676,4.404353539154983e-05,1.8015552050197273e-05,1.8015552050197273e-05
1.166,0.008767360925580035,4.4111490601179986e-05,1.8059629559850175e-05,1.8059629559850175e-05
1.167,0.008773371900913823,4.4179485919286814e-05,1.8103775044769123e-05,1.8103775044769123e-05
1.168,0.008779380650372676,4.424752131976518e-05,1.8147988545049537e-05,1.8147988545049537e-05
1.169,0.008785387174780838,4.431559677652155e-05,1.8192270100760746e-05,1.8192270100760746e-05
1.17,0.00879139147496225,4.4383712263474e-05,1.823661975194598e-05,1.823661975194598e-05
1.171,0.008797393551740544,4.445186775455221e-05,1.82810375386224e-05,1.82810375386224e-05
1.172,0.008803393405939055,4.4520063223697444e-05,1.8325523500781107e-05,1.8325523500781107e-05
1.173,0.008809391038380805,4.458829864486254e-05,1.837007767838714e-05,1.837007767838714e-05
1.174,0.008815386449888517,4.465657399201195e-05,1.8414700111379495e-05,1.8414700111379495e-05
1.175,0.008821379641284604,4.4724889239121676e-05,1.8459390839671148e-05,1.8459390839671148e-05
1.176,0.008827370613391181,4.479324436017932e-05,1.850414990314905e-05,1.850414990314905e-05
1.177,0.008833359367030051,4.486163932918403e-05,1.8548977341674153e-05,1.8548977341674153e-05
1.178,0.00883934590302272,4.493007412014654e-05,1.8593873195081406e-05,1.8593873195081406e-05
1.179,0.008845330222190383,4.499854870708913e-05,1.8638837503179773e-05,1.8638837503179773e-05
1.18,0.008851312325353937,4.506706306404564e-05,1.8683870305752253e-05,1.8683870305752253e-05
1.181,0.008857292213333971,4.513561716506146e-05,1.8728971642555884e-05,1.8728971642555884e-05
1.182,0.008863269886950772,4.520421098419354e-05,1.8774141553321748e-05,1.8774141553321748e-05
1.183,0.008869245347024322,4.527284449551035e-05,1.8819380077755e-05,1.8819380077755e-05
1.184,0.0088752185943743,4.534151767309191e-05,1.8864687255534858e-05,1.8864687255534858e-05
1.185,0.008881189629820083,4.541023049102978e-05,1.8910063126314634e-05,1.8910063126314634e-05
1.186,0.00888715845418074,4.547898292342703e-05,1.8955507729721738e-05,1.8955507729721738e-05
1.187,0.008893125068275044,4.554777494439827e-05,1.9001021105357682e-05,1.9001021105357682e-05
1.188,0.008899089472921456,4.561660652806962e-05,1.9046603292798104e-05,1.9046603292798104e-05
1.189,0.008905051668938142,4.568547764857872e-05,1.909225433159277e-05,1.909225433159277e-05
1.19,0.00891101165714296,4.57543882800747e-05,1.9137974261265592e-05,1.9137974261265592e-05
1.191,0.008916969438353467,4.582333839671823e-05,1.9183763121314637e-05,1.9183763121314637e-05
1.192,0.008922925013386917,4.589232797268146e-05,1.9229620951212136e-05,1.9229620951212136e-05
1.193,0.008928878383060262,4.596135698214803e-05,1.92755477904045e-05,1.92755477904045e-05
1.194,0.00893482954819015,4.6030425399313084e-05,1.9321543678312328e-05,1.9321543678312328e-05
1.195,0.008940778509592927,4.609953319838325e-05,1.9367608654330423e-05,1.9367608654330423e-05
1.196,0.008946725268084637,4.616868035357664e-05,1.94137427578278e-05,1.94137427578278e-05
1.197,0.008952669824481023,4.623786683912284e-05,1.9459946028147693e-05,1.9459946028147693e-05
1.198,0.008958612179597526,4.6307092629262905e-05,1.9506218504607575e-05,1.9506218504607575e-05
1.199,0.00896455233424928,4.637635769824937e-05,1.9552560226499165e-05,1.9552560226499165e-05
1.2,0.008970490289251124,4.6445662020346224e-05,1.959897123308844e-05,1.959897123308844e-05
1.201,0.008976426045417592,4.651500556982892e-05,1.964545156361565e-05,1.964545156361565e-05
1.202,0.008982359603562917,4.658438832098436e-05,1.9692001257295324e-05,1.9692001257295324e-05
1.203,0.008988290964501029,4.665381024811091e-05,1.973862035331628e-05,1.973862035331628e-05
1.204,0.008994220129045558,4.672327132551837e-05,1.978530889084164e-05,1.978530889084164e-05
1.205,0.009000147098009833,4.679277152752798e-05,1.983206690900885e-05,1.983206690900885e-05
1.206,0.00900607187220688,4.686231082847242e-05,1.9878894446929674e-05,1.9878894446929674e-05
1.207,0.009011994452449427,4.6931889202695804e-05,1.9925791543690222e-05,1.9925791543690222e-05
1.208,0.009017914839549898,4.7001506624553676e-05,1.9972758238350946e-05,1.9972758238350946e-05
1.209,0.009023833034320418,4.7071163068413e-05,2.0019794569946662e-05,2.0019794569946662e-05
1.21,0.009029749037572811,4.714085850865215e-05,2.0066900577486564e-05,2.0066900577486564e-05
1.211,0.0090356628501186,4.721059291966092e-05,2.0114076299954223e-05,2.0114076299954223e-05
1.212,0.009041574472769008,4.7280366275840524e-05,2.016132177630761e-05,2.016132177630761e-05
1.213,0.009047483906334955,4.735017855160356e-05,2.02086370454791e-05,2.02086370454791e-05
1.214,0.009053391151627066,4.742002972137404e-05,2.0256022146375487e-05,2.0256022146375487e-05
1.215,0.00905929620945566,4.7489919759587366e-05,2.0303477117877994e-05,2.0303477117877994e-05
1.216,0.00906519908063076,4.755984864069034e-05,2.035100199884229e-05,2.035100199884229e-05
1.217,0.009071099765962088,4.7629816339141136e-05,2.0398596828098492e-05,2.0398596828098492e-05
1.218,0.009076998266259064,4.769982282940932e-05,2.044626164445118e-05,2.044626164445118e-05
1.219,0.009082894582330813,4.7769868085975834e-05,2.049399648667941e-05,2.049399648667941e-05
1.22,0.009088788714986156,4.783995208333299e-05,2.0541801393536725e-05,2.0541801393536725e-05
1.221,0.009094680665033616,4.791007479598446e-05,2.058967640375117e-05,2.058967640375117e-05
1.222,0.009100570433281416,4.798023619844531e-05,2.0637621556025296e-05,2.0637621556025296e-05
1.223,0.009106458020537481,4.8050436265241925e-05,2.0685636889036172e-05,2.0685636889036172e-05
1.224,0.009112343427609436,4.8120674970912075e-05,2.0733722441435403e-05,2.0733722441435403e-05
1.225,0.009118226655304608,4.8190952290004866e-05,2.0781878251849134e-05,2.0781878251849134e-05
1.226,0.009124107704430022,4.8261268197080746e-05,2.083010435887807e-05,2.083010435887807e-05
1.227,0.009129986575792408,4.833162266671152e-05,2.087840080109748e-05,2.087840080109748e-05
1.228,0.009135863270198195,4.840201567348032e-05,2.0926767617057208e-05,2.0926767617057208e-05
1.229,0.009141737788453515,4.84724471919816e-05,2.0975204845281686e-05,2.0975204845281686e-05
1.23,0.009147610131364198,4.8542917196821155e-05,2.102371252426995e-05,2.102371252426995e-05
1.231,0.00915348029973578,4.861342566261611e-05,2.1072290692495646e-05,2.1072290692495646e-05
1.232,0.009159348294373496,4.868397256399488e-05,2.1120939388407042e-05,2.1120939388407042e-05
1.233,0.009165214116082284,4.875455787559723e-05,2.1169658650427042e-05,2.1169658650427042e-05
1.234,0.009171077765666783,4.88251815720742e-05,2.1218448516953194e-05,2.1218448516953194e-05
1.235,0.009176939243931335,4.889584362808815e-05,2.1267309026357704e-05,2.1267309026357704e-05
1.236,0.009182798551679984,4.896654401831275e-05,2.1316240216987443e-05,2.1316240216987443e-05
1.237,0.009188655689716475,4.903728271743295e-05,2.136524212716396e-05,2.136524212716396e-05
1.238,0.009194510658844256,4.9108059700145006e-05,2.1414314795183503e-05,2.1414314795183503e-05
1.239,0.00920036345986648,4.917887494115645e-05,2.1463458259317016e-05,2.1463458259317016e-05
1.24,0.009206214093585997,4.924972841518609e-05,2.1512672557810154e-05,2.1512672557810154e-05
1.241,0.009212062560805366,4.932062009696403e-05,2.1561957728883303e-05,2.1561957728883303e-05
1.242,0.009217908862326844,4.939154996123163e-05,2.1611313810731578e-05,2.1611313810731578e-05
1.243,0.009223752998952395,4.946251798274153e-05,2.1660740841524845e-05,2.1660740841524845e-05
1.244,0.00922959497148368,4.953352413625764e-05,2.1710238859407727e-05,2.1710238859407727e-05
1.245,0.009235434780722071,4.9604568396555105e-05,2.175980790249962e-05,2.175980790249962e-05
1.246,0.009241272427468639,4.967565073842035e-05,2.1809448008894693e-05,2.1809448008894693e-05
1.247,0.009247107912524156,4.9746771136651036e-05,2.1859159216661914e-05,2.1859159216661914e-05
1.248,0.009252941236689101,4.9817929566056075e-05,2.1908941563845054e-05,2.1908941563845054e-05
1.249,0.009258772400763657,4.9889126001455624e-05,2.195879508846269e-05,2.195879508846269e-05
1.25,0.009264601405547707,4.9960360417681075e-05,2.200871982850824e-05,2.200871982850824e-05
1.2510000000000001,0.009270428251840842,5.003163278957505e-05,2.205871582194994e-05,2.205871582194994e-05
1.252,0.009276252940442355,5.01029430919914e-05,2.2108783106730896e-05,2.2108783106730896e-05
1.2530000000000001,0.009282075472151242,5.01742912997952e-05,2.2158921720769052e-05,2.2158921720769052e-05
1.254,0.009287895847766205,5.024567738786276e-05,2.220913170195724e-05,2.220913170195724e-05
1.2550000000000001,0.00929371406808565,5.031710133108157e-05,2.225941308816316e-05,2.225941308816316e-05
1.256,0.009299530133907686,5.0388563104350366e-05,2.230976591722942e-05,2.230976591722942e-05
1.2570000000000001,0.009305344046030126,5.046006268257906e-05,2.2360190226973516e-05,2.2360190226973516e-05
1.258,0.009311155805250491,5.053160004068879e-05,2.241068605518787e-05,2.241068605518787e-05
1.2590000000000001,0.009316965412366002,5.060317515361187e-05,2.246125343963983e-05,2.246125343963983e-05
1.26,0.00932277286817359,5.067478799629183e-05,2.251189241807168e-05,2.251189241807168e-05
1.2610000000000001,0.009328578173469887,5.074643854368337e-05,2.2562603028200652e-05,2.2562603028200652e-05
1.262,0.009334381329051232,5.081812677075237e-05,2.261338530771894e-05,2.261338530771894e-05
1.2630000000000001,0.009340182335713666,5.088985265247591e-05,2.266423929429371e-05,2.266423929429371e-05
1.264,0.00934598119425294,5.096161616384222e-05,2.2715165025567107e-05,2.2715165025567107e-05
1.2650000000000001,0.009351777905464508,5.1033417279850726e-05,2.2766162539156273e-05,2.2766162539156273e-05
1.266,0.009357572470143526,5.110525597551199e-05,2.2817231872653357e-05,2.2817231872653357e-05
1.2670000000000001,0.009363364889084862,5.1177132225847765e-05,2.286837306362552e-05,2.286837306362552e-05
1.268,0.009369155163083086,5.1249046005890934e-05,2.291958614961495e-05,2.291958614961495e-05
1.2690000000000001,0.009374943292932474,5.132099729068555e-05,2.2970871168138884e-05,2.2970871168138884e-05
1.27,0.009380729279427007,5.1392986055286805e-05,2.302222815668959e-05,2.302222815668959e-05
1.2710000000000001,0.009386513123360375,5.146501227476104e-05,2.3073657152734414e-05,2.3073657152734414e-05
1.272,0.009392294825525971,5.1537075924185726e-05,2.3125158193715763e-05,2.3125158193715763e-05
1.2730000000000001,0.009398074386716896,5.160917697864948e-05,2.317673131705113e-05,2.317673131705113e-05
1.274,0.009403851807725957,5.1681315413252044e-05,2.3228376560133107e-05,2.3228376560133107e-05
1.2750000000000001,0.009409627089345667,5.1753491203104285e-05,2.3280093960329386e-05,2.3280093960329386e-05
1.276,0.009415400232368244,5.182570432332819e-05,2.3331883554982773e-05,2.3331883554982773e-05
1.2770000000000001,0.009421171237585617,5.189795474905686e-05,2.338374538141121e-05,2.338374538141121e-05
1.278,0.009426940105789417,5.197024245543451e-05,2.3435679476907768e-05,2.3435679476907768e-05
1.2790000000000001,0.009432706837770985,5.2042567417616474e-05,2.3487685878740678e-05,2.3487685878740678e-05
1.28,0.00943847143432137,5.211492961076917e-05,2.3539764624153323e-05,2.3539764624153323e-05
1.281,0.009444233896231322,5.218732901007013e-05,2.3591915750364263e-05,2.3591915750364263e-05
1.282,0.009449994224291304,5.225976559070797e-05,2.364413929456724e-05,2.364413929456724e-05
1.283,0.009455752419291485,5.233223932788241e-05,2.369643529393119e-05,2.369643529393119e-05
1.284,0.009461508482021739,5.2404750196804236e-05,2.3748803785600253e-05,2.3748803785600253e-05
1.285,0.009467262413271652,5.247729817269533e-05,2.3801244806693788e-05,2.3801244806693788e-05
1.286,0.009473014213830512,5.254988323078864e-05,2.3853758394306377e-05,2.3853758394306377e-05
1.287,0.009478763884487321,5.262250534632819e-05,2.3906344585507844e-05,2.3906344585507844e-05
1.288,0.009484511426030783,5.2695164494569085e-05,2.3959003417343264e-05,2.3959003417343264e-05
1.289,0.009490256839249313,5.276786065077748e-05,2.401173492683297e-05,2.401173492683297e-05
1.29,0.009496000124931035,5.2840593790230583e-05,2.4064539150972567e-05,2.4064539150972567e-05
1.291,0.009501741283863779,5.291336388821667e-05,2.4117416126732942e-05,2.4117416126732942e-05
1.292,0.009507480316835083,5.298617092003506e-05,2.4170365891060276e-05,2.4170365891060276e-05
1.293,0.009513217224632194,5.305901486099612e-05,2.4223388480876057e-05,2.4223388480876057e-05
1.294,0.00951895200804207,5.313189568642126e-05,2.427648393307709e-05,2.427648393307709e-05
1.295,0.009524684667851373,5.320481337164292e-05,2.4329652284535498e-05,2.4329652284535498e-05
1.296,0.009530415204846479,5.327776789200458e-05,2.4382893572098752e-05,2.4382893572098752e-05
1.297,0.009536143619813467,5.335075922286074e-05,2.443620783258967e-05,2.443620783258967e-05
1.298,0.009541869913538129,5.3423787339576924e-05,2.4489595102806428e-05,2.4489595102806428e-05
1.299,0.009547594086805965,5.349685221752969e-05,2.454305541952257e-05,2.454305541952257e-05
1.3,0.009553316140402182,5.35699538321066e-05,2.4596588819487027e-05,2.4596588819487027e-05
1.301,0.009559036075111702,5.3643092158706225e-05,2.4650195339424123e-05,2.4650195339424123e-05
1.302,0.009564753891719149,5.371626717273814e-05,2.4703875016033582e-05,2.4703875016033582e-05
1.303,0.009570469591008861,5.378947884962293e-05,2.475762788599055e-05,2.475762788599055e-05
1.304,0.009576183173764886,5.386272716479216e-05,2.481145398594559e-05,2.481145398594559e-05
1.305,0.00958189464077098,5.3936012093688416e-05,2.486535335252471e-05,2.486535335252471e-05
1.306,0.009587603992810608,5.4009333611765245e-05,2.4919326022329362e-05,2.4919326022329362e-05
1.307,0.009593311230666946,5.40826916944872e-05,2.4973372031936456e-05,2.4973372031936456e-05
1.308,0.00959901635512288,5.415608631732979e-05,2.5027491417898378e-05,2.5027491417898378e-05
1.309,0.009604719366961004,5.422951745577952e-05,2.5081684216742985e-05,2.5081684216742985e-05
1.31,0.009610420266963628,5.430298508533386e-05,2.513595046497364e-05,2.513595046497364e-05
1.311,0.009616119055912767,5.437648918150123e-05,2.5190290199069193e-05,2.5190290199069193e-05
1.312,0.009621815734590146,5.4450029719801045e-05,2.524470345548402e-05,2.524470345548402e-05
1.313,0.009627510303777205,5.452360667576365e-05,2.5299190270648015e-05,2.5299190270648015e-05
1.314,0.00963320276425509,5.459722002493035e-05,2.5353750680966613e-05,2.5353750680966613e-05
1.315,0.00963889311680466,5.4670869742853404e-05,2.5408384722820792e-05,2.5408384722820792e-05
1.316,0.009644581362206486,5.4744555805096015e-05,2.546309243256709e-05,2.546309243256709e-05
1.317,0.009650267501240848,5.481827818723232e-05,2.5517873846537614e-05,2.5517873846537614e-05
1.318,0.009655951534687738,5.489203686484739e-05,2.5572729001040047e-05,2.5572729001040047e-05
1.319,0.009661633463326859,5.4965831813537246e-05,2.5627657932357667e-05,2.5627657932357667e-05
1.32,0.009667313287937624,5.5039663008908814e-05,2.5682660676749348e-05,2.5682660676749348e-05
1.321,0.009672991009299158,5.511353042657995e-05,2.5737737270449584e-05,2.5737737270449584e-05
1.322,0.009678666628190299,5.5187434042179435e-05,2.5792887749668485e-05,2.5792887749668485e-05
1.323,0.009684340145389596,5.526137383134695e-05,2.58481121505918e-05,2.58481121505918e-05
1.324,0.009690011561675309,5.5335349769733106e-05,2.590341050938092e-05,2.590341050938092e-05
1.325,0.00969568087782541,5.54093618329994e-05,2.5958782862172892e-05,2.5958782862172892e-05
1.326,0.009701348094617581,5.548340999681823e-05,2.6014229245080437e-05,2.6014229245080437e-05
1.327,0.009707013212829222,5.555749423687291e-05,2.6069749694191943e-05,2.6069749694191943e-05
1.328,0.009712676233237438,5.563161452885762e-05,2.6125344245571493e-05,2.6125344245571493e-05
1.329,0.00971833715661905,5.570577084847745e-05,2.618101293525887e-05,2.618101293525887e-05
1.33,0.00972399598375059,5.577996317144837e-05,2.6236755799269565e-05,2.6236755799269565e-05
1.331,0.009729652715408306,5.585419147349721e-05,2.6292572873594792e-05,2.6292572873594792e-05
1.332,0.009735307352368152,5.5928455730361696e-05,2.63484641942015e-05,2.63484641942015e-05
1.333,0.009740959895405802,5.600275591779041e-05,2.6404429797032372e-05,2.6404429797032372e-05
1.334,0.009746610345296636,5.6077092011542806e-05,2.6460469718005855e-05,2.6460469718005855e-05
1.335,0.009752258702815752,5.6151463987389205e-05,2.6516583993016155e-05,2.6516583993016155e-05
1.336,0.009757904968737957,5.622587182111078e-05,2.6572772657933256e-05,2.6572772657933256e-05
1.337,0.009763549143837775,5.630031548849955e-05,2.662903574860293e-05,2.662903574860293e-05
1.338,0.00976919122888944,5.637479496535839e-05,2.6685373300846743e-05,2.6685373300846743e-05
1.339,0.009774831224666903,5.6449310227501024e-05,2.674178535046207e-05,2.674178535046207e-05
1.34,0.009780469131943822,5.6523861250752004e-05,2.6798271933222112e-05,2.6798271933222112e-05
1.341,0.009786104951493577,5.659844801094673e-05,2.685483308487589e-05,2.685483308487589e-05
1.342,0.009791738684089253,5.6673070483931426e-05,2.6911468841148268e-05,2.6911468841148268e-05
1.343,0.009797370330503655,5.674772864556314e-05,2.6968179237739966e-05,2.6968179237739966e-05
1.344,0.0098029998915093,5.682242247170975e-05,2.7024964310327564e-05,2.7024964310327564e-05
1.345,0.009808627367878419,5.689715193824994e-05,2.7081824094563515e-05,2.7081824094563515e-05
1.346,0.009814252760382955,5.697191702107323e-05,2.7138758626076156e-05,2.7138758626076156e-05
1.347,0.009819876069794568,5.704671769607992e-05,2.7195767940469722e-05,2.7195767940469722e-05
1.348,0.009825497296884629,5.712155393918114e-05,2.725285207332435e-05,2.725285207332435e-05
1.349,0.009831116442424227,5.719642572629882e-05,2.731001106019609e-05,2.731001106019609e-05
1.35,0.009836733507184163,5.7271333033365656e-05,2.7367244936616932e-05,2.7367244936616932e-05
1.351,0.009842348491934955,5.734627583632518e-05,2.742455373809479e-05,2.742455373809479e-05
1.352,0.009847961397446833,5.742125411113168e-05,2.748193750011353e-05,2.748193750011353e-05
1.353,0.009853572224489744,5.7496267833750234e-05,2.7539396258132987e-05,2.7539396258132987e-05
1.354,0.009859180973833348,5.757131698015672e-05,2.759693004758896e-05,2.759693004758896e-05
1.355,0.00986478764624702,5.7646401526337756e-05,2.7654538903893227e-05,2.7654538903893227e-05
1.356,0.00987039224249985,5.7721521448290754e-05,2.771222286243356e-05,2.771222286243356e-05
1.357,0.009875994763360648,5.779667672202389e-05,2.7769981958573734e-05,2.7769981958573734e-05
1.358,0.009881595209597933,5.78718673235561e-05,2.782781622765354e-05,2.782781622765354e-05
1.359,0.00988719358197994,5.794709322891708e-05,2.788572570498879e-05,2.788572570498879e-05
1.36,0.009892789881274625,5.802235441414727e-05,2.794371042587133e-05,2.794371042587133e-05
1.361,0.009898384108249654,5.809765085529786e-05,2.8001770425569056e-05,2.8001770425569056e-05
1.362,0.00990397626367241,5.8172982528430806e-05,2.8059905739325917e-05,2.8059905739325917e-05
1.363,0.009909566348309994,5.8248349409618774e-05,2.8118116402361936e-05,2.8118116402361936e-05
1.364,0.00991515436292922,5.832375147494519e-05,2.8176402449873204e-05,2.8176402449873204e-05
1.365,0.009920740308296622,5.839918870050419e-05,2.8234763917031904e-05,2.8234763917031904e-05
1.366,0.009926324185178444,5.8474661062400664e-05,2.8293200838986323e-05,2.8293200838986323e-05
1.367,0.009931905994340653,5.855016853675021e-05,2.8351713250860856e-05,2.8351713250860856e-05
1.368,0.009937485736548927,5.862571109967914e-05,2.8410301187756017e-05,2.8410301187756017e-05
1.369,0.009943063412568665,5.870128872732449e-05,2.8468964684748454e-05,2.8468964684748454e-05
1.37,0.009948639023164979,5.8776901395834006e-05,2.8527703776890955e-05,2.8527703776890955e-05
1.371,0.0099542125691027,5.8852549081366134e-05,2.858651849921246e-05,2.858651849921246e-05
1.372,0.009959784051146373,5.8928231760090024e-05,2.864540888671808e-05,2.864540888671808e-05
1.373,0.009965353470060263,5.900394940818553e-05,2.8704374974389096e-05,2.8704374974389096e-05
1.374,0.009970920826608349,5.907970200184319e-05,2.876341679718297e-05,2.876341679718297e-05
1.375,0.00997648612155433,5.915548951726424e-05,2.882253439003337e-05,2.882253439003337e-05
1.3760000000000001,0.009982049355661621,5.923131193066059e-05,2.8881727787850158e-05,2.8881727787850158e-05
1.377,0.009987610529693356,5.9307169218254846e-05,2.8940997025519424e-05,2.8940997025519424e-05
1.3780000000000001,0.009993169644412382,5.938306135628027e-05,2.9000342137903478e-05,2.9000342137903478e-05
1.379,0.009998726700581268,5.945898832098081e-05,2.9059763159840875e-05,2.9059763159840875e-05
1.3800000000000001,0.010004281698962296,5.9534950088611086e-05,2.9119260126146416e-05,2.9119260126146416e-05
1.381,0.010009834640317471,5.961094663543636e-05,2.9178833071611163e-05,2.9178833071611163e-05
1.3820000000000001,0.010015385525408513,5.9686977937732575e-05,2.9238482031002448e-05,2.9238482031002448e-05
1.383,0.01002093435499686,5.976304397178632e-05,2.929820703906388e-05,2.929820703906388e-05
1.3840000000000001,0.010026481129843669,5.983914471389483e-05,2.935800813051537e-05,2.935800813051537e-05
1.385,0.010032025850709813,5.9915280140365994e-05,2.9417885340053124e-05,2.9417885340053124e-05
1.3860000000000001,0.010037568518355886,5.999145022751834e-05,2.9477838702349662e-05,2.9477838702349662e-05
1.387,0.0100431091335422,6.006765495168104e-05,2.953786825205383e-05,2.953786825205383e-05
1.3880000000000001,0.010048647697028781,6.0143894289193876e-05,2.9597974023790807e-05,2.9597974023790807e-05
1.389,0.01005418420957538,6.022016821640729e-05,2.9658156052162118e-05,2.9658156052162118e-05
1.3900000000000001,0.010059718671941463,6.029647670968233e-05,2.9718414371745642e-05,2.9718414371745642e-05
1.391,0.010065251084886215,6.037281974539067e-05,2.9778749017095626e-05,2.9778749017095626e-05
1.3920000000000001,0.010070781449168542,6.04491972999146e-05,2.9839160022742693e-05,2.9839160022742693e-05
1.393,0.010076309765547065,6.052560934964703e-05,2.989964742319386e-05,2.989964742319386e-05
1.3940000000000001,0.010081836034780129,6.060205587099146e-05,2.9960211252932527e-05,2.9960211252932527e-05
1.395,0.010087360257625794,6.067853684036201e-05,3.0020851546418517e-05,3.0020851546418517e-05
1.3960000000000001,0.010092882434841842,6.075505223418339e-05,3.0081568338088067e-05,3.0081568338088067e-05
1.397,0.010098402567185773,6.083160202889092e-05,3.0142361662353847e-05,3.0142361662353847e-05
1.3980000000000001,0.010103920655414806,6.090818620093048e-05,3.020323155360496e-05,3.020323155360496e-05
1.399,0.01010943670028588,6.098480472675857e-05,3.026417804620697e-05,3.026417804620697e-05
1.4000000000000001,0.010114950702555657,6.106145758284225e-05,3.0325201174501894e-05,3.0325201174501894e-05
1.401,0.010120462662980513,6.113814474565918e-05,3.038630097280823e-05,3.038630097280823e-05
1.4020000000000001,0.010125972582316546,6.121486619169757e-05,3.044747747542095e-05,3.044747747542095e-05
1.403,0.010131480461319578,6.129162189745621e-05,3.050873071661153e-05,3.050873071661153e-05
1.4040000000000001,0.010136986300745146,6.136841183944446e-05,3.057006073062794e-05,3.057006073062794e-05
1.405,0.01014249010134851,6.144523599418225e-05,3.0631467551694666e-05,3.0631467551694666e-05
1.4060000000000001,0.01014799186388465,6.152209433820004e-05,3.0692951214012725e-05,3.0692951214012725e-05
1.407,0.010153491589108265,6.159898684803885e-05,3.075451175175967e-05,3.075451175175967e-05
1.408,0.010158989277773775,6.167591350025026e-05,3.08161491990896e-05,3.08161491990896e-05
1.409,0.010164484930635322,6.175287427139641e-05,3.087786359013315e-05,3.087786359013315e-05
1.41,0.010169978548446767,6.182986913804994e-05,3.0939654958997556e-05,3.0939654958997556e-05
1.411,0.010175470131961694,6.190689807679404e-05,3.1001523339766614e-05,3.1001523339766614e-05
1.412,0.010180959681933405,6.198396106422246e-05,3.1063468766500704e-05,3.1063468766500704e-05
1.413,0.010186447199114927,6.206105807693944e-05,3.112549127323682e-05,3.112549127323682e-05
1.414,0.010191932684259004,6.213818909155977e-05,3.118759089398855e-05,3.118759089398855e-05
1.415,0.010197416138118105,6.221535408470874e-05,3.124976766274611e-05,3.124976766274611e-05
1.416,0.010202897561444416,6.229255303302215e-05,3.131202161347636e-05,3.131202161347636e-05
1.417,0.010208376954989848,6.236978591314634e-05,3.137435278012276e-05,3.137435278012276e-05
1.418,0.010213854319506032,6.244705270173814e-05,3.143676119660547e-05,3.143676119660547e-05
1.419,0.010219329655744323,6.252435337546486e-05,3.1499246896821284e-05,3.1499246896821284e-05
1.42,0.010224802964455793,6.260168791100436e-05,3.156180991464367e-05,3.156180991464367e-05
1.421,0.010230274246391242,6.267905628504494e-05,3.162445028392279e-05,3.162445028392279e-05
1.422,0.010235743502301185,6.275645847428543e-05,3.1687168038485494e-05,3.1687168038485494e-05
1.423,0.010241210732935867,6.28338944554351e-05,3.1749963212135334e-05,3.1749963212135334e-05
1.424,0.010246675939045248,6.291136420521377e-05,3.1812835838652577e-05,3.1812835838652577e-05
1.425,0.010252139121379015,6.298886770035166e-05,3.1875785951794216e-05,3.1875785951794216e-05
1.426,0.010257600280686575,6.306640491758953e-05,3.193881358529398e-05,3.193881358529398e-05
1.427,0.010263059417717059,6.314397583367854e-05,3.200191877286235e-05,3.200191877286235e-05
1.428,0.01026851653321932,6.322158042538038e-05,3.2065101548186545e-05,3.2065101548186545e-05
1.429,0.010273971627941931,6.329921866946717e-05,3.212836194493057e-05,3.212836194493057e-05
1.43,0.010279424702633193,6.337689054272147e-05,3.21916999967352e-05,3.21916999967352e-05
1.431,0.010284875758041127,6.345459602193633e-05,3.2255115737218e-05,3.2255115737218e-05
1.432,0.010290324794913475,6.353233508391522e-05,3.231860919997333e-05,3.231860919997333e-05
1.433,0.010295771813997708,6.361010770547206e-05,3.238218041857236e-05,3.238218041857236e-05
1.434,0.010301216816041014,6.36879138634312e-05,3.2445829426563075e-05,3.2445829426563075e-05
1.435,0.010306659801790307,6.376575353462745e-05,3.25095562574703e-05,3.25095562574703e-05
1.436,0.010312100771992225,6.384362669590602e-05,3.257336094479569e-05,3.257336094479569e-05
1.437,0.010317539727393127,6.392153332412258e-05,3.2637243522017756e-05,3.2637243522017756e-05
1.438,0.0103229766687391,6.399947339614319e-05,3.270120402259187e-05,3.270120402259187e-05
1.439,0.01032841159677595,6.407744688884435e-05,3.276524247995027e-05,3.276524247995027e-05
1.44,0.010333844512249212,6.415545377911296e-05,3.282935892750208e-05,3.282935892750208e-05
1.441,0.01033927541590414,6.423349404384634e-05,3.289355339863331e-05,3.289355339863331e-05
1.442,0.010344704308485712,6.431156765995222e-05,3.295782592670689e-05,3.295782592670689e-05
1.443,0.010350131190738635,6.438967460434871e-05,3.3022176545062643e-05,3.3022176545062643e-05
1.444,0.010355556063407337,6.446781485396435e-05,3.308660528701733e-05,3.308660528701733e-05
1.445,0.010360978927235968,6.454598838573804e-05,3.3151112185864624e-05,3.3151112185864624e-05
1.446,0.010366399782968409,6.462419517661909e-05,3.321569727487517e-05,3.321569727487517e-05
1.447,0.010371818631348258,6.470243520356719e-05,3.3280360587296546e-05,3.3280360587296546e-05
1.448,0.010377235473118843,6.47807084435524e-05,3.334510215635331e-05,3.334510215635331e-05
1.449,0.010382650309023215,6.485901487355517e-05,3.3409922015246986e-05,3.3409922015246986e-05
1.45,0.01038806313980415,6.493735447056632e-05,3.347482019715609e-05,3.347482019715609e-05
1.451,0.010393473966204148,6.501572721158705e-05,3.353979673523612e-05,3.353979673523612e-05
1.452,0.010398882788965436,6.50941330736289e-05,3.3604851662619604e-05,3.3604851662619604e-05
1.453,0.010404289608829964,6.517257203371378e-05,3.366998501241606e-05,3.366998501241606e-05
1.454,0.010409694426539409,6.525104406887395e-05,3.373519681771205e-05,3.373519681771205e-05
1.455,0.010415097242835172,6.532954915615204e-05,3.380048711157118e-05,3.380048711157118e-05
1.456,0.01042049805845838,6.5408087272601e-05,3.3865855927034085e-05,3.3865855927034085e-05
1.457,0.010425896874149887,6.548665839528416e-05,3.393130329711846e-05,3.393130329711846e-05
1.458,0.010431293690650269,6.556526250127517e-05,3.399682925481909e-05,3.399682925481909e-05
1.459,0.010436688508699832,6.564389956765799e-05,3.406243383310781e-05,3.406243383310781e-05
1.46,0.010442081329038604,6.572256957152695e-05,3.412811706493357e-05,3.412811706493357e-05
1.461,0.010447472152406342,6.580127248998669e-05,3.41938789832224e-05,3.41938789832224e-05
1.462,0.010452860979542528,6.588000830015216e-05,3.4259719620877446e-05,3.4259719620877446e-05
1.463,0.01045824781118637,6.595877697914866e-05,3.432563901077898e-05,3.432563901077898e-05
1.464,0.010463632648076803,6.603757850411178e-05,3.43916371857844e-05,3.43916371857844e-05
1.465,0.010469015490952487,6.611641285218743e-05,3.445771417872824e-05,3.445771417872824e-05
1.466,0.01047439634055181,6.619528000053182e-05,3.4523870022422197e-05,3.4523870022422197e-05
1.467,0.010479775197612885,6.627417992631146e-05,3.4590104749655116e-05,3.4590104749655116e-05
1.468,0.010485152062873553,6.635311260670317e-05,3.4656418393193024e-05,3.4656418393193024e-05
1.469,0.01049052693707138,6.643207801889404e-05,3.4722810985779126e-05,3.4722810985779126e-05
1.47,0.010495899820943663,6.651107614008149e-05,3.4789282560133814e-05,3.4789282560133814e-05
1.471,0.01050127071522742,6.659010694747319e-05,3.485583314895469e-05,3.485583314895469e-05
1.472,0.010506639620659402,6.666917041828709e-05,3.4922462784916565e-05,3.4922462784916565e-05
1.473,0.010512006537976083,6.674826652975144e-05,3.498917150067148e-05,3.498917150067148e-05
1.474,0.010517371467913665,6.682739525910476e-05,3.5055959328848696e-05,3.5055959328848696e-05
1.475,0.010522734411208079,6.690655658359582e-05,3.5122826302054734e-05,3.5122826302054734e-05
1.476,0.01052809536859498,6.698575048048368e-05,3.518977245287335e-05,3.518977245287335e-05
1.477,0.010533454340809757,6.706497692703762e-05,3.5256797813865586e-05,3.5256797813865586e-05
1.478,0.01053881132858752,6.714423590053723e-05,3.532390241756974e-05,3.532390241756974e-05
1.479,0.010544166332663111,6.722352737827231e-05,3.5391086296501405e-05,3.5391086296501405e-05
1.48,0.0105495193537711,6.730285133754293e-05,3.545834948315346e-05,3.545834948315346e-05
1.481,0.01055487039264578,6.738220775565941e-05,3.55256920099961e-05,3.55256920099961e-05
1.482,0.010560219450021177,6.746159660994229e-05,3.559311390947683e-05,3.559311390947683e-05
1.483,0.010565566526631045,6.754101787772234e-05,3.566061521402048e-05,3.566061521402048e-05
1.484,0.010570911623208862,6.762047153634059e-05,3.572819595602922e-05,3.572819595602922e-05
1.485,0.01057625474048784,6.769995756314828e-05,3.579585616788256e-05,3.579585616788256e-05
1.486,0.010581595879200916,6.77794759355069e-05,3.5863595881937365e-05,3.5863595881937365e-05
1.487,0.010586935040080757,6.78590266307881e-05,3.593141513052788e-05,3.593141513052788e-05
1.488,0.010592272223859757,6.79386096263738e-05,3.599931394596571e-05,3.599931394596571e-05
1.489,0.01059760743127004,6.801822489965611e-05,3.606729236053986e-05,3.606729236053986e-05
1.49,0.010602940663043462,6.809787242803736e-05,3.613535040651673e-05,3.613535040651673e-05
1.491,0.010608271919911602,6.817755218893007e-05,3.620348811614011e-05,3.620348811614011e-05
1.492,0.010613601202605771,6.825726415975697e-05,3.6271705521631235e-05,3.6271705521631235e-05
1.493,0.01061892851185701,6.833700831795098e-05,3.6340002655188746e-05,3.6340002655188746e-05
1.494,0.010624253848396088,6.841678464095519e-05,3.6408379548988736e-05,3.6408379548988736e-05
1.495,0.010629577212953505,6.849659310622291e-05,3.6476836235184744e-05,3.6476836235184744e-05
1.496,0.010634898606259487,6.857643369121762e-05,3.654537274590776e-05,3.654537274590776e-05
1.497,0.010640218029043995,6.865630637341298e-05,3.6613989113266244e-05,3.6613989113266244e-05
1.498,0.010645535482036714,6.873621113029281e-05,3.668268536934614e-05,3.668268536934614e-05
1.499,0.010650850965967061,6.881614793935113e-05,3.6751461546210885e-05,3.6751461546210885e-05
1.5,0.010656164481564187,6.88961167780921e-05,3.68203176759014e-05,3.68203176759014e-05
1.5010000000000001,0.010661476029556966,6.897611762403006e-05,3.6889253790436134e-05,3.6889253790436134e-05
1.502,0.010666785610674006,6.905615045468949e-05,3.695826992181104e-05,3.695826992181104e-05
1.5030000000000001,0.010672093225643645,6.913621524760503e-05,3.7027366101999603e-05,3.7027366101999603e-05
1.504,0.010677398875193951,6.921631198032148e-05,3.7096542362952853e-05,3.7096542362952853e-05
1.5050000000000001,0.010682702560052723,6.929644063039378e-05,3.7165798736599364e-05,3.7165798736599364e-05
1.506,0.010688004280947488,6.937660117538701e-05,3.723513525484528e-05,3.723513525484528e-05
1.5070000000000001,0.010693304038605507,6.94567935928764e-05,3.73045519495743e-05,3.73045519495743e-05
1.508,0.01069860183375377,6.953701786044729e-05,3.737404885264773e-05,3.737404885264773e-05
1.5090000000000001,0.010703897667118996,6.961727395569517e-05,3.7443625995904426e-05,3.7443625995904426e-05
1.51,0.010709191539427638,6.969756185622566e-05,3.751328341116088e-05,3.751328341116088e-05
1.5110000000000001,0.01071448345140588,6.977788153965446e-05,3.7583021130211177e-05,3.7583021130211177e-05
1.512,0.010719773403779635,6.985823298360744e-05,3.765283918482703e-05,3.765283918482703e-05
1.5130000000000001,0.010725061397274548,6.993861616572056e-05,3.772273760675778e-05,3.772273760675778e-05
1.514,0.010730347432615995,7.001903106363988e-05,3.779271642773041e-05,3.779271642773041e-05
1.5150000000000001,0.010735631510529083,7.00994776550216e-05,3.786277567944954e-05,3.786277567944954e-05
1.516,0.010740913631738652,7.017995591753197e-05,3.7932915393597486e-05,3.7932915393597486e-05
1.5170000000000001,0.010746193796969273,7.026046582884739e-05,3.8003135601834207e-05,3.8003135601834207e-05
1.518,0.01075147200694525,7.034100736665431e-05,3.807343633579735e-05,3.807343633579735e-05
1.5190000000000001,0.010756748262390614,7.042158050864928e-05,3.8143817627102244e-05,3.8143817627102244e-05
1.52,0.010762022564029134,7.050218523253897e-05,3.8214279507341944e-05,3.8214279507341944e-05
1.5210000000000001,0.010767294912584307,7.058282151604007e-05,3.8284822008087196e-05,3.8284822008087196e-05
1.522,0.010772565308779363,7.06634893368794e-05,3.835544516088647e-05,3.835544516088647e-05
1.5230000000000001,0.010777833753337265,7.074418867279384e-05,3.842614899726598e-05,3.842614899726598e-05
1.524,0.010783100246980707,7.082491950153032e-05,3.849693354872967e-05,3.849693354872967e-05
1.5250000000000001,0.010788364790432117,7.090568180084584e-05,3.856779884675924e-05,3.856779884675924e-05
1.526,0.010793627384413656,7.098647554850749e-05,3.8638744922814146e-05,3.8638744922814146e-05
1.5270000000000001,0.010798888029647213,7.106730072229237e-05,3.8709771808331626e-05,3.8709771808331626e-05
1.528,0.010804146726854414,7.114815729998767e-05,3.87808795347267e-05,3.87808795347267e-05
1.5290000000000001,0.010809403476756617,7.122904525939061e-05,3.885206813339217e-05,3.885206813339217e-05
1.53,0.010814658280074912,7.130996457830847e-05,3.892333763569865e-05,3.892333763569865e-05
1.5310000000000001,0.010819911137530124,7.139091523455854e-05,3.8994688072994564e-05,3.8994688072994564e-05
1.532,0.010825162049842808,7.147189720596819e-05,3.9066119476606155e-05,3.9066119476606155e-05
1.5330000000000001,0.010830411017733256,7.15529104703748e-05,3.91376318778375e-05,3.91376318778375e-05
1.534,0.010835658041921489,7.163395500562576e-05,3.920922530797051e-05,3.920922530797051e-05
1.5350000000000001,0.010840903123127263,7.171503078957853e-05,3.928089979826498e-05,3.928089979826498e-05
1.536,0.010846146262070068,7.179613780010054e-05,3.9352655379958526e-05,3.9352655379958526e-05
1.537,0.01085138745946913,7.187727601506927e-05,3.942449208426666e-05,3.942449208426666e-05
1.538,0.010856626716043403,7.195844541237219e-05,3.949640994238277e-05,3.949640994238277e-05
1.539,0.010861864032511579,7.20396459699068e-05,3.9568408985478145e-05,3.9568408985478145e-05
1.54,0.010867099409592084,7.21208776655806e-05,3.964048924470196e-05,3.964048924470196e-05
1.541,0.010872332848003076,7.220214047731108e-05,3.971265075118132e-05,3.971265075118132e-05
1.542,0.010877564348462447,7.228343438302574e-05,3.9784893536021246e-05,3.9784893536021246e-05
1.543,0.010882793911687824,7.236475936066205e-05,3.985721763030468e-05,3.985721763030468e-05
1.544,0.01088802153839657,7.24461153881675e-05,3.9929623065092525e-05,3.9929623065092525e-05
1.545,0.010893247229305777,7.252750244349953e-05,4.0002109871423626e-05,4.0002109871423626e-05
1.546,0.010898470985132278,7.260892050462559e-05,4.007467808031479e-05,4.007467808031479e-05
1.547,0.010903692806592638,7.269036954952309e-05,4.01473277227608e-05,4.01473277227608e-05
1.548,0.010908912694403155,7.27718495561794e-05,4.0220058829734423e-05,4.0220058829734423e-05
1.549,0.010914130649279862,7.28533605025919e-05,4.0292871432186414e-05,4.0292871432186414e-05
1.55,0.010919346671938529,7.29349023667679e-05,4.036576556104553e-05,4.036576556104553e-05
1.551,0.01092456076309466,7.301647512672467e-05,4.043874124721854e-05,4.043874124721854e-05
1.552,0.010929772923463494,7.309807876048945e-05,4.0511798521590246e-05,4.0511798521590246e-05
1.553,0.010934983153760005,7.317971324609941e-05,4.058493741502347e-05,4.058493741502347e-05
1.554,0.010940191454698902,7.326137856160172e-05,4.0658157958359076e-05,4.0658157958359076e-05
1.555,0.010945397826994628,7.334307468505344e-05,4.073146018241599e-05,4.073146018241599e-05
1.556,0.010950602271361366,7.342480159452159e-05,4.080484411799119e-05,4.080484411799119e-05
1.557,0.010955804788513029,7.350655926808312e-05,4.087830979585973e-05,4.087830979585973e-05
1.558,0.01096100537916327,7.358834768382493e-05,4.095185724677475e-05,4.095185724677475e-05
1.559,0.010966204044025474,7.367016681984383e-05,4.102548650146747e-05,4.102548650146747e-05
1.56,0.010971400783812766,7.375201665424657e-05,4.109919759064723e-05,4.109919759064723e-05
1.561,0.010976595599238003,7.38338971651498e-05,4.117299054500146e-05,4.117299054500146e-05
1.562,0.010981788491013781,7.39158083306801e-05,4.1246865395195735e-05,4.1246865395195735e-05
1.563,0.01098697945985243,7.399775012897397e-05,4.1320822171873745e-05,4.1320822171873745e-05
1.564,0.010992168506466017,7.407972253817779e-05,4.139486090565732e-05,4.139486090565732e-05
1.565,0.010997355631566345,7.416172553644787e-05,4.1468981627146454e-05,4.1468981627146454e-05
1.566,0.011002540835864955,7.424375910195042e-05,4.154318436691929e-05,4.154318436691929e-05
1.567,0.011007724120073123,7.432582321286154e-05,4.161746915553216e-05,4.161746915553216e-05
1.568,0.011012905484901862,7.440791784736722e-05,4.169183602351955e-05,4.169183602351955e-05
1.569,0.011018084931061921,7.449004298366334e-05,4.1766285001394154e-05,4.1766285001394154e-05
1.57,0.011023262459263787,7.457219859995566e-05,4.184081611964687e-05,4.184081611964687e-05
1.571,0.011028438070217684,7.465438467445983e-05,4.19154294087468e-05,4.19154294087468e-05
1.572,0.01103361176463357,7.473660118540136e-05,4.199012489914127e-05,4.199012489914127e-05
1.573,0.011038783543221145,7.481884811101566e-05,4.206490262125583e-05,4.206490262125583e-05
1.574,0.011043953406689842,7.4901125429548e-05,4.2139762605494274e-05,4.2139762605494274e-05
1.575,0.011049121355748833,7.498343311925349e-05,4.221470488223865e-05,4.221470488223865e-05
1.576,0.011054287391107028,7.506577115839712e-05,4.228972948184926e-05,4.228972948184926e-05
1.577,0.011059451513473074,7.514813952525374e-05,4.2364836434664684e-05,4.2364836434664684e-05
1.578,0.011064613723555355,7.523053819810805e-05,4.244002577100177e-05,4.244002577100177e-05
1.579,0.011069774022061994,7.531296715525459e-05,4.2515297521155663e-05,4.2515297521155663e-05
1.58,0.011074932409700849,7.539542637499776e-05,4.259065171539981e-05,4.259065171539981e-05
1.581,0.01108008888717952,7.547791583565179e-05,4.266608838398596e-05,4.266608838398596e-05
1.582,0.01108524345520534,7.556043551554075e-05,4.274160755714419e-05,4.274160755714419e-05
1.583,0.011090396114485385,7.564298539299854e-05,4.2817209265082896e-05,4.2817209265082896e-05
1.584,0.011095546865726467,7.57255654463689e-05,4.289289353798882e-05,4.289289353798882e-05
1.585,0.011100695709635136,7.580817565400537e-05,4.296866040602705e-05,4.296866040602705e-05
1.586,0.01110584264691768,7.589081599427135e-05,4.3044509899341036e-05,4.3044509899341036e-05
1.587,0.011110987678280126,7.597348644554002e-05,4.312044204805259e-05,4.312044204805259e-05
1.588,0.01111613080442824,7.605618698619438e-05,4.3196456882261907e-05,4.3196456882261907e-05
1.589,0.011121272026067525,7.613891759462727e-05,4.327255443204757e-05,4.327255443204757e-05
1.59,0.011126411343903226,7.622167824924129e-05,4.3348734727466556e-05,4.3348734727466556e-05
1.591,0.011131548758640326,7.630446892844888e-05,4.3424997798554253e-05,4.3424997798554253e-05
1.592,0.011136684270983542,7.638728961067225e-05,4.350134367532446e-05,4.350134367532446e-05
1.593,0.011141817881637336,7.647014027434343e-05,4.357777238776941e-05,4.357777238776941e-05
1.594,0.011146949591305907,7.655302089790421e-05,4.365428396585978e-05,4.365428396585978e-05
1.595,0.011152079400693193,7.663593145980619e-05,4.3730878439544666e-05,4.3730878439544666e-05
1.596,0.011157207310502872,7.671887193851074e-05,4.3807555838751656e-05,4.3807555838751656e-05
1.597,0.01116233332143836,7.6801842312489e-05,4.388431619338678e-05,4.388431619338678e-05
1.598,0.011167457434202815,7.68848425602219e-05,4.3961159533334556e-05,4.3961159533334556e-05
1.599,0.011172579649499132,7.696787266020013e-05,4.4038085888457974e-05,4.4038085888457974e-05
1.6,0.011177699968029947,7.705093259092417e-05,4.411509528859854e-05,4.411509528859854e-05
1.601,0.011182818390497637,7.713402233090421e-05,4.4192187763576246e-05,4.4192187763576246e-05
1.602,0.011187934917604316,7.721714185866025e-05,4.426936334318961e-05,4.426936334318961e-05
1.603,0.01119304955005184,7.730029115272203e-05,4.4346622057215666e-05,4.4346622057215666e-05
1.604,0.011198162288541803,7.738347019162901e-05,4.442396393541e-05,4.442396393541e-05
1.605,0.011203273133775542,7.746667895393045e-05,4.450138900750672e-05,4.450138900750672e-05
1.606,0.011208382086454135,7.75499174181853e-05,4.457889730321851e-05,4.457889730321851e-05
1.607,0.011213489147278398,7.763318556296227e-05,4.46564888522366e-05,4.46564888522366e-05
1.608,0.011218594316948887,7.771648336683983e-05,4.47341636842308e-05,4.47341636842308e-05
1.609,0.0112236975961659,7.779981080840614e-05,4.48119218288495e-05,4.48119218288495e-05
1.61,0.011228798985629476,7.78831678662591e-05,4.4889763315719704e-05,4.4889763315719704e-05
1.611,0.011233898486039392,7.796655451900635e-05,4.4967688174446985e-05,4.4967688174446985e-05
1.612,0.011238996098095169,7.804997074526523e-05,4.504569643461555e-05,4.504569643461555e-05
1.613,0.011244091822496067,7.813341652366279e-05,4.5123788125788225e-05,4.5123788125788225e-05
1.614,0.011249185659941091,7.821689183283581e-05,4.520196327750646e-05,4.520196327750646e-05
1.615,0.011254277611128983,7.830039665143077e-05,4.5280221919290365e-05,4.5280221919290365e-05
1.616,0.011259367676758225,7.838393095810386e-05,4.535856408063868e-05,4.535856408063868e-05
1.617,0.011264455857527046,7.846749473152095e-05,4.543698979102882e-05,4.543698979102882e-05
1.618,0.01126954215413341,7.855108795035762e-05,4.551549907991686e-05,4.551549907991686e-05
1.619,0.011274626567275028,7.863471059329915e-05,4.5594091976737564e-05,4.5594091976737564e-05
1.62,0.011279709097649351,7.871836263904047e-05,4.567276851090439e-05,4.567276851090439e-05
1.621,0.01128478974595357,7.880204406628625e-05,4.575152871180948e-05,4.575152871180948e-05
1.622,0.011289868512884618,7.888575485375078e-05,4.58303726088237e-05,4.58303726088237e-05
1.623,0.011294945399139172,7.89694949801581e-05,4.590930023129663e-05,4.590930023129663e-05
1.624,0.01130002040541365,7.905326442424182e-05,4.598831160855657e-05,4.598831160855657e-05
1.625,0.01130509353240421,7.913706316474534e-05,4.6067406769910586e-05,4.6067406769910586e-05
1.6260000000000001,0.011310164780806755,7.922089118042162e-05,4.6146585744644454e-05,4.6146585744644454e-05
1.627,0.011315234151316932,7.930474845003333e-05,4.622584856202274e-05,4.622584856202274e-05
1.6280000000000001,0.011320301644630125,7.938863495235279e-05,4.6305195251288754e-05,4.6305195251288754e-05
1.629,0.011325367261441465,7.947255066616196e-05,4.6384625841664606e-05,4.6384625841664606e-05
1.6300000000000001,0.011330431002445823,7.955649557025249e-05,4.646414036235117e-05,4.646414036235117e-05
1.631,0.011335492868337816,7.964046964342562e-05,4.654373884252814e-05,4.654373884252814e-05
1.6320000000000001,0.011340552859811798,7.972447286449226e-05,4.6623421311353986e-05,4.6623421311353986e-05
1.633,0.011345610977561872,7.980850521227296e-05,4.6703187797966024e-05,4.6703187797966024e-05
1.6340000000000001,0.01135066722228188,7.989256666559788e-05,4.678303833148038e-05,4.678303833148038e-05
1.635,0.01135572159466541,7.997665720330685e-05,4.6862972940992013e-05,4.6862972940992013e-05
1.6360000000000001,0.011360774095405788,8.006077680424929e-05,4.694299165557474e-05,4.694299165557474e-05
1.637,0.01136582472519609,8.014492544728425e-05,4.702309450428121e-05,4.702309450428121e-05
1.6380000000000001,0.011370873484729132,8.02291031112804e-05,4.7103281516142963e-05,4.7103281516142963e-05
1.639,0.011375920374697472,8.031330977511603e-05,4.7183552720170385e-05,4.7183552720170385e-05
1.6400000000000001,0.011380965395793415,8.039754541767903e-05,4.7263908145352766e-05,4.7263908145352766e-05
1.641,0.011386008548709007,8.048181001786691e-05,4.734434782065828e-05,4.734434782065828e-05
1.6420000000000001,0.011391049834136037,8.056610355458677e-05,4.742487177503401e-05,4.742487177503401e-05
1.643,0.01139608925276604,8.06504260067553e-05,4.750548003740594e-05,4.750548003740594e-05
1.6440000000000001,0.011401126805290297,8.073477735329881e-05,4.7586172636678974e-05,4.7586172636678974e-05
1.645,0.011406162492399828,8.081915757315319e-05,4.7666949601736966e-05,4.7666949601736966e-05
1.6460000000000001,0.0114111963147854,8.090356664526391e-05,4.7747810961442695e-05,4.7747810961442695e-05
1.647,0.011416228273137522,8.098800454858601e-05,4.78287567446379e-05,4.78287567446379e-05
1.6480000000000001,0.011421258368146451,8.107247126208415e-05,4.790978698014326e-05,4.790978698014326e-05
1.649,0.011426286600502185,8.115696676473254e-05,4.799090169675845e-05,4.799090169675845e-05
1.6500000000000001,0.01143131297089447,8.124149103551496e-05,4.807210092326211e-05,4.807210092326211e-05
1.651,0.011436337480012791,8.132604405342475e-05,4.815338468841186e-05,4.815338468841186e-05
1.6520000000000001,0.011441360128546385,8.141062579746484e-05,4.823475302094434e-05,4.823475302094434e-05
1.653,0.011446380917184227,8.14952362466477e-05,4.831620594957517e-05,4.831620594957517e-05
1.6540000000000001,0.01145139984661504,8.157987537999535e-05,4.839774350299902e-05,4.839774350299902e-05
1.655,0.011456416917527293,8.166454317653939e-05,4.847936570988956e-05,4.847936570988956e-05
1.6560000000000001,0.011461432130609196,8.174923961532093e-05,4.8561072598899506e-05,4.8561072598899506e-05
1.657,0.01146644548654871,8.183396467539068e-05,4.8642864198660624e-05,4.8642864198660624e-05
1.6580000000000001,0.011471456986033537,8.191871833580882e-05,4.872474053778373e-05,4.872474053778373e-05
1.659,0.011476466629751126,8.200350057564512e-05,4.8806701644858716e-05,4.8806701644858716e-05
1.6600000000000001,0.01148147441838867,8.208831137397888e-05,4.8888747548454525e-05,4.8888747548454525e-05
1.661,0.011486480352633109,8.21731507098989e-05,4.8970878277119204e-05,4.8970878277119204e-05
1.6620000000000001,0.011491484433171127,8.225801856250351e-05,4.905309385937988e-05,4.905309385937988e-05
1.663,0.011496486660689156,8.23429149109006e-05,4.91353943237428e-05,4.91353943237428e-05
1.6640000000000001,0.011501487035873373,8.242783973420753e-05,4.921777969869332e-05,4.921777969869332e-05
1.665,0.0115064855594097,8.25127930115512e-05,4.9300250012695895e-05,4.9300250012695895e-05
1.666,0.011511482231983805,8.259777472206801e-05,4.9382805294194144e-05,4.9382805294194144e-05
1.667,0.011516477054281105,8.268278484490388e-05,4.9465445571610805e-05,4.9465445571610805e-05
1.668,0.011521470026986757,8.276782335921421e-05,4.954817087334777e-05,4.954817087334777e-05
1.669,0.01152646115078567,8.285289024416392e-05,4.963098122778611e-05,4.963098122778611e-05
1.67,0.011531450426362498,8.293798547892742e-05,4.9713876663286035e-05,4.9713876663286035e-05
1.671,0.01153643785440164,8.30231090426886e-05,4.979685720818696e-05,4.979685720818696e-05
1.672,0.011541423435587244,8.310826091464084e-05,4.987992289080748e-05,4.987992289080748e-05
1.673,0.011546407170603202,8.319344107398701e-05,4.996307373944537e-05,4.996307373944537e-05
1.674,0.011551389060133154,8.327864949993947e-05,5.004630978237765e-05,5.004630978237765e-05
1.675,0.011556369104860487,8.336388617172002e-05,5.0129631047860526e-05,5.0129631047860526e-05
1.676,0.011561347305468334,8.344915106855997e-05,5.021303756412944e-05,5.021303756412944e-05
1.677,0.011566323662639577,8.353444416970007e-05,5.0296529359399076e-05,5.0296529359399076e-05
1.678,0.011571298177056842,8.361976545439056e-05,5.0380106461863355e-05,5.0380106461863355e-05
1.679,0.011576270849402506,8.370511490189111e-05,5.046376889969546e-05,5.046376889969546e-05
1.68,0.01158124168035869,8.379049249147089e-05,5.054751670104783e-05,5.054751670104783e-05
1.681,0.011586210670607265,8.387589820240847e-05,5.0631349894052185e-05,5.0631349894052185e-05
1.682,0.011591177820829848,8.39613320139919e-05,5.0715268506819526e-05,5.0715268506819526e-05
1.683,0.011596143131707804,8.404679390551869e-05,5.079927256744015e-05,5.079927256744015e-05
1.684,0.011601106603922245,8.413228385629575e-05,5.0883362103983646e-05,5.0883362103983646e-05
1.685,0.011606068238154032,8.421780184563946e-05,5.0967537144498926e-05,5.0967537144498926e-05
1.686,0.011611028035083773,8.430334785287561e-05,5.105179771701422e-05,5.105179771701422e-05
1.687,0.011615985995391825,8.438892185733944e-05,5.1136143849537086e-05,5.1136143849537086e-05
1.688,0.01162094211975829,8.447452383837561e-05,5.122057557005442e-05,5.122057557005442e-05
1.689,0.011625896408863023,8.45601537753382e-05,5.1305092906532474e-05,5.1305092906532474e-05
1.69,0.011630848863385624,8.46458116475907e-05,5.1389695886916856e-05,5.1389695886916856e-05
1.691,0.011635799484005442,8.473149743450603e-05,5.147438453913254e-05,5.147438453913254e-05
1.692,0.011640748271401574,8.481721111546652e-05,5.155915889108388e-05,5.155915889108388e-05
1.693,0.011645695226252866,8.49029526698639e-05,5.164401897065462e-05,5.164401897065462e-05
1.694,0.011650640349237913,8.49887220770993e-05,5.172896480570789e-05,5.172896480570789e-05
1.695,0.011655583641035059,8.507451931658327e-05,5.181399642408623e-05,5.181399642408623e-05
1.696,0.011660525102322395,8.516034436773573e-05,5.189911385361161e-05,5.189911385361161e-05
1.697,0.011665464733777763,8.524619720998602e-05,5.19843171220854e-05,5.19843171220854e-05
1.698,0.011670402536078752,8.533207782277282e-05,5.206960625728843e-05,5.206960625728843e-05
1.699,0.011675338509902702,8.541798618554424e-05,5.215498128698095e-05,5.215498128698095e-05
1.7,0.0116802726559267,8.550392227775776e-05,5.2240442238902665e-05,5.2240442238902665e-05
1.701,0.011685204974827586,8.558988607888023e-05,5.2325989140772766e-05,5.2325989140772766e-05
1.702,0.011690135467281945,8.567587756838788e-05,5.2411622020289886e-05,5.2411622020289886e-05
1.703,0.011695064133966114,8.576189672576631e-05,5.249734090513216e-05,5.249734090513216e-05
1.704,0.01169999097555618,8.584794353051047e-05,5.2583145822957206e-05,5.2583145822957206e-05
1.705,0.011704915992727976,8.59340179621247e-05,5.2669036801402136e-05,5.2669036801402136e-05
1.706,0.01170983918615709,8.602012000012267e-05,5.275501386808358e-05,5.275501386808358e-05
1.707,0.011714760556518855,8.610624962402741e-05,5.2841077050597684e-05,5.2841077050597684e-05
1.708,0.011719680104488359,8.619240681337132e-05,5.292722637652012e-05,5.292722637652012e-05
1.709,0.011724597830740435,8.627859154769612e-05,5.301346187340609e-05,5.301346187340609e-05
1.71,0.011729513735949668,8.63648038065529e-05,5.309978356879035e-05,5.309978356879035e-05
1.711,0.011734427820790394,8.645104356950205e-05,5.318619149018722e-05,5.318619149018722e-05
1.712,0.0117393400859367,8.653731081611334e-05,5.3272685665090576e-05,5.3272685665090576e-05
1.713,0.01174425053206242,8.662360552596585e-05,5.3359266120973865e-05,5.3359266120973865e-05
1.714,0.01174915915984114,8.670992767864798e-05,5.344593288529012e-05,5.344593288529012e-05
1.715,0.0117540659699462,8.679627725375748e-05,5.3532685985471974e-05,5.3532685985471974e-05
1.716,0.011758970963050687,8.688265423090139e-05,5.361952544893165e-05,5.361952544893165e-05
1.717,0.011763874139827438,8.696905858969608e-05,5.370645130306099e-05,5.370645130306099e-05
1.718,0.011768775500949045,8.705549030976725e-05,5.379346357523147e-05,5.379346357523147e-05
1.719,0.011773675047087845,8.714194937074987e-05,5.388056229279417e-05,5.388056229279417e-05
1.72,0.011778572778915931,8.722843575228827e-05,5.396774748307982e-05,5.396774748307982e-05
1.721,0.011783468697105146,8.731494943403603e-05,5.4055019173398814e-05,5.4055019173398814e-05
1.722,0.011788362802327083,8.740149039565603e-05,5.4142377391041185e-05,5.4142377391041185e-05
1.723,0.011793255095253087,8.74880586168205e-05,5.422982216327664e-05,5.422982216327664e-05
1.724,0.011798145576554257,8.75746540772109e-05,5.4317353517354566e-05,5.4317353517354566e-05
1.725,0.011803034246901437,8.7661276756518e-05,5.4404971480504036e-05,5.4404971480504036e-05
1.726,0.011807921106965229,8.774792663444185e-05,5.449267607993381e-05,5.449267607993381e-05
1.727,0.011812806157415983,8.783460369069178e-05,5.4580467342832364e-05,5.4580467342832364e-05
1.728,0.011817689398923803,8.79213079049864e-05,5.466834529636788e-05,5.466834529636788e-05
1.729,0.011822570832158543,8.800803925705361e-05,5.4756309967688265e-05,5.4756309967688265e-05
1.73,0.01182745045778981,8.809479772663052e-05,5.484436138392116e-05,5.484436138392116e-05
1.731,0.011832328276486961,8.818158329346357e-05,5.493249957217395e-05,5.493249957217395e-05
1.732,0.011837204288919111,8.82683959373084e-05,5.502072455953376e-05,5.502072455953376e-05
1.733,0.01184207849575512,8.835523563792996e-05,5.510903637306749e-05,5.510903637306749e-05
1.734,0.011846950897663605,8.844210237510243e-05,5.519743503982181e-05,5.519743503982181e-05
1.735,0.011851821495312933,8.852899612860924e-05,5.5285920586823145e-05,5.5285920586823145e-05
1.736,0.011856690289371224,8.861591687824304e-05,5.5374493041077734e-05,5.5374493041077734e-05
1.737,0.011861557280506353,8.870286460380578e-05,5.5463152429571604e-05,5.5463152429571604e-05
1.738,0.011866422469385943,8.87898392851086e-05,5.555189877927059e-05,5.555189877927059e-05
1.739,0.011871285856677374,8.887684090197188e-05,5.564073211712034e-05,5.564073211712034e-05
1.74,0.011876147443047777,8.896386943422527e-05,5.572965247004633e-05,5.572965247004633e-05
1.741,0.011881007229164037,8.905092486170759e-05,5.581865986495386e-05,5.581865986495386e-05
1.742,0.01188586521569279,8.913800716426691e-05,5.59077543287281e-05,5.59077543287281e-05
1.743,0.011890721403300428,8.922511632176053e-05,5.599693588823404e-05,5.599693588823404e-05
1.744,0.011895575792653093,8.931225231405496e-05,5.6086204570316556e-05,5.6086204570316556e-05
1.745,0.011900428384416684,8.939941512102591e-05,5.617556040180038e-05,5.617556040180038e-05
1.746,0.011905279179256848,8.94866047225583e-05,5.626500340949013e-05,5.626500340949013e-05
1.747,0.011910128177838994,8.957382109854627e-05,5.635453362017031e-05,5.635453362017031e-05
1.748,0.011914975380828276,8.966106422889315e-05,5.644415106060534e-05,5.644415106060534e-05
1.749,0.011919820788889606,8.974833409351148e-05,5.653385575753952e-05,5.653385575753952e-05
1.75,0.011924664402687649,8.983563067232296e-05,5.6623647737697094e-05,5.6623647737697094e-05
1.7510000000000001,0.011929506222886825,8.99229539452585e-05,5.671352702778221e-05,5.671352702778221e-05
1.752,0.011934346250151306,9.001030389225823e-05,5.680349365447897e-05,5.680349365447897e-05
1.7530000000000001,0.011939184485145018,9.00976804932714e-05,5.68935476444514e-05,5.68935476444514e-05
1.754,0.011944020928531644,9.018508372825647e-05,5.69836890243435e-05,5.69836890243435e-05
1.7550000000000001,0.011948855580974617,9.027251357718109e-05,5.7073917820779224e-05,5.7073917820779224e-05
1.756,0.011953688443137128,9.035997002002206e-05,5.71642340603625e-05,5.71642340603625e-05
1.7570000000000001,0.011958519515682123,9.044745303676535e-05,5.725463776967724e-05,5.725463776967724e-05
1.758,0.011963348799272298,9.053496260740611e-05,5.734512897528733e-05,5.734512897528733e-05
1.7590000000000001,0.011968176294570107,9.062249871194862e-05,5.7435707703736686e-05,5.7435707703736686e-05
1.76,0.011973002002237757,9.071006133040635e-05,5.7526373981549204e-05,5.7526373981549204e-05
1.7610000000000001,0.01197782592293721,9.079765044280188e-05,5.761712783522881e-05,5.761712783522881e-05
1.762,0.011982648057330186,9.088526602916698e-05,5.770796929125947e-05,5.770796929125947e-05
1.7630000000000001,0.011987468406078157,9.097290806954256e-05,5.7798898376105154e-05,5.7798898376105154e-05
1.764,0.011992286969842348,9.106057654397864e-05,5.788991511620991e-05,5.788991511620991e-05
1.7650000000000001,0.011997103749283745,9.114827143253442e-05,5.798101953799782e-05,5.798101953799782e-05
1.766,0.012001918745063084,9.123599271527822e-05,5.807221166787304e-05,5.807221166787304e-05
1.7670000000000001,0.01200673195784086,9.132374037228746e-05,5.816349153221979e-05,5.816349153221979e-05
1.768,0.01201154338827732,9.141151438364874e-05,5.8254859157402396e-05,5.8254859157402396e-05
1.7690000000000001,0.012016353037032468,9.149931472945773e-05,5.834631456976524e-05,5.834631456976524e-05
1.77,0.012021160904766064,9.158714138981928e-05,5.843785779563283e-05,5.843785779563283e-05
1.7710000000000001,0.012025966992137623,9.167499434484728e-05,5.8529488861309765e-05,5.8529488861309765e-05
1.772,0.012030771299806418,9.17628735746648e-05,5.8621207793080783e-05,5.8621207793080783e-05
1.7730000000000001,0.012035573828431475,9.1850779059404e-05,5.8713014617210733e-05,5.8713014617210733e-05
1.774,0.012040374578671577,9.193871077920611e-05,5.880490935994461e-05,5.880490935994461e-05
1.7750000000000001,0.012045173551185265,9.20266687142215e-05,5.889689204750755e-05,5.889689204750755e-05
1.776,0.012049970746630832,9.211465284460964e-05,5.898896270610484e-05,5.898896270610484e-05
1.7770000000000001,0.01205476616566633,9.220266315053906e-05,5.908112136192195e-05,5.908112136192195e-05
1.778,0.012059559808949566,9.229069961218741e-05,5.91733680411245e-05,5.91733680411245e-05
1.7790000000000001,0.012064351677138107,9.237876220974142e-05,5.9265702769858294e-05,5.9265702769858294e-05
1.78,0.012069141770889271,9.24668509233969e-05,5.9358125574249346e-05,5.9358125574249346e-05
1.7810000000000001,0.012073930090860137,9.255496573335873e-05,5.945063648040386e-05,5.945063648040386e-05
1.782,0.012078716637707538,9.264310661984087e-05,5.954323551440824e-05,5.954323551440824e-05
1.7830000000000001,0.012083501412088065,9.273127356306638e-05,5.963592270232912e-05,5.963592270232912e-05
1.784,0.012088284414658066,9.281946654326735e-05,5.9728698070213364e-05,5.9728698070213364e-05
1.7850000000000001,0.012093065646073646,9.290768554068494e-05,5.9821561644088064e-05,5.9821561644088064e-05
1.786,0.012097845106990666,9.299593053556939e-05,5.991451344996056e-05,5.991451344996056e-05
1.7870000000000001,0.012102622798064745,9.308420150818e-05,6.000755351381844e-05,6.000755351381844e-05
1.788,0.012107398719951258,9.317249843878509e-05,6.010068186162958e-05,6.010068186162958e-05
1.7890000000000001,0.01211217287330534,9.326082130766206e-05,6.0193898519342105e-05,6.0193898519342105e-05
1.79,0.012116945258781882,9.334917009509734e-05,6.028720351288443e-05,6.028720351288443e-05
1.7910000000000001,0.01212171587703553,9.343754478138642e-05,6.038059686816525e-05,6.038059686816525e-05
1.792,0.01212648472872069,9.352594534683381e-05,6.047407861107359e-05,6.047407861107359e-05
1.793,0.012131251814491527,9.361437177175307e-05,6.056764876747874e-05,6.056764876747874e-05
1.794,0.012136017135001962,9.37028240364668e-05,6.0661307363230354e-05,6.0661307363230354e-05
1.795,0.012140780690905673,9.37913021213066e-05,6.075505442415838e-05,6.075505442415838e-05
1.796,0.0121455424828561,9.38798060066131e-05,6.084888997607312e-05,6.084888997607312e-05
1.797,0.012150302511506434,9.396833567273598e-05,6.094281404476521e-05,6.094281404476521e-05
1.798,0.012155060777509632,9.40568911000339e-05,6.103682665600565e-05,6.103682665600565e-05
1.799,0.012159817281518402,9.414547226887456e-05,6.11309278355458e-05,6.11309278355458e-05
1.8,0.012164572024185217,9.423407915963466e-05,6.122511760911738e-05,6.122511760911738e-05
1.801,0.012169325006162302,9.43227117526999e-05,6.13193960024325e-05,6.13193960024325e-05
1.802,0.012174076228101644,9.4411370028465e-05,6.141376304118368e-05,6.141376304118368e-05
1.803,0.01217882569065499,9.450005396733365e-05,6.15082187510438e-05,6.15082187510438e-05
1.804,0.012183573394473842,9.458876354971857e-05,6.160276315766618e-05,6.160276315766618e-05
1.805,0.012188319340209464,9.467749875604145e-05,6.169739628668455e-05,6.169739628668455e-05
1.806,0.012193063528512876,9.476625956673297e-05,6.179211816371306e-05,6.179211816371306e-05
1.807,0.01219780596003486,9.48550459622328e-05,6.188692881434629e-05,6.188692881434629e-05
1.808,0.012202546635425953,9.494385792298958e-05,6.198182826415927e-05,6.198182826415927e-05
1.809,0.012207285555336456,9.503269542946096e-05,6.20768165387075e-05,6.20768165387075e-05
1.81,0.012212022720416424,9.512155846211352e-05,6.217189366352693e-05,6.217189366352693e-05
1.811,0.012216758131315675,9.521044700142283e-05,6.226705966413395e-05,6.226705966413395e-05
1.812,0.012221491788683786,9.529936102787343e-05,6.236231456602549e-05,6.236231456602549e-05
1.813,0.012226223693170092,9.538830052195882e-05,6.24576583946789e-05,6.24576583946789e-05
1.814,0.012230953845423689,9.547726546418145e-05,6.255309117555212e-05,6.255309117555212e-05
1.815,0.01223568224609343,9.556625583505274e-05,6.26486129340835e-05,6.26486129340835e-05
1.816,0.012240408895827932,9.565527161509305e-05,6.274422369569194e-05,6.274422369569194e-05
1.817,0.012245133795275568,9.57443127848317e-05,6.28399234857769e-05,6.28399234857769e-05
1.818,0.012249856945084472,9.583337932480693e-05,6.293571232971834e-05,6.293571232971834e-05
1.819,0.012254578345902541,9.592247121556596e-05,6.303159025287677e-05,6.303159025287677e-05
1.82,0.012259297998377426,9.601158843766491e-05,6.312755728059325e-05,6.312755728059325e-05
1.821,0.012264015903156544,9.610073097166886e-05,6.322361343818939e-05,6.322361343818939e-05
1.822,0.012268732060887069,9.618989879815181e-05,6.33197587509674e-05,6.33197587509674e-05
1.823,0.012273446472215937,9.627909189769669e-05,6.341599324421005e-05,6.341599324421005e-05
1.824,0.012278159137789842,9.636831025089534e-05,6.351231694318068e-05,6.351231694318068e-05
1.825,0.012282870058255242,9.645755383834853e-05,6.360872987312326e-05,6.360872987312326e-05
1.826,0.012287579234258352,9.654682264066595e-05,6.370523205926234e-05,6.370523205926234e-05
1.827,0.01229228666644515,9.66361166384662e-05,6.380182352680309e-05,6.380182352680309e-05
1.828,0.012296992355461375,9.672543581237677e-05,6.389850430093131e-05,6.389850430093131e-05
1.829,0.012301696301952526,9.681478014303408e-05,6.399527440681343e-05,6.399527440681343e-05
1.83,0.012306398506563863,9.690414961108344e-05,6.409213386959652e-05,6.409213386959652e-05
1.831,0.012311098969940409,9.699354419717907e-05,6.418908271440828e-05,6.418908271440828e-05
1.832,0.012315797692726943,9.708296388198407e-05,6.428612096635712e-05,6.428612096635712e-05
1.833,0.01232049467556801,9.717240864617042e-05,6.438324865053205e-05,6.438324865053205e-05
1.834,0.012325189919107917,9.726187847041902e-05,6.448046579200281e-05,6.448046579200281e-05
1.835,0.012329883423990728,9.735137333541964e-05,6.45777724158198e-05,6.45777724158198e-05
1.836,0.01233457519086027,9.74408932218709e-05,6.467516854701413e-05,6.467516854701413e-05
1.837,0.012339265220360135,9.753043811048034e-05,6.47726542105976e-05,6.47726542105976e-05
1.838,0.012343953513133672,9.762000798196435e-05,6.487022943156272e-05,6.487022943156272e-05
1.839,0.012348640069823997,9.770960281704819e-05,6.496789423488273e-05,6.496789423488273e-05
1.84,0.01235332489107398,9.779922259646599e-05,6.50656486455116e-05,6.50656486455116e-05
1.841,0.012358007977526262,9.788886730096074e-05,6.516349268838403e-05,6.516349268838403e-05
1.842,0.01236268932982324,9.797853691128429e-05,6.526142638841547e-05,6.526142638841547e-05
1.843,0.012367368948607073,9.806823140819734e-05,6.535944977050213e-05,6.535944977050213e-05
1.844,0.012372046834519687,9.815795077246946e-05,6.545756285952099e-05,6.545756285952099e-05
1.845,0.012376722988202766,9.824769498487904e-05,6.555576568032979e-05,6.555576568032979e-05
1.846,0.012381397410297758,9.833746402621332e-05,6.565405825776705e-05,6.565405825776705e-05
1.847,0.012386070101445873,9.842725787726839e-05,6.575244061665211e-05,6.575244061665211e-05
1.848,0.012390741062288083,9.851707651884919e-05,6.58509127817851e-05,6.58509127817851e-05
1.849,0.012395410293465125,9.860691993176947e-05,6.594947477794693e-05,6.594947477794693e-05
1.85,0.012400077795617494,9.869678809685181e-05,6.604812662989936e-05,6.604812662989936e-05
1.851,0.012404743569385455,9.878668099492763e-05,6.614686836238497e-05,6.614686836238497e-05
1.852,0.012409407615409028,9.887659860683716e-05,6.624570000012716e-05,6.624570000012716e-05
1.853,0.012414069934328004,9.896654091342946e-05,6.634462156783019e-05,6.634462156783019e-05
1.854,0.01241873052678193,9.90565078955624e-05,6.644363309017919e-05,6.644363309017919e-05
1.855,0.012423389393410119,9.914649953410264e-05,6.654273459184012e-05,6.654273459184012e-05
1.856,0.012428046534851649,9.92365158099257e-05,6.664192609745982e-05,6.664192609745982e-05
1.857,0.012432701951745359,9.932655670391588e-05,6.674120763166601e-05,6.674120763166601e-05
1.858,0.012437355644729852,9.941662219696626e-05,6.684057921906733e-05,6.684057921906733e-05
1.859,0.012442007614443494,9.950671226997873e-05,6.694004088425326e-05,6.694004088425326e-05
1.86,0.012446657861524416,9.9596826903864e-05,6.703959265179424e-05,6.703959265179424e-05
1.861,0.012451306386610511,9.968696607954153e-05,6.713923454624158e-05,6.713923454624158e-05
1.862,0.01245595319033944,9.977712977793959e-05,6.723896659212755e-05,6.723896659212755e-05
1.863,0.01246059827334862,9.986731797999524e-05,6.733878881396534e-05,6.733878881396534e-05
1.864,0.01246524163627524,9.99575306666543e-05,6.743870123624908e-05,6.743870123624908e-05
1.865,0.012469883279756249,0.00010004776781887138,6.753870388345385e-05,6.753870388345385e-05
1.866,0.01247452320442836,0.00010013802941760985,6.763879678003567e-05,6.763879678003567e-05
1.867,0.012479161410928051,0.00010022831544384188,6.773897995043157e-05,6.773897995043157e-05
1.868,0.012483797899891565,0.00010031862587854837,6.783925341905953e-05,6.783925341905953e-05
1.869,0.012488432671954909,0.00010040896070271899,6.79396172103185e-05,6.79396172103185e-05
1.87,0.012493065727753853,0.00010049931989735218,6.804007134858846e-05,6.804007134858846e-05
1.871,0.012497697067923934,0.00010058970344345515,6.814061585823036e-05,6.814061585823036e-05
1.872,0.012502326693100451,0.0001006801113220438,6.824125076358619e-05,6.824125076358619e-05
1.873,0.012506954603918471,0.00010077054351414287,6.834197608897895e-05,6.834197608897895e-05
1.874,0.012511580801012823,0.00010086100000078576,6.844279185871265e-05,6.844279185871265e-05
1.875,0.012516205285018102,0.00010095148076301465,6.854369809707237e-05,6.854369809707237e-05
1.8760000000000001,0.012520828056568668,0.00010104198578188047,6.864469482832422e-05,6.864469482832422e-05
1.877,0.012525449116298645,0.00010113251503844285,6.874578207671537e-05,6.874578207671537e-05
1.8780000000000001,0.012530068464841925,0.00010122306851377017,6.884695986647404e-05,6.884695986647404e-05
1.879,0.012534686102832164,0.00010131364618893954,6.894822822180952e-05,6.894822822180952e-05
1.8800000000000001,0.01253930203090278,0.00010140424804503679,6.904958716691223e-05,6.904958716691223e-05
1.881,0.012543916249686963,0.00010149487406315645,6.91510367259536e-05,6.91510367259536e-05
1.8820000000000001,0.012548528759817662,0.0001015855242244018,6.925257692308624e-05,6.925257692308624e-05
1.883,0.012553139561927594,0.00010167619850988482,6.935420778244383e-05,6.935420778244383e-05
1.8840000000000001,0.012557748656649244,0.00010176689690072619,6.945592932814114e-05,6.945592932814114e-05
1.885,0.01256235604461486,0.0001018576193780553,6.95577415842741e-05,6.95577415842741e-05
1.8860000000000001,0.012566961726456459,0.00010194836592301023,6.965964457491978e-05,6.965964457491978e-05
1.887,0.012571565702805819,0.00010203913651673779,6.976163832413639e-05,6.976163832413639e-05
1.8880000000000001,0.012576167974294486,0.00010212993114039347,6.986372285596324e-05,6.986372285596324e-05
1.889,0.012580768541553777,0.00010222074977514144,6.996589819442087e-05,6.996589819442087e-05
1.8900000000000001,0.012585367405214768,0.00010231159240215457,7.006816436351094e-05,7.006816436351094e-05
1.891,0.012589964565908305,0.00010240245900261441,7.017052138721632e-05,7.017052138721632e-05
1.8920000000000001,0.012594560024265001,0.0001024933495577112,7.027296928950105e-05,7.027296928950105e-05
1.893,0.012599153780915234,0.00010258426404864384,7.037550809431035e-05,7.037550809431035e-05
1.8940000000000001,0.012603745836489148,0.00010267520245661993,7.047813782557067e-05,7.047813782557067e-05
1.895,0.012608336191616656,0.0001027661647628557,7.058085850718967e-05,7.058085850718967e-05
1.8960000000000001,0.012612924846927435,0.0001028571509485761,7.068367016305622e-05,7.068367016305622e-05
1.897,0.012617511803050931,0.00010294816099501471,7.07865728170404e-05,7.07865728170404e-05
1.8980000000000001,0.012622097060616356,0.00010303919488341377,7.088956649299357e-05,7.088956649299357e-05
1.899,0.012626680620252689,0.00010313025259502419,7.099265121474829e-05,7.099265121474829e-05
1.9000000000000001,0.012631262482588676,0.0001032213341111055,7.109582700611844e-05,7.109582700611844e-05
1.901,0.012635842648252831,0.00010331243941292594,7.119909389089909e-05,7.119909389089909e-05
1.9020000000000001,0.012640421117873434,0.00010340356848176236,7.130245189286663e-05,7.130245189286663e-05
1.903,0.012644997892078532,0.00010349472129890023,7.140590103577872e-05,7.140590103577872e-05
1.9040000000000001,0.012649572971495942,0.00010358589784563369,7.150944134337429e-05,7.150944134337429e-05
1.905,0.012654146356753247,0.00010367709810326552,7.16130728393736e-05,7.16130728393736e-05
1.9060000000000001,0.012658718048477796,0.00010376832205310711,7.171679554747822e-05,7.171679554747822e-05
1.907,0.012663288047296708,0.0001038595696764785,7.1820609491371e-05,7.1820609491371e-05
1.9080000000000001,0.01266785635383687,0.00010395084095470834,7.192451469471614e-05,7.192451469471614e-05
1.909,0.012672422968724934,0.0001040421358691339,7.202851118115915e-05,7.202851118115915e-05
1.9100000000000001,0.012676987892587324,0.00010413345440110108,7.213259897432692e-05,7.213259897432692e-05
1.911,0.012681551126050229,0.0001042247965319644,7.223677809782766e-05,7.223677809782766e-05
1.9120000000000001,0.012686112669739605,0.00010431616224308696,7.234104857525094e-05,7.234104857525094e-05
1.913,0.012690672524281181,0.0001044075515158405,7.24454104301677e-05,7.24454104301677e-05
1.9140000000000001,0.012695230690300449,0.00010449896433160536,7.254986368613029e-05,7.254986368613029e-05
1.915,0.012699787168422674,0.00010459040067177046,7.265440836667239e-05,7.265440836667239e-05
1.9160000000000001,0.012704341959272886,0.00010468186051773333,7.27590444953091e-05,7.27590444953091e-05
1.917,0.012708895063475886,0.00010477334385090011,7.286377209553693e-05,7.286377209553693e-05
1.9180000000000001,0.01271344648165624,0.0001048648506526855,7.296859119083378e-05,7.296859119083378e-05
1.919,0.012717996214438289,0.00010495638090451281,7.307350180465898e-05,7.307350180465898e-05
1.92,0.012722544262446135,0.00010504793458781392,7.31785039604533e-05,7.31785039604533e-05
1.921,0.012727090626303655,0.00010513951168402928,7.328359768163892e-05,7.328359768163892e-05
1.922,0.012731635306634494,0.00010523111217460795,7.338878299161948e-05,7.338878299161948e-05
1.923,0.012736178304062063,0.00010532273604100754,7.349405991378007e-05,7.349405991378007e-05
1.924,0.012740719619209544,0.00010541438326469424,7.359942847148725e-05,7.359942847148725e-05
1.925,0.012745259252699889,0.00010550605382714278,7.370488868808904e-05,7.370488868808904e-05
1.926,0.01274979720515582,0.00010559774770983648,7.381044058691495e-05,7.381044058691495e-05
1.927,0.012754333477199824,0.00010568946489426722,7.391608419127596e-05,7.391608419127596e-05
1.928,0.012758868069454164,0.00010578120536193542,7.402181952446455e-05,7.402181952446455e-05
1.929,0.012763400982540868,0.00010587296909435006,7.412764660975474e-05,7.412764660975474e-05
1.93,0.012767932217081732,0.00010596475607302867,7.423356547040201e-05,7.423356547040201e-05
1.931,0.012772461773698328,0.00010605656627949732,7.433957612964339e-05,7.433957612964339e-05
1.932,0.012776989653011992,0.00010614839969529063,7.444567861069744e-05,7.444567861069744e-05
1.933,0.012781515855643836,0.00010624025630195175,7.455187293676427e-05,7.455187293676427e-05
1.934,0.012786040382214734,0.00010633213608103236,7.46581591310255e-05,7.46581591310255e-05
1.935,0.012790563233345336,0.00010642403901409268,7.476453721664433e-05,7.476453721664433e-05
1.936,0.01279508440965606,0.00010651596508270146,7.487100721676554e-05,7.487100721676554e-05
1.937,0.012799603911767097,0.00010660791426843599,7.497756915451545e-05,7.497756915451545e-05
1.938,0.012804121740298404,0.00010669988655288203,7.508422305300199e-05,7.508422305300199e-05
1.939,0.012808637895869711,0.00010679188191763391,7.519096893531465e-05,7.519096893531465e-05
1.94,0.012813152379100518,0.00010688390034429445,7.529780682452456e-05,7.529780682452456e-05
1.941,0.012817665190610096,0.00010697594181447499,7.540473674368441e-05,7.540473674368441e-05
1.942,0.012822176331017487,0.00010706800630979536,7.551175871582854e-05,7.551175871582854e-05
1.943,0.012826685800941501,0.00010716009381188393,7.561887276397292e-05,7.561887276397292e-05
1.944,0.012831193601000723,0.00010725220430237753,7.572607891111511e-05,7.572607891111511e-05
1.945,0.012835699731813506,0.0001073443377629215,7.583337718023436e-05,7.583337718023436e-05
1.946,0.012840204193997977,0.00010743649417516968,7.594076759429152e-05,7.594076759429152e-05
1.947,0.012844706988172028,0.0001075286735207844,7.604825017622915e-05,7.604825017622915e-05
1.948,0.012849208114953329,0.00010762087578143647,7.615582494897144e-05,7.615582494897144e-05
1.949,0.012853707574959319,0.0001077131009388052,7.626349193542427e-05,7.626349193542427e-05
1.95,0.012858205368807206,0.00010780534897457835,7.637125115847518e-05,7.637125115847518e-05
1.951,0.012862701497113972,0.00010789761987045218,7.647910264099345e-05,7.647910264099345e-05
1.952,0.012867195960496371,0.00010798991360813142,7.658704640583003e-05,7.658704640583003e-05
1.953,0.012871688759570926,0.00010808223016932926,7.669508247581757e-05,7.669508247581757e-05
1.954,0.012876179894953934,0.00010817456953576737,7.680321087377043e-05,7.680321087377043e-05
1.955,0.012880669367261463,0.00010826693168917587,7.691143162248475e-05,7.691143162248475e-05
1.956,0.012885157177109353,0.00010835931661129333,7.701974474473836e-05,7.701974474473836e-05
1.957,0.012889643325113215,0.0001084517242838668,7.712815026329083e-05,7.712815026329083e-05
1.958,0.012894127811888433,0.00010854415468865179,7.72366482008835e-05,7.72366482008835e-05
1.959,0.012898610638050164,0.00010863660780741221,7.734523858023947e-05,7.734523858023947e-05
1.96,0.012903091804213335,0.00010872908362192046,7.745392142406357e-05,7.745392142406357e-05
1.961,0.012907571310992646,0.00010882158211395737,7.756269675504248e-05,7.756269675504248e-05
1.962,0.012912049159002572,0.0001089141032653122,7.76715645958446e-05,7.76715645958446e-05
1.963,0.012916525348857356,0.00010900664705778266,7.778052496912014e-05,7.778052496912014e-05
1.964,0.012920999881171017,0.00010909921347317488,7.788957789750113e-05,7.788957789750113e-05
1.965,0.012925472756557345,0.00010919180249330342,7.79987234036014e-05,7.79987234036014e-05
1.966,0.012929943975629903,0.00010928441409999127,7.81079615100166e-05,7.81079615100166e-05
1.967,0.012934413539002026,0.00010937704827506983,7.821729223932418e-05,7.821729223932418e-05
1.968,0.012938881447286825,0.00010946970500037895,7.832671561408348e-05,7.832671561408348e-05
1.969,0.012943347701097181,0.00010956238425776685,7.843623165683563e-05,7.843623165683563e-05
1.97,0.012947812301045749,0.00010965508602909019,7.854584039010366e-05,7.854584039010366e-05
1.971,0.012952275247744956,0.00010974781029621403,7.865554183639242e-05,7.865554183639242e-05
1.972,0.012956736541807004,0.00010984055704101183,7.876533601818864e-05,7.876533601818864e-05
1.973,0.012961196183843867,0.00010993332624536547,7.887522295796095e-05,7.887522295796095e-05
1.974,0.012965654174467293,0.00011002611789116521,7.898520267815985e-05,7.898520267815985e-05
1.975,0.012970110514288804,0.00011011893196030971,7.909527520121773e-05,7.909527520121773e-05
1.976,0.012974565203919696,0.00011021176843470602,7.920544054954889e-05,7.920544054954889e-05
1.977,0.012979018243971034,0.00011030462729626957,7.931569874554953e-05,7.931569874554953e-05
1.978,0.012983469635053663,0.00011039750852692419,7.94260498115978e-05,7.94260498115978e-05
1.979,0.0129879193777782,0.00011049041210860208,7.953649377005373e-05,7.953649377005373e-05
1.98,0.012992367472755032,0.00011058333802324382,7.964703064325932e-05,7.964703064325932e-05
1.981,0.012996813920594324,0.00011067628625279836,7.975766045353853e-05,7.975766045353853e-05
1.982,0.013001258721906014,0.00011076925677922303,7.986838322319722e-05,7.986838322319722e-05
1.983,0.013005701877299816,0.00011086224958448352,7.997919897452326e-05,7.997919897452326e-05
1.984,0.013010143387385214,0.00011095526465055388,8.009010772978646e-05,8.009010772978646e-05
1.985,0.01301458325277147,0.00011104830195941653,8.020110951123863e-05,8.020110951123863e-05
1.986,0.013019021474067617,0.00011114136149306225,8.031220434111356e-05,8.031220434111356e-05
1.987,0.013023458051882467,0.00011123444323349015,8.042339224162702e-05,8.042339224162702e-05
1.988,0.013027892986824602,0.00011132754716270772,8.05346732349768e-05,8.05346732349768e-05
1.989,0.013032326279502382,0.00011142067326273079,8.064604734334269e-05,8.064604734334269e-05
1.99,0.01303675793052394,0.00011151382151558351,8.075751458888653e-05,8.075751458888653e-05
1.991,0.013041187940497185,0.00011160699190329839,8.086907499375215e-05,8.086907499375215e-05
1.992,0.013045616310029798,0.00011170018440791628,8.098072858006543e-05,8.098072858006543e-05
1.993,0.01305004303972924,0.00011179339901148636,8.109247536993431e-05,8.109247536993431e-05
1.994,0.013054468130202742,0.00011188663569606613,8.120431538544874e-05,8.120431538544874e-05
1.995,0.013058891582057313,0.00011197989444372143,8.131624864868079e-05,8.131624864868079e-05
1.996,0.013063313395899738,0.00011207317523652642,8.142827518168456e-05,8.142827518168456e-05
1.997,0.013067733572336574,0.00011216647805656357,8.154039500649624e-05,8.154039500649624e-05
1.998,0.013072152111974156,0.00011225980288592368,8.165260814513413e-05,8.165260814513413e-05
1.999,0.013076569015418593,0.00011235314970670584,8.176491461959858e-05,8.176491461959858e-05
2.0,0.013080984283275771,0.00011244651850101749,8.187731445187205e-05,8.187731445187205e-05
2.001,0.01308539791615135,0.00011253990925097433,8.198980766391916e-05,8.198980766391916e-05
2.0020000000000002,0.013089809914650767,0.0001126333219387004,8.21023942776866e-05,8.21023942776866e-05
2.003,0.013094220279379235,0.00011272675654632804,8.22150743151032e-05,8.22150743151032e-05
2.004,0.013098629010941741,0.00011282021305599785,8.232784779807994e-05,8.232784779807994e-05
2.005,0.013103036109943051,0.00011291369144985875,8.244071474850992e-05,8.244071474850992e-05
2.0060000000000002,0.013107441576987705,0.00011300719171006794,8.255367518826843e-05,8.255367518826843e-05
2.007,0.013111845412680017,0.00011310071381879093,8.26667291392129e-05,8.26667291392129e-05
2.008,0.013116247617624083,0.00011319425775820146,8.277987662318291e-05,8.277987662318291e-05
2.009,0.01312064819242377,0.00011328782351048161,8.289311766200025e-05,8.289311766200025e-05
2.0100000000000002,0.013125047137682724,0.0001133814110578217,8.300645227746889e-05,8.300645227746889e-05
2.011,0.013129444454004368,0.00011347502038242033,8.311988049137499e-05,8.311988049137499e-05
2.012,0.013133840141991898,0.00011356865146648438,8.32334023254869e-05,8.32334023254869e-05
2.013,0.013138234202248291,0.00011366230429222897,8.334701780155519e-05,8.334701780155519e-05
2.0140000000000002,0.013142626635376298,0.00011375597884187752,8.346072694131266e-05,8.346072694131266e-05
2.015,0.013147017441978447,0.00011384967509766168,8.357452976647432e-05,8.357452976647432e-05
2.016,0.013151406622657045,0.00011394339304182137,8.368842629873744e-05,8.368842629873744e-05
2.017,0.013155794178014173,0.00011403713265660476,8.380241655978151e-05,8.380241655978151e-05
2.0180000000000002,0.01316018010865169,0.00011413089392426826,8.391650057126827e-05,8.391650057126827e-05
2.019,0.013164564415171234,0.00011422467682707653,8.403067835484176e-05,8.403067835484176e-05
2.02,0.013168947098174219,0.00011431848134730248,8.414494993212824e-05,8.414494993212824e-05
2.021,0.013173328158261836,0.00011441230746722727,8.425931532473626e-05,8.425931532473626e-05
2.0220000000000002,0.013177707596035051,0.00011450615516914026,8.437377455425668e-05,8.437377455425668e-05
2.023,0.013182085412094613,0.00011460002443533908,8.448832764226264e-05,8.448832764226264e-05
2.024,0.013186461607041044,0.00011469391524812957,8.460297461030956e-05,8.460297461030956e-05
2.025,0.013190836181474645,0.00011478782758982581,8.47177154799352e-05,8.47177154799352e-05
2.0260000000000002,0.013195209135995496,0.00011488176144275007,8.483255027265962e-05,8.483255027265962e-05
2.027,0.013199580471203452,0.00011497571678923287,8.494747900998523e-05,8.494747900998523e-05
2.028,0.01320395018769815,0.00011506969361161295,8.506250171339673e-05,8.506250171339673e-05
2.029,0.013208318286079,0.00011516369189223724,8.517761840436121e-05,8.517761840436121e-05
2.0300000000000002,0.013212684766945192,0.00011525771161346088,8.529282910432808e-05,8.529282910432808e-05
2.031,0.013217049630895697,0.00011535175275764723,8.540813383472911e-05,8.540813383472911e-05
2.032,0.01322141287852926,0.00011544581530716786,8.552353261697848e-05,8.552353261697848e-05
2.033,0.013225774510444406,0.00011553989924440253,8.563902547247268e-05,8.563902547247268e-05
2.0340000000000003,0.013230134527239439,0.00011563400455173918,8.575461242259065e-05,8.575461242259065e-05
2.035,0.013234492929512441,0.00011572813121157396,8.587029348869366e-05,8.587029348869366e-05
2.036,0.013238849717861273,0.0001158222792063112,8.598606869212543e-05,8.598606869212543e-05
2.037,0.013243204892883572,0.00011591644851836343,8.610193805421206e-05,8.610193805421206e-05
2.0380000000000003,0.013247558455176757,0.00011601063913015136,8.621790159626208e-05,8.621790159626208e-05
2.039,0.013251910405338024,0.00011610485102410386,8.633395933956642e-05,8.633395933956642e-05
2.04,0.013256260743964349,0.000116199084182658,8.645011130539848e-05,8.645011130539848e-05
2.041,0.013260609471652487,0.000116293338588259,8.656635751501408e-05,8.656635751501408e-05
2.0420000000000003,0.01326495658899897,0.00011638761422336027,8.668269798965149e-05,8.668269798965149e-05
2.043,0.013269302096600112,0.00011648191107042338,8.679913275053145e-05,8.679913275053145e-05
2.044,0.013273645995052001,0.00011657622911191807,8.691566181885715e-05,8.691566181885715e-05
2.045,0.013277988284950512,0.00011667056833032221,8.703228521581427e-05,8.703228521581427e-05
2.0460000000000003,0.013282328966891292,0.00011676492870812186,8.714900296257093e-05,8.714900296257093e-05
2.047,0.013286668041469774,0.00011685931022781121,8.72658150802778e-05,8.72658150802778e-05
2.048,0.013291005509281164,0.00011695371287189262,8.738272159006802e-05,8.738272159006802e-05
2.049,0.013295341370920451,0.00011704813662287658,8.749972251305723e-05,8.749972251305723e-05
2.05,0.013299675626982406,0.00011714258146328174,8.761681787034359e-05,8.761681787034359e-05
2.051,0.013304008278061575,0.00011723704737563486,8.773400768300778e-05,8.773400768300778e-05
2.052,0.013308339324752285,0.00011733153434247086,8.785129197211301e-05,8.785129197211301e-05
2.053,0.013312668767648646,0.00011742604234633279,8.796867075870506e-05,8.796867075870506e-05
2.054,0.013316996607344546,0.00011752057136977184,8.80861440638122e-05,8.80861440638122e-05
2.055,0.013321322844433651,0.00011761512139534728,8.82037119084453e-05,8.82037119084453e-05
2.056,0.01332564747950941,0.00011770969240562658,8.832137431359779e-05,8.832137431359779e-05
2.057,0.013329970513165054,0.00011780428438318525,8.843913130024564e-05,8.843913130024564e-05
2.058,0.013334291945993589,0.00011789889731060699,8.855698288934744e-05,8.855698288934744e-05
2.059,0.013338611778587804,0.00011799353117048355,8.867492910184434e-05,8.867492910184434e-05
2.06,0.01334293001154027,0.00011808818594541483,8.879296995866009e-05,8.879296995866009e-05
2.061,0.013347246645443336,0.00011818286161800881,8.891110548070105e-05,8.891110548070105e-05
2.062,0.013351561680889133,0.00011827755817088159,8.90293356888562e-05,8.90293356888562e-05
2.063,0.013355875118469574,0.00011837227558665739,8.914766060399713e-05,8.914766060399713e-05
2.064,0.01336018695877635,0.00011846701384796847,8.926608024697803e-05,8.926608024697803e-05
2.065,0.013364497202400934,0.00011856177293745524,8.938459463863579e-05,8.938459463863579e-05
2.066,0.013368805849934582,0.00011865655283776618,8.950320379978988e-05,8.950320379978988e-05
2.067,0.013373112901968328,0.00011875135353155784,8.962190775124247e-05,8.962190775124247e-05
2.068,0.013377418359092988,0.00011884617500149488,8.974070651377838e-05,8.974070651377838e-05
2.069,0.013381722221899163,0.00011894101723025003,8.985960010816507e-05,8.985960010816507e-05
2.07,0.013386024490977227,0.0001190358802005041,8.997858855515272e-05,8.997858855515272e-05
2.071,0.013390325166917344,0.00011913076389494596,9.009767187547415e-05,9.009767187547415e-05
2.072,0.013394624250309455,0.00011922566829627257,9.02168500898449e-05,9.02168500898449e-05
2.073,0.013398921741743283,0.00011932059338718893,9.033612321896323e-05,9.033612321896323e-05
2.074,0.013403217641808332,0.00011941553915040814,9.045549128351005e-05,9.045549128351005e-05
2.075,0.013407511951093892,0.00011951050556865134,9.057495430414904e-05,9.057495430414904e-05
2.076,0.013411804670189027,0.00011960549262464773,9.06945123015266e-05,9.06945123015266e-05
2.077,0.01341609579968259,0.00011970050030113457,9.081416529627183e-05,9.081416529627183e-05
2.078,0.013420385340163214,0.00011979552858085716,9.09339133089966e-05,9.09339133089966e-05
2.079,0.013424673292219311,0.00011989057744656885,9.105375636029553e-05,9.105375636029553e-05
2.08,0.01342895965643908,0.00011998564688103105,9.117369447074598e-05,9.117369447074598e-05
2.081,0.013433244433410497,0.0001200807368670132,9.12937276609081e-05,9.12937276609081e-05
2.082,0.013437527623721326,0.00012017584738729276,9.141385595132478e-05,9.141385595132478e-05
2.083,0.013441809227959107,0.00012027097842465526,9.153407936252172e-05,9.153407936252172e-05
2.084,0.013446089246711168,0.00012036612996189424,9.165439791500738e-05,9.165439791500738e-05
2.085,0.013450367680564618,0.00012046130198181126,9.177481162927306e-05,9.177481162927306e-05
2.086,0.013454644530106346,0.00012055649446721593,9.189532052579284e-05,9.189532052579284e-05
2.087,0.013458919795923025,0.00012065170740092586,9.201592462502359e-05,9.201592462502359e-05
2.088,0.013463193478601112,0.00012074694076576669,9.213662394740505e-05,9.213662394740505e-05
2.089,0.013467465578726846,0.00012084219454457208,9.225741851335977e-05,9.225741851335977e-05
2.09,0.013471736096886249,0.00012093746872018368,9.237830834329313e-05,9.237830834329313e-05
2.091,0.013476005033665125,0.00012103276327545116,9.249929345759336e-05,9.249929345759336e-05
2.092,0.013480272389649064,0.00012112807819323221,9.262037387663154e-05,9.262037387663154e-05
2.093,0.013484538165423436,0.00012122341345639251,9.274154962076161e-05,9.274154962076161e-05
2.094,0.013488802361573396,0.00012131876904780574,9.28628207103204e-05,9.28628207103204e-05
2.095,0.013493064978683881,0.00012141414495035356,9.29841871656276e-05,9.29841871656276e-05
2.096,0.013497326017339613,0.00012150954114692564,9.310564900698579e-05,9.310564900698579e-05
2.097,0.013501585478125095,0.00012160495762041964,9.322720625468043e-05,9.322720625468043e-05
2.098,0.013505843361624617,0.00012170039435374121,9.33488589289799e-05,9.33488589289799e-05
2.099,0.013510099668422251,0.00012179585132980396,9.34706070501355e-05,9.34706070501355e-05
2.1,0.01351435439910185,0.0001218913285315295,9.359245063838141e-05,9.359245063838141e-05
2.101,0.013518607554247055,0.00012198682594184741,9.371438971393477e-05,9.371438971393477e-05
2.102,0.01352285913444129,0.00012208234354369523,9.383642429699562e-05,9.383642429699562e-05
2.103,0.013527109140267762,0.00012217788132001852,9.395855440774699e-05,9.395855440774699e-05
2.104,0.013531357572309461,0.00012227343925377073,9.408078006635481e-05,9.408078006635481e-05
2.105,0.013535604431149163,0.00012236901732791332,9.4203101292968e-05,9.4203101292968e-05
2.106,0.013539849717369427,0.0001224646155254157,9.432551810771842e-05,9.432551810771842e-05
2.107,0.013544093431552598,0.00012256023382925527,9.444803053072094e-05,9.444803053072094e-05
2.108,0.013548335574280802,0.0001226558722224173,9.457063858207337e-05,9.457063858207337e-05
2.109,0.013552576146135954,0.00012275153068789512,9.469334228185654e-05,9.469334228185654e-05
2.11,0.01355681514769975,0.00012284720920868993,9.481614165013427e-05,9.481614165013427e-05
2.111,0.013561052579553671,0.0001229429077678109,9.493903670695337e-05,9.493903670695337e-05
2.112,0.013565288442278984,0.0001230386263482751,9.506202747234367e-05,9.506202747234367e-05
2.113,0.013569522736456742,0.00012313436493310758,9.518511396631804e-05,9.518511396631804e-05
2.114,0.013573755462667777,0.00012323012350534134,9.530829620887235e-05,9.530829620887235e-05
2.115,0.013577986621492713,0.00012332590204801728,9.543157421998553e-05,9.543157421998553e-05
2.116,0.013582216213511956,0.00012342170054418424,9.555494801961954e-05,9.555494801961954e-05
2.117,0.013586444239305695,0.00012351751897689893,9.567841762771941e-05,9.567841762771941e-05
2.118,0.013590670699453907,0.0001236133573292261,9.58019830642132e-05,9.58019830642132e-05
2.119,0.013594895594536353,0.0001237092155842383,9.592564434901208e-05,9.592564434901208e-05
2.12,0.013599118925132582,0.00012380509372501605,9.604940150201027e-05,9.604940150201027e-05
2.121,0.013603340691821923,0.0001239009917346478,9.617325454308507e-05,9.617325454308507e-05
2.122,0.013607560895183494,0.00012399690959622988,9.629720349209689e-05,9.629720349209689e-05
2.123,0.0136117795357962,0.0001240928472928665,9.642124836888922e-05,9.642124836888922e-05
2.124,0.013615996614238728,0.00012418880480766982,9.654538919328867e-05,9.654538919328867e-05
2.125,0.013620212131089552,0.00012428478212375989,9.666962598510498e-05,9.666962598510498e-05
2.126,0.013624426086926935,0.00012438077922426462,9.6793958764131e-05,9.6793958764131e-05
2.1270000000000002,0.01362863848232892,0.00012447679609231985,9.69183875501427e-05,9.69183875501427e-05
2.128,0.013632849317873341,0.0001245728327110693,9.70429123628992e-05,9.70429123628992e-05
2.129,0.013637058594137814,0.00012466888906366455,9.716753322214279e-05,9.716753322214279e-05
2.13,0.013641266311699745,0.0001247649651332651,9.729225014759887e-05,9.729225014759887e-05
2.1310000000000002,0.013645472471136323,0.00012486106090303835,9.741706315897605e-05,9.741706315897605e-05
2.132,0.013649677073024526,0.00012495717635615947,9.754197227596607e-05,9.754197227596607e-05
2.133,0.013653880117941117,0.00012505331147581164,9.766697751824388e-05,9.766697751824388e-05
2.134,0.013658081606462645,0.00012514946624518581,9.77920789054676e-05,9.77920789054676e-05
2.1350000000000002,0.013662281539165443,0.00012524564064748082,9.791727645727856e-05,9.791727645727856e-05
2.136,0.013666479916625637,0.00012534183466590343,9.804257019330127e-05,9.804257019330127e-05
2.137,0.013670676739419135,0.00012543804828366818,9.816796013314348e-05,9.816796013314348e-05
2.138,0.013674872008121633,0.0001255342814839975,9.829344629639614e-05,9.829344629639614e-05
2.1390000000000002,0.013679065723308613,0.00012563053425012168,9.841902870263342e-05,9.841902870263342e-05
2.14,0.013683257885555347,0.00012572680656527886,9.854470737141273e-05,9.854470737141273e-05
2.141,0.013687448495436889,0.00012582309841271502,9.867048232227473e-05,9.867048232227473e-05
2.142,0.013691637553528084,0.000125919409775684,9.879635357474333e-05,9.879635357474333e-05
2.1430000000000002,0.013695825060403562,0.00012601574063744747,9.892232114832569e-05,9.892232114832569e-05
2.144,0.013700011016637741,0.00012611209098127492,9.904838506251225e-05,9.904838506251225e-05
2.145,0.013704195422804826,0.00012620846079044372,9.91745453367767e-05,9.91745453367767e-05
2.146,0.01370837827947881,0.00012630485004823904,9.930080199057601e-05,9.930080199057601e-05
2.1470000000000002,0.013712559587233473,0.00012640125873795386,9.942715504335048e-05,9.942715504335048e-05
2.148,0.013716739346642384,0.00012649768684288903,9.955360451452366e-05,9.955360451452366e-05
2.149,0.013720917558278896,0.0001265941343463532,9.968015042350242e-05,9.968015042350242e-05
2.15,0.013725094222716153,0.0001266906012316628,9.980679278967698e-05,9.980679278967698e-05
2.1510000000000002,0.013729269340527085,0.00012678708748214217,9.99335316324208e-05,9.99335316324208e-05
2.152,0.01373344291228441,0.00012688359308112338,0.00010006036697109076,0.00010006036697109076
2.153,0.013737614938560636,0.00012698011801194636,0.000100187298825027,0.000100187298825027
2.154,0.013741785419928057,0.0001270766622579588,0.00010031432721355305,0.00010031432721355305
2.1550000000000002,0.013745954356958755,0.0001271732258025162,0.00010044145215597577,0.00010044145215597577
2.156,0.013750121750224602,0.00012726980862898192,0.00010056867367158538,0.00010056867367158538
2.157,0.013754287600297255,0.00012736641072072705,0.0001006959917796555,0.0001006959917796555
2.158,0.013758451907748163,0.0001274630320611305,0.00010082340649944307,0.00010082340649944307
2.1590000000000003,0.013762614673148559,0.00012755967263357895,0.00010095091785018845,0.00010095091785018845
2.16,0.01376677589706947,0.0001276563324214669,0.00010107852585111537,0.00010107852585111537
2.161,0.013770935580081706,0.00012775301140819663,0.000101206230521431,0.000101206230521431
2.162,0.013775093722755871,0.00012784970957717819,0.00010133403188032586,0.00010133403188032586
2.1630000000000003,0.013779250325662353,0.00012794642691182939,0.00010146192994697392,0.00010146192994697392
2.164,0.01378340538937133,0.00012804316339557582,0.00010158992474053255,0.00010158992474053255
2.165,0.013787558914452772,0.00012813991901185087,0.00010171801628014258,0.00010171801628014258
2.166,0.013791710901476434,0.0001282366937440957,0.00010184620458492824,0.00010184620458492824
2.1670000000000003,0.013795861351011861,0.00012833348757575918,0.00010197448967399723,0.00010197448967399723
2.168,0.01380001026362839,0.000128430300490298,0.0001021028715664407,0.0001021028715664407
2.169,0.013804157639895143,0.00012852713247117658,0.00010223135028133327,0.00010223135028133327
2.17,0.013808303480381033,0.0001286239835018671,0.00010235992583773299,0.00010235992583773299
2.1710000000000003,0.013812447785654764,0.0001287208535658495,0.00010248859825468143,0.00010248859825468143
2.172,0.013816590556284826,0.00012881774264661148,0.00010261736755120362,0.00010261736755120362
2.173,0.0138207317928395,0.00012891465072764846,0.00010274623374630808,0.00010274623374630808
2.174,0.013824871495886858,0.00012901157779246362,0.00010287519685898684,0.00010287519685898684
2.1750000000000003,0.01382900966599476,0.00012910852382456785,0.00010300425690821544,0.00010300425690821544
2.176,0.013833146303730857,0.0001292054888074798,0.0001031334139129529,0.0001031334139129529
2.177,0.01383728140966259,0.00012930247272472588,0.00010326266789214184,0.00010326266789214184
2.178,0.013841414984357188,0.0001293994755598402,0.00010339201886470831,0.00010339201886470831
2.179,0.013845547028381668,0.00012949649729636456,0.00010352146684956198,0.00010352146684956198
2.18,0.013849677542302843,0.0001295935379178486,0.00010365101186559603,0.00010365101186559603
2.181,0.013853806526687312,0.00012969059740784952,0.00010378065393168719,0.00010378065393168719
2.182,0.013857933982101465,0.0001297876757499324,0.00010391039306669576,0.00010391039306669576
2.183,0.013862059909111484,0.00012988477292766993,0.0001040402292894656,0.0001040402292894656
2.184,0.013866184308283338,0.00012998188892464254,0.00010417016261882417,0.00010417016261882417
2.185,0.013870307180182789,0.00013007902372443836,0.00010430019307358249,0.00010430019307358249
2.186,0.013874428525375388,0.00013017617731065324,0.00010443032067253518,0.00010443032067253518
2.187,0.01387854834442648,0.00013027334966689074,0.00010456054543446047,0.00010456054543446047
2.188,0.013882666637901194,0.0001303705407767621,0.00010469086737812018,0.00010469086737812018
2.189,0.013886783406364456,0.00013046775062388626,0.00010482128652225974,0.00010482128652225974
2.19,0.013890898650380979,0.00013056497919188985,0.00010495180288560824,0.00010495180288560824
2.191,0.01389501237051527,0.0001306622264644072,0.00010508241648687836,0.00010508241648687836
2.192,0.013899124567331623,0.00013075949242508033,0.00010521312734476644,0.00010521312734476644
2.193,0.013903235241394129,0.0001308567770575589,0.00010534393547795246,0.00010534393547795246
2.194,0.013907344393266663,0.00013095408034550032,0.00010547484090510006,0.00010547484090510006
2.195,0.013911452023512896,0.00013105140227256961,0.0001056058436448565,0.0001056058436448565
2.196,0.01391555813269629,0.00013114874282243953,0.00010573694371585278,0.00010573694371585278
2.197,0.013919662721380096,0.00013124610197879047,0.00010586814113670354,0.00010586814113670354
2.198,0.013923765790127359,0.00013134347972531047,0.0001059994359260071,0.0001059994359260071
2.199,0.013927867339500912,0.00013144087604569527,0.00010613082810234546,0.00010613082810234546
2.2,0.013931967370063383,0.00013153829092364826,0.00010626231768428435,0.00010626231768428435
2.201,0.013936065882377191,0.0001316357243428805,0.00010639390469037319,0.00010639390469037319
2.202,0.013940162877004546,0.0001317331762871107,0.00010652558913914512,0.00010652558913914512
2.203,0.01394425835450745,0.0001318306467400652,0.00010665737104911699,0.00010665737104911699
2.204,0.013948352315447696,0.000131928135685478,0.0001067892504387894,0.0001067892504387894
2.205,0.013952444760386871,0.00013202564310709077,0.00010692122732664668,0.00010692122732664668
2.206,0.013956535689886352,0.0001321231689886528,0.0001070533017311569,0.0001070533017311569
2.207,0.01396062510450731,0.000132220713313921,0.00010718547367077189,0.00010718547367077189
2.208,0.013964713004810706,0.00013231827606665999,0.00010731774316392724,0.00010731774316392724
2.209,0.013968799391357296,0.00013241585723064192,0.0001074501102290423,0.0001074501102290423
2.21,0.013972884264707625,0.00013251345678964667,0.0001075825748845202,0.0001075825748845202
2.211,0.013976967625422035,0.0001326110747274617,0.00010771513714874787,0.00010771513714874787
2.212,0.013981049474060656,0.00013270871102788204,0.00010784779704009599,0.00010784779704009599
2.213,0.013985129811183413,0.00013280636567471047,0.00010798055457691909,0.00010798055457691909
2.214,0.013989208637350021,0.00013290403865175726,0.00010811340977755547,0.00010811340977755547
2.215,0.013993285953119992,0.00013300172994284038,0.00010824636266032727,0.00010824636266032727
2.216,0.013997361759052628,0.00013309943953178537,0.00010837941324354043,0.00010837941324354043
2.217,0.014001436055707025,0.0001331971674024254,0.00010851256154548473,0.00010851256154548473
2.218,0.01400550884364207,0.00013329491353860124,0.00010864580758443379,0.00010864580758443379
2.219,0.014009580123416444,0.00013339267792416125,0.00010877915137864506,0.00010877915137864506
2.22,0.014013649895588625,0.0001334904605429614,0.00010891259294635986,0.00010891259294635986
2.221,0.01401771816071688,0.00013358826137886524,0.00010904613230580336,0.00010904613230580336
2.222,0.014021784919359266,0.00013368608041574396,0.00010917976947518459,0.00010917976947518459
2.223,0.014025850172073641,0.0001337839176374763,0.00010931350447269646,0.00010931350447269646
2.224,0.014029913919417653,0.00013388177302794857,0.00010944733731651578,0.00010944733731651578
2.225,0.014033976161948741,0.0001339796465710547,0.00010958126802480323,0.00010958126802480323
2.226,0.014038036900224142,0.0001340775382506962,0.0001097152966157034,0.0001097152966157034
2.227,0.014042096134800884,0.00013417544805078215,0.00010984942310734477,0.00010984942310734477
2.228,0.014046153866235788,0.0001342733759552292,0.00010998364751783976,0.00010998364751783976
2.229,0.014050210095085473,0.00013437132194796158,0.00011011796986528466,0.00011011796986528466
2.23,0.014054264821906347,0.00013446928601291107,0.00011025239016775974,0.00011025239016775974
2.231,0.014058318047254614,0.00013456726813401704,0.0001103869084433292,0.0001103869084433292
2.232,0.014062369771686272,0.00013466526829522638,0.00011052152471004114,0.00011052152471004114
2.233,0.014066419995757114,0.0001347632864804936,0.00011065623898592767,0.00011065623898592767
2.234,0.014070468720022725,0.00013486132267378074,0.0001107910512890048,0.0001107910512890048
2.235,0.014074515945038486,0.00013495937685905737,0.00011092596163727255,0.00011092596163727255
2.236,0.014078561671359572,0.00013505744902030066,0.0001110609700487149,0.0001110609700487149
2.237,0.014082605899540952,0.00013515553914149526,0.0001111960765412998,0.0001111960765412998
2.238,0.01408664863013739,0.00013525364720663342,0.0001113312811329792,0.0001113312811329792
2.239,0.014090689863703446,0.00013535177319971492,0.00011146658384168904,0.00011146658384168904
2.24,0.01409472960079347,0.00013544991710474704,0.00011160198468534928,0.00011160198468534928
2.241,0.014098767841961613,0.00013554807890574466,0.00011173748368186387,0.00011173748368186387
2.242,0.014102804587761817,0.00013564625858673014,0.00011187308084912076,0.00011187308084912076
2.243,0.014106839838747817,0.00013574445613173336,0.000112008776204992,0.000112008776204992
2.244,0.014110873595473148,0.00013584267152479178,0.00011214456976733358,0.00011214456976733358
2.245,0.014114905858491135,0.00013594090474995034,0.0001122804615539856,0.0001122804615539856
2.246,0.014118936628354901,0.00013603915579126153,0.0001124164515827722,0.0001124164515827722
2.247,0.014122965905617365,0.00013613742463278533,0.00011255253987150154,0.00011255253987150154
2.248,0.01412699369083124,0.00013623571125858923,0.00011268872643796587,0.00011268872643796587
2.249,0.014131019984549034,0.00013633401565274825,0.00011282501129994151,0.00011282501129994151
2.25,0.01413504478732305,0.0001364323377993449,0.00011296139447518885,0.00011296139447518885
2.251,0.014139068099705387,0.0001365306776824692,0.00011309787598145238,0.00011309787598145238
2.2520000000000002,0.01414308992224794,0.00013662903528621867,0.00011323445583646067,0.00011323445583646067
2.253,0.0141471102555024,0.00013672741059469836,0.00011337113405792639,0.00011337113405792639
2.254,0.014151129100020251,0.00013682580359202079,0.00011350791066354634,0.00011350791066354634
2.255,0.014155146456352777,0.00013692421426230594,0.00011364478567100143,0.00011364478567100143
2.2560000000000002,0.014159162325051055,0.00013702264258968133,0.00011378175909795665,0.00011378175909795665
2.257,0.01416317670666596,0.00013712108855828191,0.0001139188309620612,0.0001139188309620612
2.258,0.014167189601748158,0.0001372195521522502,0.00011405600128094834,0.00011405600128094834
2.259,0.014171201010848119,0.00013731803335573608,0.00011419327007223553,0.00011419327007223553
2.2600000000000002,0.014175210934516102,0.000137416532152897,0.00011433063735352437,0.00011433063735352437
2.261,0.014179219373302167,0.0001375150485278979,0.0001144681031424006,0.0001144681031424006
2.262,0.014183226327756166,0.00013761358246491107,0.00011460566745643416,0.00011460566745643416
2.263,0.014187231798427753,0.0001377121339481164,0.00011474333031317915,0.00011474333031317915
2.2640000000000002,0.014191235785866372,0.00013781070296170115,0.00011488109173017384,0.00011488109173017384
2.265,0.014195238290621269,0.0001379092894898601,0.00011501895172494073,0.00011501895172494073
2.266,0.014199239313241484,0.0001380078935167955,0.00011515691031498648,0.00011515691031498648
2.267,0.014203238854275853,0.00013810651502671698,0.00011529496751780198,0.00011529496751780198
2.2680000000000002,0.014207236914273011,0.00013820515400384166,0.00011543312335086232,0.00011543312335086232
2.269,0.01421123349378139,0.00013830381043239415,0.00011557137783162682,0.00011557137783162682
2.27,0.014215228593349215,0.00013840248429660646,0.00011570973097753901,0.00011570973097753901
2.271,0.014219222213524512,0.00013850117558071804,0.00011584818280602667,0.00011584818280602667
2.2720000000000002,0.014223214354855103,0.0001385998842689758,0.00011598673333450183,0.00011598673333450183
2.273,0.014227205017888607,0.0001386986103456341,0.00011612538258036076,0.00011612538258036076
2.274,0.01423119420317244,0.0001387973537949547,0.00011626413056098399,0.00011626413056098399
2.275,0.014235181911253813,0.0001388961146012068,0.00011640297729373632,0.00011640297729373632
2.2760000000000002,0.01423916814267974,0.00013899489274866707,0.00011654192279596682,0.00011654192279596682
2.277,0.014243152897997026,0.00013909368822161952,0.00011668096708500882,0.00011668096708500882
2.278,0.014247136177752279,0.00013919250100435566,0.00011682011017817998,0.00011682011017817998
2.279,0.014251117982491903,0.00013929133108117438,0.00011695935209278223,0.00011695935209278223
2.2800000000000002,0.014255098312762097,0.00013939017843638202,0.0001170986928461018,0.0001170986928461018
2.281,0.014259077169108859,0.0001394890430542923,0.00011723813245540924,0.00011723813245540924
2.282,0.014263054552077988,0.00013958792491922635,0.00011737767093795939,0.00011737767093795939
2.283,0.014267030462215077,0.0001396868240155127,0.00011751730831099146,0.00011751730831099146
2.2840000000000003,0.014271004900065519,0.00013978574032748735,0.00011765704459172898,0.00011765704459172898
2.285,0.014274977866174503,0.00013988467383949362,0.00011779687979737979,0.00011779687979737979
2.286,0.014278949361087019,0.00013998362453588226,0.0001179368139451361,0.0001179368139451361
2.287,0.014282919385347852,0.00014008259240101142,0.00011807684705217447,0.00011807684705217447
2.2880000000000003,0.01428688793950159,0.00014018157741924663,0.00011821697913565582,0.00011821697913565582
2.289,0.014290855024092611,0.0001402805795749608,0.00011835721021272546,0.00011835721021272546
2.29,0.014294820639665102,0.00014037959885253429,0.00011849754030051303,0.00011849754030051303
2.291,0.01429878478676304,0.00014047863523635473,0.00011863796941613261,0.00011863796941613261
2.2920000000000003,0.014302747465930207,0.00014057768871081724,0.00011877849757668262,0.00011877849757668262
2.293,0.014306708677710177,0.00014067675926032424,0.00011891912479924592,0.00011891912479924592
2.294,0.014310668422646328,0.00014077584686928557,0.00011905985110088976,0.00011905985110088976
2.295,0.014314626701281833,0.00014087495152211843,0.00011920067649866579,0.00011920067649866579
2.2960000000000003,0.014318583514159669,0.00014097407320324737,0.00011934160100961009,0.00011934160100961009
2.297,0.014322538861822606,0.00014107321189710435,0.00011948262465074319,0.00011948262465074319
2.298,0.014326492744813216,0.00014117236758812862,0.00011962374743907003,0.00011962374743907003
2.299,0.01433044516367387,0.00014127154026076684,0.00011976496939157999,0.00011976496939157999
2.3000000000000003,0.014334396118946739,0.000141370729899473,0.00011990629052524691,0.00011990629052524691
2.301,0.014338345611173791,0.0001414699364887085,0.00012004771085702911,0.00012004771085702911
2.302,0.014342293640896795,0.00014156916001294197,0.00012018923040386933,0.00012018923040386933
2.303,0.014346240208657319,0.00014166840045664952,0.00012033084918269482,0.00012033084918269482
2.3040000000000003,0.01435018531499673,0.00014176765780431452,0.00012047256721041729,0.00012047256721041729
2.305,0.014354128960456194,0.0001418669320404277,0.00012061438450393293,0.00012061438450393293
2.306,0.014358071145576681,0.00014196622314948719,0.00012075630108012246,0.00012075630108012246
2.307,0.014362011870898953,0.00014206553111599832,0.00012089831695585106,0.00012089831695585106
2.308,0.014365951136963578,0.0001421648559244739,0.00012104043214796844,0.00012104043214796844
2.309,0.01436988894431092,0.00014226419755943395,0.00012118264667330883,0.00012118264667330883
2.31,0.014373825293481147,0.0001423635560054059,0.00012132496054869098,0.00012132496054869098
2.311,0.014377760185014223,0.00014246293124692443,0.00012146737379091816,0.00012146737379091816
2.312,0.014381693619449914,0.00014256232326853162,0.00012160988641677819,0.00012160988641677819
2.313,0.014385625597327785,0.0001426617320547768,0.00012175249844304343,0.00012175249844304343
2.314,0.014389556119187203,0.00014276115759021666,0.0001218952098864708,0.0001218952098864708
2.315,0.014393485185567335,0.00014286059985941515,0.00012203802076380178,0.00012203802076380178
2.316,0.014397412797007146,0.00014296005884694357,0.00012218093109176242,0.00012218093109176242
2.317,0.014401338954045403,0.00014305953453738052,0.0001223239408870633,0.0001223239408870633
2.318,0.014405263657220675,0.00014315902691531187,0.00012246705016639967,0.00012246705016639967
2.319,0.014409186907071329,0.00014325853596533085,0.0001226102589464513,0.0001226102589464513
2.32,0.014413108704135534,0.00014335806167203792,0.00012275356724388256,0.00012275356724388256
2.321,0.01441702904895126,0.0001434576040200409,0.00012289697507534246,0.00012289697507534246
2.322,0.014420947942056275,0.0001435571629939548,0.00012304048245746462,0.00012304048245746462
2.323,0.014424865383988152,0.00014365673857840203,0.00012318408940686722,0.00012318408940686722
2.324,0.014428781375284264,0.00014375633075801222,0.00012332779594015315,0.00012332779594015315
2.325,0.014432695916481782,0.0001438559395174223,0.00012347160207390985,0.00012347160207390985
2.326,0.01443660900811768,0.00014395556484127645,0.00012361550782470946,0.00012361550782470946
2.327,0.014440520650728735,0.00014405520671422617,0.00012375951320910876,0.00012375951320910876
2.328,0.014444430844851521,0.0001441548651209302,0.00012390361824364917,0.00012390361824364917
2.329,0.01444833959102242,0.00014425454004605455,0.00012404782294485678,0.00012404782294485678
2.33,0.014452246889777606,0.00014435423147427252,0.00012419212732924233,0.00012419212732924233
2.331,0.014456152741653064,0.00014445393939026467,0.00012433653141330126,0.00012433653141330126
2.332,0.014460057147184572,0.00014455366377871877,0.00012448103521351368,0.00012448103521351368
2.333,0.014463960106907717,0.0001446534046243299,0.00012462563874634443,0.00012462563874634443
2.334,0.014467861621357884,0.00014475316191180042,0.00012477034202824298,0.00012477034202824298
2.335,0.01447176169107026,0.00014485293562583985,0.00012491514507564355,0.00012491514507564355
2.336,0.014475660316579833,0.00014495272575116503,0.00012506004790496507,0.00012506004790496507
2.337,0.014479557498421395,0.00014505253227250003,0.0001252050505326112,0.0001252050505326112
2.338,0.014483453237129539,0.00014515235517457617,0.0001253501529749703,0.0001253501529749703
2.339,0.014487347533238657,0.00014525219444213198,0.0001254953552484155,0.0001254953552484155
2.34,0.01449124038728295,0.00014535205005991326,0.00012564065736930463,0.00012564065736930463
2.341,0.014495131799796415,0.00014545192201267302,0.0001257860593539803,0.0001257860593539803
2.342,0.014499021771312853,0.0001455518102851715,0.00012593156121876989,0.00012593156121876989
2.343,0.01450291030236587,0.0001456517148621762,0.00012607716297998548,0.00012607716297998548
2.344,0.01450679739348887,0.00014575163572846177,0.000126222864653924,0.000126222864653924
2.345,0.014510683045215063,0.0001458515728688102,0.0001263686662568671,0.0001263686662568671
2.346,0.01451456725807746,0.0001459515262680106,0.00012651456780508123,0.00012651456780508123
2.347,0.014518450032608874,0.00014605149591085935,0.00012666056931481766,0.00012666056931481766
2.348,0.014522331369341923,0.00014615148178216,0.00012680667080231244,0.00012680667080231244
2.349,0.014526211268809024,0.00014625148386672332,0.0001269528722837864,0.0001269528722837864
2.35,0.0145300897315424,0.00014635150214936733,0.00012709917377544524,0.00012709917377544524
2.351,0.014533966758074078,0.0001464515366149172,0.00012724557529347945,0.00012724557529347945
2.352,0.014537842348935884,0.00014655158724820536,0.00012739207685406433,0.00012739207685406433
2.353,0.014541716504659451,0.00014665165403407137,0.00012753867847336005,0.00012753867847336005
2.354,0.014545589225776211,0.00014675173695736203,0.00012768538016751162,0.00012768538016751162
2.355,0.014549460512817403,0.0001468518360029313,0.00012783218195264886,0.00012783218195264886
2.356,0.014553330366314067,0.00014695195115564037,0.0001279790838448865,0.0001279790838448865
2.357,0.014557198786797048,0.0001470520824003576,0.00012812608586032414,0.00012812608586032414
2.358,0.014561065774796994,0.00014715222972195853,0.0001282731880150462,0.0001282731880150462
2.359,0.014564931330844353,0.00014725239310532588,0.000128420390325122,0.000128420390325122
2.36,0.014568795455469383,0.00014735257253534954,0.00012856769280660574,0.00012856769280660574
2.361,0.01457265814920214,0.0001474527679969266,0.00012871509547553655,0.00012871509547553655
2.362,0.014576519412572488,0.00014755297947496127,0.00012886259834793843,0.00012886259834793843
2.363,0.014580379246110092,0.00014765320695436503,0.00012901020143982027,0.00012901020143982027
2.364,0.01458423765034442,0.0001477534504200564,0.00012915790476717592,0.00012915790476717592
2.365,0.014588094625804748,0.00014785370985696117,0.00012930570834598413,0.00012930570834598413
2.366,0.014591950173020151,0.00014795398525001223,0.00012945361219220857,0.00012945361219220857
2.367,0.014595804292519513,0.00014805427658414963,0.00012960161632179785,0.00012960161632179785
2.368,0.014599656984831517,0.0001481545838443206,0.00012974972075068553,0.00012974972075068553
2.369,0.014603508250484657,0.0001482549070154795,0.00012989792549479015,0.00012989792549479015
2.37,0.014607358090007225,0.00014835524608258784,0.00013004623057001516,0.00013004623057001516
2.371,0.01461120650392732,0.0001484556010306143,0.00013019463599224897,0.00013019463599224897
2.372,0.014615053492772844,0.00014855597184453467,0.00013034314177736502,0.00013034314177736502
2.373,0.014618899057071507,0.00014865635850933192,0.00013049174794122167,0.00013049174794122167
2.374,0.014622743197350819,0.0001487567610099961,0.0001306404544996623,0.0001306404544996623
2.375,0.014626585914138098,0.00014885717933152442,0.0001307892614685153,0.0001307892614685153
2.376,0.014630427207960464,0.00014895761345892127,0.000130938168863594,0.000130938168863594
2.3770000000000002,0.014634267079344848,0.00014905806337719808,0.00013108717670069677,0.00013108717670069677
2.378,0.014638105528817977,0.0001491585290713735,0.00013123628499560702,0.00013123628499560702
2.379,0.014641942556906389,0.00014925901052647322,0.00013138549376409315,0.00013138549376409315
2.38,0.014645778164136425,0.00014935950772753008,0.00013153480302190862,0.00013153480302190862
2.3810000000000002,0.01464961235103423,0.00014946002065958404,0.00013168421278479187,0.00013168421278479187
2.382,0.014653445118125758,0.00014956054930768218,0.00013183372306846647,0.00013183372306846647
2.383,0.014657276465936765,0.00014966109365687868,0.00013198333388864095,0.00013198333388864095
2.384,0.014661106394992813,0.00014976165369223483,0.00013213304526100896,0.00013213304526100896
2.3850000000000002,0.014664934905819268,0.00014986222939881901,0.00013228285720124917,0.00013228285720124917
2.386,0.014668761998941305,0.00014996282076170674,0.00013243276972502537,0.00013243276972502537
2.387,0.014672587674883901,0.0001500634277659806,0.0001325827828479864,0.0001325827828479864
2.388,0.014676411934171843,0.0001501640503967303,0.00013273289658576618,0.00013273289658576618
2.3890000000000002,0.014680234777329717,0.00015026468863905263,0.00013288311095398372,0.00013288311095398372
2.39,0.01468405620488192,0.00015036534247805144,0.00013303342596824317,0.00013303342596824317
2.391,0.014687876217352654,0.00015046601189883772,0.00013318384164413374,0.00013318384164413374
2.392,0.014691694815265926,0.0001505666968865295,0.0001333343579972298,0.0001333343579972298
2.3930000000000002,0.014695511999145549,0.00015066739742625193,0.0001334849750430908,0.0001334849750430908
2.394,0.01469932776951514,0.0001507681135031372,0.00013363569279726135,0.00013363569279726135
2.395,0.014703142126898128,0.0001508688451023246,0.00013378651127527117,0.00013378651127527117
2.396,0.014706955071817742,0.00015096959220896048,0.00013393743049263515,0.00013393743049263515
2.3970000000000002,0.01471076660479702,0.00015107035480819829,0.0001340884504648533,0.0001340884504648533
2.398,0.014714576726358806,0.0001511711328851985,0.0001342395712074108,0.0001342395712074108
2.399,0.014718385437025753,0.0001512719264251287,0.000134390792735778,0.000134390792735778
2.4,0.014722192737320314,0.00015137273541316346,0.00013454211506541043,0.00013454211506541043
2.4010000000000002,0.014725998627764756,0.0001514735598344845,0.00013469353821174876,0.00013469353821174876
2.402,0.014729803108881147,0.00015157439967428054,0.00013484506219021888,0.00013484506219021888
2.403,0.014733606181191364,0.00015167525491774738,0.00013499668701623187,0.00013499668701623187
2.404,0.01473740784521709,0.00015177612555008788,0.000135148412705184,0.000135148412705184
2.4050000000000002,0.014741208101479816,0.0001518770115565119,0.00013530023927245673,0.00013530023927245673
2.406,0.01474500695050084,0.00015197791292223637,0.00013545216673341678,0.00013545216673341678
2.407,0.014748804392801263,0.00015207882963248526,0.00013560419510341603,0.00013560419510341603
2.408,0.014752600428901998,0.00015217976167248957,0.00013575632439779165,0.00013575632439779165
2.4090000000000003,0.014756395059323765,0.00015228070902748736,0.000135908554631866,0.000135908554631866
2.41,0.014760188284587087,0.0001523816716827237,0.0001360608858209467,0.0001360608858209467
2.411,0.014763980105212298,0.00015248264962345072,0.0001362133179803266,0.0001362133179803266
2.412,0.014767770521719537,0.00015258364283492751,0.00013636585112528386,0.00013636585112528386
2.4130000000000003,0.014771559534628753,0.00015268465130242027,0.0001365184852710818,0.0001365184852710818
2.414,0.014775347144459699,0.00015278567501120216,0.00013667122043296913,0.00013667122043296913
2.415,0.014779133351731939,0.00015288671394655338,0.00013682405662617973,0.00013682405662617973
2.416,0.014782918156964841,0.00015298776809376114,0.00013697699386593286,0.00013697699386593286
2.4170000000000003,0.014786701560677585,0.00015308883743811967,0.00013713003216743298,0.00013713003216743298
2.418,0.014790483563389155,0.0001531899219649302,0.0001372831715458699,0.0001372831715458699
2.419,0.014794264165618343,0.000153291021659501,0.00013743641201641876,0.00013743641201641876
2.42,0.014798043367883753,0.00015339213650714727,0.00013758975359423994,0.00013758975359423994
2.4210000000000003,0.014801821170703793,0.0001534932664931913,0.0001377431962944792,0.0001377431962944792
2.422,0.01480559757459668,0.00015359441160296233,0.00013789674013226758,0.00013789674013226758
2.423,0.014809372580080438,0.0001536955718217966,0.00013805038512272147,0.00013805038512272147
2.424,0.014813146187672903,0.0001537967471350373,0.00013820413128094264,0.00013820413128094264
2.4250000000000003,0.014816918397891714,0.0001538979375280347,0.00013835797862201814,0.00013835797862201814
2.426,0.014820689211254323,0.000153999142986146,0.00013851192716102042,0.00013851192716102042
2.427,0.014824458628277987,0.00015410036349473537,0.00013866597691300725,0.00013866597691300725
2.428,0.014828226649479774,0.00015420159903917403,0.00013882012789302183,0.00013882012789302183
2.4290000000000003,0.014831993275376558,0.0001543028496048401,0.00013897438011609267,0.00013897438011609267
2.43,0.014835758506485025,0.00015440411517711873,0.00013912873359723371,0.00013912873359723371
2.431,0.014839522343321665,0.000154505395741402,0.00013928318835144425,0.00013928318835144425
2.432,0.014843284786402781,0.00015460669128308902,0.00013943774439370899,0.00013943774439370899
2.433,0.014847045836244483,0.00015470800178758577,0.00013959240173899804,0.00013959240173899804
2.434,0.01485080549336269,0.0001548093272403053,0.0001397471604022669,0.0001397471604022669
2.435,0.014854563758273128,0.00015491066762666757,0.00013990202039845651,0.00013990202039845651
2.436,0.014858320631491336,0.00015501202293209947,0.00014005698174249324,0.00014005698174249324
2.437,0.01486207611353266,0.0001551133931420349,0.00014021204444928886,0.00014021204444928886
2.438,0.014865830204912257,0.0001552147782419147,0.00014036720853374062,0.00014036720853374062
2.439,0.014869582906145089,0.0001553161782171866,0.00014052247401073116,0.00014052247401073116
2.44,0.014873334217745931,0.00015541759305330536,0.00014067784089512862,0.00014067784089512862
2.441,0.014877084140229365,0.00015551902273573266,0.00014083330920178656,0.00014083330920178656
2.442,0.014880832674109785,0.0001556204672499371,0.00014098887894554402,0.00014098887894554402
2.443,0.014884579819901394,0.00015572192658139423,0.00014114455014122552,0.00014114455014122552
2.444,0.014888325578118202,0.00015582340071558656,0.00014130032280364104,0.00014130032280364104
2.445,0.01489206994927403,0.00015592488963800348,0.0001414561969475861,0.0001414561969475861
2.446,0.01489581293388251,0.00015602639333414133,0.00014161217258784164,0.00014161217258784164
2.447,0.014899554532457084,0.0001561279117895034,0.00014176824973917413,0.00014176824973917413
2.448,0.014903294745511001,0.0001562294449895999,0.00014192442841633556,0.00014192442841633556
2.449,0.014907033573557323,0.00015633099291994794,0.00014208070863406342,0.00014208070863406342
2.45,0.014910771017108922,0.00015643255556607155,0.00014223709040708072,0.00014223709040708072
2.451,0.014914507076678477,0.0001565341329135017,0.000142393573750096,0.000142393573750096
2.452,0.014918241752778477,0.00015663572494777628,0.00014255015867780334,0.00014255015867780334
2.453,0.014921975045921227,0.00015673733165444002,0.00014270684520488236,0.00014270684520488236
2.454,0.014925706956618838,0.00015683895301904464,0.0001428636333459982,0.0001428636333459982
2.455,0.01492943748538323,0.00015694058902714872,0.0001430205231158016,0.0001430205231158016
2.456,0.014933166632726137,0.00015704223966431775,0.00014317751452892885,0.00014317751452892885
2.457,0.0149368943991591,0.00015714390491612413,0.00014333460760000179,0.00014333460760000179
2.458,0.014940620785193476,0.00015724558476814713,0.00014349180234362783,0.00014349180234362783
2.459,0.014944345791340425,0.00015734727920597294,0.00014364909877440002,0.00014364909877440002
2.46,0.014948069418110924,0.00015744898821519463,0.0001438064969068969,0.0001438064969068969
2.461,0.014951791666015759,0.00015755071178141214,0.00014396399675568273,0.00014396399675568273
2.462,0.014955512535565525,0.00015765244989023231,0.00014412159833530726,0.00014412159833530726
2.463,0.01495923202727063,0.0001577542025272689,0.00014427930166030593,0.00014427930166030593
2.464,0.014962950141641292,0.00015785596967814248,0.00014443710674519976,0.00014443710674519976
2.465,0.01496666687918754,0.00015795775132848054,0.00014459501360449537,0.00014459501360449537
2.466,0.014970382240419217,0.00015805954746391746,0.0001447530222526851,0.0001447530222526851
2.467,0.014974096225845971,0.00015816135807009441,0.0001449111327042468,0.0001449111327042468
2.468,0.014977808835977269,0.00015826318313265952,0.00014506934497364408,0.00014506934497364408
2.469,0.014981520071322382,0.00015836502263726773,0.00014522765907532613,0.00014522765907532613
2.47,0.014985229932390397,0.00015846687656958087,0.00014538607502372785,0.00014538607502372785
2.471,0.014988938419690212,0.00015856874491526762,0.00014554459283326975,0.00014554459283326975
2.472,0.014992645533730534,0.00015867062766000348,0.00014570321251835807,0.00014570321251835807
2.473,0.014996351275019887,0.00015877252478947086,0.00014586193409338468,0.00014586193409338468
2.474,0.0150000556440666,0.000158874436289359,0.00014602075757272714,0.00014602075757272714
2.475,0.015003758641378817,0.000158976362145364,0.00014617968297074875,0.00014617968297074875
2.476,0.015007460267464495,0.00015907830234318879,0.00014633871030179848,0.00014633871030179848
2.477,0.015011160522831402,0.00015918025686854312,0.00014649783958021098,0.00014649783958021098
2.478,0.015014859407987117,0.00015928222570714363,0.00014665707082030664,0.00014665707082030664
2.479,0.01501855692343903,0.00015938420884471376,0.00014681640403639158,0.00014681640403639158
2.48,0.015022253069694347,0.0001594862062669838,0.00014697583924275763,0.00014697583924275763
2.481,0.015025947847260083,0.00015958821795969085,0.00014713537645368236,0.00014713537645368236
2.482,0.015029641256643066,0.0001596902439085789,0.00014729501568342906,0.00014729501568342906
2.483,0.015033333298349936,0.00015979228409939867,0.00014745475694624683,0.00014745475694624683
2.484,0.015037023972887148,0.00015989433851790777,0.00014761460025637042,0.00014761460025637042
2.485,0.015040713280760966,0.00015999640714987063,0.00014777454562802045,0.00014777454562802045
2.486,0.015044401222477468,0.00016009848998105845,0.00014793459307540325,0.00014793459307540325
2.487,0.015048087798542545,0.0001602005869972493,0.00014809474261271092,0.00014809474261271092
2.488,0.0150517730094619,0.00016030269818422804,0.00014825499425412134,0.00014825499425412134
2.489,0.015055456855741048,0.00016040482352778633,0.00014841534801379822,0.00014841534801379822
2.49,0.015059139337885318,0.00016050696301372265,0.00014857580390589104,0.00014857580390589104
2.491,0.015062820456399853,0.0001606091166278423,0.00014873636194453506,0.00014873636194453506
2.492,0.015066500211789605,0.0001607112843559573,0.0001488970221438514,0.0001488970221438514
2.493,0.015070178604559344,0.00016081346618388657,0.0001490577845179469,0.0001490577845179469
2.494,0.01507385563521365,0.00016091566209745577,0.00014921864908091438,0.00014921864908091438
2.495,0.015077531304256916,0.00016101787208249734,0.00014937961584683232,0.00014937961584683232
2.496,0.01508120561219335,0.00016112009612485057,0.00014954068482976514,0.00014954068482976514
2.497,0.015084878559526971,0.00016122233421036146,0.00014970185604376308,0.00014970185604376308
2.498,0.015088550146761614,0.00016132458632488287,0.0001498631295028622,0.0001498631295028622
2.499,0.015092220374400925,0.00016142685245427437,0.00015002450522108446,0.00015002450522108446
2.5,0.015095889242948366,0.00016152913258440238,0.00015018598321243765,0.00015018598321243765
2.501,0.015099556752907209,0.00016163142670114002,0.00015034756349091547,0.00015034756349091547
2.5020000000000002,0.015103222904780543,0.00016173373479036723,0.00015050924607049743,0.00015050924607049743
2.503,0.01510688769907127,0.00016183605683797072,0.000150671030965149,0.000150671030965149
2.504,0.015110551136282105,0.00016193839282984396,0.00015083291818882147,0.00015083291818882147
2.505,0.015114213216915577,0.0001620407427518872,0.00015099490775545208,0.00015099490775545208
2.5060000000000002,0.01511787394147403,0.0001621431065900074,0.00015115699967896393,0.00015115699967896393
2.507,0.015121533310459618,0.00016224548433011832,0.00015131919397326607,0.00015131919397326607
2.508,0.015125191324374315,0.0001623478759581405,0.00015148149065225347,0.00015148149065225347
2.509,0.015128847983719905,0.00016245028146000116,0.00015164388972980697,0.00015164388972980697
2.5100000000000002,0.015132503288997987,0.00016255270082163434,0.0001518063912197934,0.0001518063912197934
2.511,0.015136157240709975,0.0001626551340289808,0.00015196899513606548,0.00015196899513606548
2.512,0.015139809839357098,0.00016275758106798805,0.0001521317014924619,0.0001521317014924619
2.513,0.015143461085440398,0.00016286004192461032,0.0001522945103028073,0.0001522945103028073
2.5140000000000002,0.015147110979460731,0.0001629625165848086,0.00015245742158091232,0.00015245742158091232
2.515,0.015150759521918768,0.00016306500503455063,0.00015262043534057344,0.00015262043534057344
2.516,0.015154406713314996,0.00016316750725981088,0.00015278355159557326,0.00015278355159557326
2.517,0.015158052554149716,0.00016327002324657052,0.00015294677035968023,0.00015294677035968023
2.5180000000000002,0.015161697044923041,0.00016337255298081748,0.00015311009164664888,0.00015311009164664888
2.519,0.015165340186134904,0.0001634750964485464,0.0001532735154702197,0.0001532735154702197
2.52,0.015168981978285048,0.00016357765363575865,0.00015343704184411915,0.00015343704184411915
2.521,0.015172622421873033,0.00016368022452846232,0.00015360067078205972,0.00015360067078205972
2.5220000000000002,0.015176261517398235,0.00016378280911267222,0.0001537644022977399,0.0001537644022977399
2.523,0.015179899265359844,0.00016388540737440987,0.00015392823640484425,0.00015392823640484425
2.524,0.015183535666256865,0.00016398801929970352,0.00015409217311704326,0.00015409217311704326
2.525,0.015187170720588119,0.0001640906448745881,0.00015425621244799352,0.00015425621244799352
2.5260000000000002,0.01519080442885224,0.00016419328408510524,0.00015442035441133765,0.00015442035441133765
2.527,0.015194436791547682,0.00016429593691730333,0.0001545845990207043,0.0001545845990207043
2.528,0.015198067809172709,0.0001643986033572374,0.00015474894628970818,0.00015474894628970818
2.529,0.015201697482225402,0.0001645012833909692,0.00015491339623195004,0.00015491339623195004
2.5300000000000002,0.015205325811203662,0.00016460397700456718,0.00015507794886101674,0.00015507794886101674
2.531,0.0152089527966052,0.00016470668418410648,0.00015524260419048116,0.00015524260419048116
2.532,0.015212578438927545,0.00016480940491566895,0.0001554073622339023,0.0001554073622339023
2.533,0.015216202738668042,0.0001649121391853431,0.00015557222300482523,0.00015557222300482523
2.5340000000000003,0.01521982569632385,0.00016501488697922412,0.00015573718651678108,0.00015573718651678108
2.535,0.015223447312391948,0.0001651176482834139,0.0001559022527832871,0.0001559022527832871
2.536,0.015227067587369128,0.00016522042308402102,0.0001560674218178467,0.0001560674218178467
2.537,0.015230686521751996,0.00016532321136716072,0.00015623269363394934,0.00015623269363394934
2.5380000000000003,0.015234304116036977,0.00016542601311895488,0.0001563980682450706,0.0001563980682450706
2.539,0.015237920370720314,0.00016552882832553213,0.0001565635456646722,0.0001565635456646722
2.54,0.015241535286298062,0.0001656316569730277,0.00015672912590620198,0.00015672912590620198
2.541,0.015245148863266094,0.00016573449904758349,0.00015689480898309393,0.00015689480898309393
2.5420000000000003,0.0152487611021201,0.0001658373545353481,0.0001570605949087682,0.0001570605949087682
2.543,0.015252372003355587,0.00016594022342247678,0.0001572264836966311,0.0001572264836966311
2.544,0.015255981567467877,0.00016604310569513144,0.00015739247536007502,0.00015739247536007502
2.545,0.015259589794952108,0.0001661460013394806,0.0001575585699124786,0.0001575585699124786
2.5460000000000003,0.015263196686303238,0.00016624891034169948,0.0001577247673672066,0.0001577247673672066
2.547,0.015266802242016037,0.00016635183268796995,0.00015789106773761,0.00015789106773761
2.548,0.015270406462585095,0.00016645476836448048,0.00015805747103702595,0.00015805747103702595
2.549,0.01527400934850482,0.00016655771735742624,0.00015822397727877777,0.00015822397727877777
2.5500000000000003,0.015277610900269432,0.000166660679653009,0.000158390586476175,0.000158390586476175
2.551,0.015281211118372974,0.0001667636552374372,0.0001585572986425134,0.0001585572986425134
2.552,0.0152848100033093,0.00016686664409692588,0.0001587241137910749,0.0001587241137910749
2.553,0.015288407555572087,0.00016696964621769675,0.00015889103193512767,0.00015889103193512767
2.5540000000000003,0.015292003775654825,0.00016707266158597813,0.00015905805308792613,0.00015905805308792613
2.555,0.015295598664050824,0.00016717569018800496,0.00015922517726271087,0.00015922517726271087
2.556,0.015299192221253206,0.0001672787320100188,0.00015939240447270878,0.00015939240447270878
2.557,0.01530278444775492,0.00016738178703826787,0.00015955973473113298,0.00015955973473113298
2.5580000000000003,0.015306375344048722,0.00016748485525900695,0.00015972716805118283,0.00015972716805118283
2.559,0.015309964910627194,0.0001675879366584975,0.00015989470444604392,0.00015989470444604392
2.56,0.015313553147982729,0.00016769103122300758,0.00016006234392888815,0.00016006234392888815
2.561,0.015317140056607543,0.00016779413893881182,0.0001602300865128737,0.0001602300865128737
2.562,0.015320725636993666,0.00016789725979219147,0.00016039793221114498,0.00016039793221114498
2.563,0.015324309889632948,0.00016800039376943442,0.0001605658810368327,0.0001605658810368327
2.564,0.015327892815017057,0.00016810354085683516,0.0001607339330030539,0.0001607339330030539
2.565,0.015331474413637474,0.00016820670104069474,0.00016090208812291187,0.00016090208812291187
2.566,0.015335054685985507,0.00016830987430732083,0.00016107034640949622,0.00016107034640949622
2.567,0.015338633632552274,0.0001684130606430277,0.00016123870787588287,0.00016123870787588287
2.568,0.015342211253828715,0.00016851626003413622,0.00016140717253513407,0.00016140717253513407
2.569,0.015345787550305585,0.0001686194724669738,0.00016157574040029837,0.00016157574040029837
2.57,0.015349362522473464,0.0001687226979278745,0.0001617444114844107,0.0001617444114844107
2.571,0.015352936170822742,0.00016882593640317895,0.00016191318580049225,0.00016191318580049225
2.572,0.015356508495843635,0.00016892918787923431,0.00016208206336155062,0.00016208206336155062
2.573,0.015360079498026171,0.0001690324523423944,0.00016225104418057974,0.00016225104418057974
2.574,0.0153636491778602,0.00016913572977901952,0.0001624201282705599,0.0001624201282705599
2.575,0.015367217535835392,0.00016923902017547664,0.00016258931564445774,0.00016258931564445774
2.576,0.015370784572441232,0.00016934232351813923,0.00016275860631522626,0.00016275860631522626
2.577,0.015374350288167025,0.00016944563979338738,0.00016292800029580487,0.00016292800029580487
2.578,0.015377914683501897,0.0001695489689876077,0.00016309749759911934,0.00016309749759911934
2.579,0.01538147775893479,0.0001696523110871934,0.00016326709823808185,0.00016326709823808185
2.58,0.015385039514954466,0.00016975566607854418,0.00016343680222559098,0.00016343680222559098
2.581,0.015388599952049506,0.0001698590339480664,0.00016360660957453167,0.00016360660957453167
2.582,0.015392159070708311,0.00016996241468217291,0.00016377652029777532,0.00016377652029777532
2.583,0.0153957168714191,0.00017006580826728313,0.0001639465344081797,0.0001639465344081797
2.584,0.015399273354669911,0.000170169214689823,0.00016411665191858903,0.00016411665191858903
2.585,0.0154028285209486,0.00017027263393622506,0.00016428687284183397,0.00016428687284183397
2.586,0.015406382370742848,0.00017037606599292835,0.00016445719719073159,0.00016445719719073159
2.587,0.015409934904540148,0.00017047951084637846,0.0001646276249780854,0.0001646276249780854
2.588,0.015413486122827818,0.0001705829684830275,0.0001647981562166854,0.0001647981562166854
2.589,0.015417036026092994,0.0001706864388893342,0.00016496879091930803,0.00016496879091930803
2.59,0.015420584614822631,0.00017078992205176368,0.00016513952909871614,0.00016513952909871614
2.591,0.015424131889503503,0.00017089341795678773,0.0001653103707676591,0.0001653103707676591
2.592,0.015427677850622204,0.00017099692659088456,0.00016548131593887273,0.00016548131593887273
2.593,0.015431222498665149,0.00017110044794053898,0.00016565236462507936,0.00016565236462507936
2.594,0.015434765834118572,0.0001712039819922423,0.00016582351683898781,0.00016582351683898781
2.595,0.01543830785746853,0.00017130752873249235,0.00016599477259329336,0.00016599477259329336
2.596,0.015441848569200894,0.00017141108814779346,0.0001661661319006778,0.0001661661319006778
2.597,0.01544538796980136,0.00017151466022465647,0.00016633759477380946,0.00016633759477380946
2.598,0.015448926059755442,0.00017161824494959875,0.00016650916122534315,0.00016650916122534315
2.599,0.015452462839548474,0.0001717218423091442,0.0001666808312679202,0.0001666808312679202
2.6,0.015455998309665613,0.00017182545228982318,0.00016685260491416847,0.00016685260491416847
2.601,0.015459532470591833,0.00017192907487817256,0.0001670244821767024,0.0001670244821767024
2.602,0.015463065322811928,0.00017203271006073576,0.0001671964630681229,0.0001671964630681229
2.603,0.015466596866810517,0.00017213635782406265,0.00016736854760101747,0.00016736854760101747
2.604,0.015470127103072035,0.0001722400181547096,0.00016754073578796014,0.00016754073578796014
2.605,0.015473656032080741,0.0001723436910392395,0.00016771302764151153,0.00016771302764151153
2.606,0.015477183654320712,0.00017244737646422166,0.00016788542317421878,0.00016788542317421878
2.607,0.015480709970275848,0.000172551074416232,0.00016805792239861565,0.00016805792239861565
2.608,0.015484234980429867,0.00017265478488185282,0.00016823052532722246,0.00016823052532722246
2.609,0.01548775868526631,0.00017275850784767292,0.0001684032319725461,0.0001684032319725461
2.61,0.015491281085268538,0.0001728622433002876,0.00016857604234708006,0.00016857604234708006
2.611,0.015494802180919734,0.00017296599122629865,0.00016874895646330445,0.00016874895646330445
2.612,0.015498321972702902,0.0001730697516123143,0.000168921974333686,0.000168921974333686
2.613,0.015501840461100865,0.0001731735244449493,0.00016909509597067796,0.00016909509597067796
2.614,0.01550535764659627,0.00017327730971082478,0.0001692683213867203,0.0001692683213867203
2.615,0.015508873529671586,0.00017338110739656843,0.00016944165059423958,0.00016944165059423958
2.616,0.015512388110809098,0.00017348491748881437,0.00016961508360564896,0.00016961508360564896
2.617,0.01551590139049092,0.00017358873997420316,0.00016978862043334826,0.00016978862043334826
2.618,0.01551941336919898,0.00017369257483938183,0.00016996226108972396,0.00016996226108972396
2.619,0.01552292404741503,0.00017379642207100387,0.00017013600558714916,0.00017013600558714916
2.62,0.015526433425620649,0.00017390028165572923,0.00017030985393798366,0.00017030985393798366
2.621,0.01552994150429723,0.0001740041535802243,0.00017048380615457387,0.00017048380615457387
2.622,0.01553344828392599,0.00017410803783116194,0.0001706578622492529,0.0001706578622492529
2.623,0.015536953764987971,0.0001742119343952214,0.00017083202223434056,0.00017083202223434056
2.624,0.015540457947964034,0.00017431584325908843,0.00017100628612214328,0.00017100628612214328
2.625,0.015543960833334862,0.00017441976440945518,0.00017118065392495422,0.00017118065392495422
2.626,0.01554746242158096,0.0001745236978330203,0.00017135512565505325,0.00017135512565505325
2.6270000000000002,0.015550962713182659,0.00017462764351648875,0.0001715297013247069,0.0001715297013247069
2.628,0.015554461708620106,0.00017473160144657206,0.00017170438094616844,0.00017170438094616844
2.629,0.015557959408373272,0.00017483557160998813,0.00017187916453167783,0.00017187916453167783
2.63,0.015561455812921954,0.00017493955399346125,0.00017205405209346178,0.00017205405209346178
2.6310000000000002,0.015564950922745766,0.0001750435485837222,0.00017222904364373368,0.00017222904364373368
2.632,0.015568444738324147,0.00017514755536750812,0.00017240413919469372,0.00017240413919469372
2.633,0.015571937260136361,0.00017525157433156263,0.00017257933875852879,0.00017257933875852879
2.634,0.01557542848866149,0.00017535560546263573,0.00017275464234741252,0.00017275464234741252
2.6350000000000002,0.015578918424378441,0.0001754596487474838,0.00017293004997350533,0.00017293004997350533
2.636,0.015582407067765942,0.00017556370417286973,0.00017310556164895434,0.00017310556164895434
2.637,0.015585894419302545,0.0001756677717255627,0.0001732811773858935,0.0001732811773858935
2.638,0.015589380479466628,0.00017577185139233838,0.0001734568971964435,0.0001734568971964435
2.6390000000000002,0.015592865248736385,0.0001758759431599788,0.0001736327210927118,0.0001736327210927118
2.64,0.015596348727589837,0.00017598004701527243,0.00017380864908679268,0.00017380864908679268
2.641,0.015599830916504829,0.00017608416294501408,0.00017398468119076717,0.00017398468119076717
2.642,0.015603311815959026,0.000176188290936005,0.00017416081741670312,0.00017416081741670312
2.6430000000000002,0.01560679142642992,0.00017629243097505283,0.0001743370577766552,0.0001743370577766552
2.644,0.01561026974839482,0.00017639658304897157,0.00017451340228266486,0.00017451340228266486
2.645,0.015613746782330865,0.00017650074714458164,0.00017468985094676038,0.00017468985094676038
2.646,0.015617222528715013,0.00017660492324870982,0.00017486640378095686,0.00017486640378095686
2.6470000000000002,0.015620696988024048,0.0001767091113481893,0.00017504306079725625,0.00017504306079725625
2.648,0.015624170160734575,0.00017681331142985958,0.0001752198220076473,0.0001752198220076473
2.649,0.015627642047323025,0.00017691752348056663,0.00017539668742410565,0.00017539668742410565
2.65,0.01563111264826565,0.00017702174748716274,0.00017557365705859373,0.00017557365705859373
2.6510000000000002,0.015634581964038528,0.00017712598343650658,0.0001757507309230609,0.0001757507309230609
2.652,0.01563804999511756,0.0001772302313154632,0.00017592790902944328,0.00017592790902944328
2.653,0.015641516741978466,0.000177334491110904,0.000176105191389664,0.000176105191389664
2.654,0.0156449822050968,0.00017743876280970673,0.00017628257801563288,0.00017628257801563288
2.6550000000000002,0.01564844638494793,0.00017754304639875556,0.0001764600689192468,0.0001764600689192468
2.656,0.01565190928200706,0.00017764734186494094,0.00017663766411238943,0.00017663766411238943
2.657,0.0156553708967492,0.00017775164919515973,0.00017681536360693135,0.00017681536360693135
2.658,0.0156588312296492,0.00017785596837631513,0.00017699316741473007,0.00017699316741473007
2.6590000000000003,0.015662290281181726,0.00017796029939531668,0.00017717107554762995,0.00017717107554762995
2.66,0.015665748051821273,0.00017806464223908027,0.00017734908801746228,0.00017734908801746228
2.661,0.015669204542042157,0.00017816899689452814,0.0001775272048360453,0.0001775272048360453
2.662,0.01567265975231852,0.00017827336334858888,0.0001777054260151842,0.0001777054260151842
2.6630000000000003,0.015676113683124323,0.0001783777415881974,0.00017788375156667103,0.00017788375156667103
2.664,0.01567956633493336,0.00017848213160029494,0.0001780621815022848,0.0001780621815022848
2.665,0.01568301770821925,0.00017858653337182915,0.00017824071583379144,0.00017824071583379144
2.666,0.01568646780345543,0.00017869094688975393,0.00017841935457294392,0.00017841935457294392
2.6670000000000003,0.01568991662111516,0.0001787953721410295,0.0001785980977314821,0.0001785980977314821
2.668,0.01569336416167153,0.0001788998091126225,0.00017877694532113277,0.00017877694532113277
2.669,0.01569681042559746,0.00017900425779150578,0.00017895589735360978,0.00017895589735360978
2.67,0.015700255413365678,0.00017910871816465858,0.00017913495384061387,0.00017913495384061387
2.6710000000000003,0.015703699125448754,0.00017921319021906647,0.00017931411479383283,0.00017931411479383283
2.672,0.015707141562319074,0.0001793176739417213,0.0001794933802249414,0.0001794933802249414
2.673,0.015710582724448856,0.00017942216931962125,0.00017967275014560134,0.00017967275014560134
2.674,0.015714022612310134,0.0001795266763397708,0.0001798522245674614,0.0001798522245674614
2.6750000000000003,0.015717461226374775,0.00017963119498918076,0.00018003180350215732,0.00018003180350215732
2.676,0.015720898567114467,0.00017973572525486822,0.00018021148696131185,0.00018021148696131185
2.677,0.01572433463500072,0.00017984026712385658,0.00018039127495653482,0.00018039127495653482
2.678,0.015727769430504884,0.00017994482058317554,0.00018057116749942303,0.00018057116749942303
2.6790000000000003,0.015731202954098116,0.00018004938561986113,0.0001807511646015603,0.0001807511646015603
2.68,0.01573463520625141,0.00018015396222095565,0.00018093126627451755,0.00018093126627451755
2.681,0.01573806618743558,0.00018025855037350768,0.0001811114725298527,0.0001811114725298527
2.682,0.01574149589812127,0.0001803631500645721,0.00018129178337911072,0.00018129178337911072
2.6830000000000003,0.01574492433877895,0.0001804677612812101,0.0001814721988338237,0.0001814721988338237
2.684,0.01574835150987891,0.00018057238401048912,0.0001816527189055107,0.0001816527189055107
2.685,0.015751777411891273,0.00018067701823948289,0.0001818333436056779,0.0001818333436056779
2.686,0.015755202045285983,0.00018078166395527146,0.00018201407294581858,0.00018201407294581858
2.6870000000000003,0.015758625410532807,0.0001808863211449411,0.00018219490693741308,0.00018219490693741308
2.688,0.01576204750810135,0.0001809909897955844,0.0001823758455919288,0.0001823758455919288
2.689,0.01576546833846103,0.0001810956698943002,0.00018255688892082029,0.00018255688892082029
2.69,0.0157688879020811,0.00018120036142819362,0.00018273803693552915,0.00018273803693552915
2.691,0.015772306199430635,0.00018130506438437602,0.0001829192896474841,0.0001829192896474841
2.692,0.015775723230978537,0.00018140977874996506,0.00018310064706810104,0.00018310064706810104
2.693,0.015779138997193534,0.00018151450451208467,0.00018328210920878288,0.00018328210920878288
2.694,0.01578255349854418,0.000181619241657865,0.00018346367608091977,0.00018346367608091977
2.695,0.015785966735498858,0.00018172399017444245,0.0001836453476958889,0.0001836453476958889
2.696,0.015789378708525776,0.00018182875004895974,0.00018382712406505463,0.00018382712406505463
2.697,0.015792789418092968,0.00018193352126856578,0.0001840090051997685,0.0001840090051997685
2.698,0.015796198864668296,0.00018203830382041575,0.00018419099111136917,0.00018419099111136917
2.699,0.01579960704871945,0.00018214309769167109,0.00018437308181118247,0.00018437308181118247
2.7,0.01580301397071394,0.00018224790286949945,0.00018455527731052137,0.00018455527731052137
2.701,0.015806419631119114,0.00018235271934107476,0.00018473757762068604,0.00018473757762068604
2.702,0.01580982403040214,0.00018245754709357717,0.00018491998275296383,0.00018491998275296383
2.703,0.015813227169030008,0.00018256238611419305,0.00018510249271862925,0.00018510249271862925
2.704,0.015816629047469548,0.00018266723639011505,0.00018528510752894399,0.00018528510752894399
2.705,0.015820029666187407,0.000182772097908542,0.00018546782719515697,0.00018546782719515697
2.706,0.01582342902565006,0.00018287697065667898,0.0001856506517285043,0.0001856506517285043
2.707,0.01582682712632381,0.0001829818546217373,0.0001858335811402093,0.0001858335811402093
2.708,0.015830223968674798,0.00018308674979093453,0.0001860166154414825,0.0001860166154414825
2.709,0.015833619553168973,0.00018319165615149436,0.00018619975464352165,0.00018619975464352165
2.71,0.015837013880272127,0.0001832965736906468,0.0001863829987575117,0.0001863829987575117
2.711,0.015840406950449873,0.00018340150239562803,0.00018656634779462488,0.00018656634779462488
2.712,0.015843798764167652,0.00018350644225368043,0.00018674980176602065,0.00018674980176602065
2.713,0.015847189321890734,0.00018361139325205264,0.0001869333606828457,0.0001869333606828457
2.714,0.015850578624084215,0.00018371635537799946,0.00018711702455623396,0.00018711702455623396
2.715,0.015853966671213023,0.00018382132861878193,0.00018730079339730665,0.00018730079339730665
2.716,0.01585735346374191,0.00018392631296166724,0.00018748466721717221,0.00018748466721717221
2.717,0.015860739002135454,0.00018403130839392886,0.00018766864602692642,0.00018766864602692642
2.718,0.015864123286858066,0.0001841363149028464,0.00018785272983765227,0.00018785272983765227
2.719,0.01586750631837398,0.00018424133247570566,0.00018803691866042007,0.00018803691866042007
2.72,0.015870888097147262,0.00018434636109979866,0.00018822121250628741,0.00018822121250628741
2.721,0.015874268623641805,0.00018445140076242363,0.00018840561138629917,0.00018840561138629917
2.722,0.015877647898321332,0.00018455645145088495,0.00018859011531148753,0.00018859011531148753
2.723,0.01588102592164939,0.00018466151315249318,0.000188774724292872,0.000188774724292872
2.724,0.015884402694089354,0.0001847665858545651,0.00018895943834145934,0.00018895943834145934
2.725,0.015887778216104435,0.00018487166954442367,0.00018914425746824372,0.00018914425746824372
2.726,0.015891152488157666,0.00018497676420939796,0.00018932918168420657,0.00018932918168420657
2.727,0.01589452551071191,0.0001850818698368233,0.00018951421100031667,0.00018951421100031667
2.728,0.01589789728422986,0.00018518698641404113,0.00018969934542753015,0.00018969934542753015
2.729,0.015901267809174034,0.0001852921139283991,0.00018988458497679048,0.00018988458497679048
2.73,0.01590463708600678,0.000185397252367251,0.00019006992965902846,0.00019006992965902846
2.731,0.01590800511519028,0.00018550240171795682,0.00019025537948516228,0.00019025537948516228
2.732,0.015911371897186537,0.00018560756196788267,0.00019044093446609746,0.00019044093446609746
2.733,0.01591473743245739,0.00018571273310440085,0.00019062659461272692,0.00019062659461272692
2.734,0.015918101721464503,0.00018581791511488978,0.00019081235993593094,0.00019081235993593094
2.735,0.01592146476466937,0.00018592310798673409,0.00019099823044657716,0.00019099823044657716
2.736,0.01592482656253331,0.00018602831170732453,0.00019118420615552066,0.00019118420615552066
2.737,0.01592818711551748,0.000186133526264058,0.00019137028707360388,0.00019137028707360388
2.738,0.015931546424082857,0.00018623875164433754,0.00019155647321165663,0.00019155647321165663
2.739,0.015934904488690255,0.00018634398783557235,0.0001917427645804962,0.0001917427645804962
2.74,0.01593826130980031,0.0001864492348251778,0.00019192916119092722,0.00019192916119092722
2.741,0.015941616887873492,0.0001865544926005753,0.0001921156630537418,0.0001921156630537418
2.742,0.015944971223370102,0.00018665976114919255,0.00019230227017971943,0.00019230227017971943
2.743,0.015948324316750268,0.00018676504045846322,0.00019248898257962706,0.00019248898257962706
2.744,0.015951676168473948,0.00018687033051582722,0.00019267580026421905,0.00019267580026421905
2.745,0.01595502677900093,0.00018697563130873056,0.00019286272324423723,0.00019286272324423723
2.746,0.01595837614879083,0.00018708094282462537,0.00019304975153041083,0.00019304975153041083
2.747,0.015961724278303096,0.00018718626505096993,0.0001932368851334566,0.0001932368851334566
2.748,0.015965071167997003,0.0001872915979752286,0.00019342412406407874,0.00019342412406407874
2.749,0.01596841681833166,0.00018739694158487189,0.00019361146833296887,0.00019361146833296887
2.75,0.015971761229766002,0.00018750229586737642,0.0001937989179508061,0.0001937989179508061
2.751,0.0159751044027588,0.00018760766081022493,0.00019398647292825704,0.00019398647292825704
2.7520000000000002,0.015978446337768647,0.00018771303640090627,0.00019417413327597581,0.00019417413327597581
2.753,0.015981787035253974,0.00018781842262691537,0.00019436189900460396,0.00019436189900460396
2.754,0.015985126495673036,0.0001879238194757533,0.0001945497701247706,0.0001945497701247706
2.755,0.01598846471948392,0.00018802922693492724,0.00019473774664709225,0.00019473774664709225
2.7560000000000002,0.015991801707144548,0.00018813464499195046,0.00019492582858217304,0.00019492582858217304
2.757,0.015995137459112664,0.0001882400736343423,0.0001951140159406046,0.0001951140159406046
2.758,0.015998471975845852,0.00018834551284962824,0.00019530230873296604,0.00019530230873296604
2.759,0.016001805257801517,0.00018845096262533982,0.000195490706969824,0.000195490706969824
2.7600000000000002,0.0160051373054369,0.0001885564229490147,0.0001956792106617327,0.0001956792106617327
2.761,0.016008468119209075,0.0001886618938081966,0.00019586781981923386,0.00019586781981923386
2.762,0.01601179769957494,0.0001887673751904354,0.00019605653445285676,0.00019605653445285676
2.763,0.016015126046991235,0.00018887286708328696,0.00019624535457311826,0.00019624535457311826
2.7640000000000002,0.016018453161914515,0.00018897836947431328,0.00019643428019052274,0.00019643428019052274
2.765,0.01602177904480118,0.0001890838823510824,0.00019662331131556216,0.00019662331131556216
2.766,0.016025103696107452,0.00018918940570116852,0.00019681244795871603,0.00019681244795871603
2.767,0.01602842711628939,0.00018929493951215184,0.00019700169013045146,0.00019700169013045146
2.7680000000000002,0.016031749305802877,0.00018940048377161865,0.00019719103784122315,0.00019719103784122315
2.769,0.016035070265103635,0.0001895060384671613,0.00019738049110147338,0.00019738049110147338
2.77,0.016038389994647215,0.00018961160358637824,0.00019757004992163203,0.00019757004992163203
2.771,0.016041708494888996,0.00018971717911687392,0.00019775971431211658,0.00019775971431211658
2.7720000000000002,0.016045025766284193,0.00018982276504625893,0.00019794948428333208,0.00019794948428333208
2.773,0.01604834180928785,0.00018992836136214988,0.00019813935984567125,0.00019813935984567125
2.774,0.01605165662435484,0.00019003396805216942,0.00019832934100951443,0.00019832934100951443
2.775,0.01605497021193987,0.00019013958510394628,0.00019851942778522952,0.00019851942778522952
2.7760000000000002,0.01605828257249748,0.00019024521250511525,0.0001987096201831721,0.0001987096201831721
2.777,0.016061593706482042,0.00019035085024331715,0.00019889991821368542,0.00019889991821368542
2.778,0.016064903614347755,0.00019045649830619883,0.0001990903218871003,0.0001990903218871003
2.779,0.016068212296548656,0.00019056215668141323,0.00019928083121373527,0.00019928083121373527
2.7800000000000002,0.01607151975353861,0.00019066782535661928,0.00019947144620389648,0.00019947144620389648
2.781,0.016074825985771313,0.000190773504319482,0.00019966216686787775,0.00019966216686787775
2.782,0.0160781309937003,0.00019087919355767239,0.00019985299321596058,0.00019985299321596058
2.783,0.016081434777778927,0.00019098489305886753,0.0002000439252584141,0.0002000439252584141
2.7840000000000003,0.01608473733846039,0.00019109060281075052,0.0002002349630054952,0.0002002349630054952
2.785,0.016088038676197715,0.0001911963228010105,0.0002004261064674484,0.0002004261064674484
2.786,0.01609133879144376,0.00019130205301734262,0.00020061735565450592,0.00020061735565450592
2.787,0.01609463768465122,0.00019140779344744806,0.0002008087105768877,0.0002008087105768877
2.7880000000000003,0.016097935356272613,0.000191513544079034,0.0002010001712448013,0.0002010001712448013
2.789,0.016101231806760295,0.00019161930489981367,0.00020119173766844215,0.00020119173766844215
2.79,0.016104527036566455,0.0001917250758975063,0.00020138340985799324,0.00020138340985799324
2.791,0.016107821046143115,0.00019183085705983717,0.00020157518782362537,0.00020157518782362537
2.7920000000000003,0.016111113835942124,0.00019193664837453752,0.00020176707157549704,0.00020176707157549704
2.793,0.016114405406415174,0.0001920424498293446,0.00020195906112375448,0.00020195906112375448
2.794,0.016117695758013778,0.00019214826141200172,0.00020215115647853168,0.00020215115647853168
2.795,0.01612098489118929,0.00019225408311025814,0.00020234335764995036,0.00020234335764995036
2.7960000000000003,0.016124272806392895,0.00019235991491186916,0.00020253566464812,0.00020253566464812
2.797,0.016127559504075607,0.00019246575680459605,0.0002027280774831378,0.0002027280774831378
2.798,0.01613084498468828,0.0001925716087762061,0.0002029205961650888,0.0002029205961650888
2.799,0.016134129248681597,0.00019267747081447257,0.00020311322070404577,0.00020311322070404577
2.8000000000000003,0.01613741229650607,0.00019278334290717474,0.00020330595111006924,0.00020330595111006924
2.801,0.016140694128612052,0.00019288922504209787,0.00020349878739320753,0.00020349878739320753
2.802,0.016143974745449725,0.00019299511720703323,0.00020369172956349676,0.00020369172956349676
2.803,0.016147254147469103,0.000193101019389778,0.00020388477763096086,0.00020388477763096086
2.8040000000000003,0.016150532335120038,0.0001932069315781354,0.00020407793160561152,0.00020407793160561152
2.805,0.016153809308852213,0.00019331285375991463,0.00020427119149744828,0.00020427119149744828
2.806,0.016157085069115142,0.00019341878592293087,0.00020446455731645843,0.00020446455731645843
2.807,0.01616035961635818,0.00019352472805500527,0.00020465802907261715,0.00020465802907261715
2.8080000000000003,0.016163632951030505,0.0001936306801439649,0.0002048516067758874,0.0002048516067758874
2.809,0.016166905073581136,0.0001937366421776429,0.00020504529043622,0.00020504529043622
2.81,0.016170175984458923,0.00019384261414387825,0.00020523908006355354,0.00020523908006355354
2.811,0.016173445684112553,0.00019394859603051603,0.00020543297566781455,0.00020543297566781455
2.8120000000000003,0.01617671417299054,0.0001940545878254072,0.00020562697725891733,0.00020562697725891733
2.813,0.01617998145154124,0.0001941605895164087,0.00020582108484676408,0.00020582108484676408
2.814,0.01618324752021284,0.00019426660109138341,0.00020601529844124482,0.00020601529844124482
2.815,0.016186512379453358,0.0001943726225382002,0.00020620961805223746,0.00020620961805223746
2.816,0.01618977602971065,0.00019447865384473385,0.0002064040436896078,0.0002064040436896078
2.817,0.016193038471432403,0.00019458469499886516,0.00020659857536320947,0.00020659857536320947
2.818,0.01619629970506614,0.00019469074598848078,0.00020679321308288403,0.00020679321308288403
2.819,0.016199559731059222,0.0001947968068014734,0.0002069879568584609,0.0002069879568584609
2.82,0.016202818549858836,0.0001949028774257416,0.0002071828066997574,0.0002071828066997574
2.821,0.01620607616191201,0.0001950089578491899,0.00020737776261657876,0.00020737776261657876
2.822,0.016209332567665605,0.00019511504805972877,0.00020757282461871814,0.00020757282461871814
2.823,0.016212587767566313,0.00019522114804527461,0.00020776799271595656,0.00020776799271595656
2.824,0.016215841762060666,0.00019532725779374975,0.000207963266918063,0.000207963266918063
2.825,0.01621909455159503,0.00019543337729308248,0.00020815864723479436,0.00020815864723479436
2.826,0.0162223461366156,0.00019553950653120698,0.00020835413367589544,0.00020835413367589544
2.827,0.01622559651756841,0.00019564564549606335,0.000208549726251099,0.000208549726251099
2.828,0.01622884569489933,0.00019575179417559768,0.00020874542497012578,0.00020874542497012578
2.829,0.016232093669054065,0.0001958579525577619,0.0002089412298426844,0.0002089412298426844
2.83,0.016235340440478148,0.00019596412063051393,0.0002091371408784715,0.0002091371408784715
2.831,0.016238586009616956,0.00019607029838181753,0.00020933315808717163,0.00020933315808717163
2.832,0.016241830376915695,0.00019617648579964243,0.00020952928147845732,0.00020952928147845732
2.833,0.016245073542819413,0.00019628268287196423,0.00020972551106198908,0.00020972551106198908
2.834,0.016248315507772986,0.0001963888895867645,0.0002099218468474154,0.0002099218468474154
2.835,0.016251556272221128,0.00019649510593203065,0.00021011828884437276,0.00021011828884437276
2.836,0.016254795836608386,0.00019660133189575605,0.00021031483706248562,0.00021031483706248562
2.837,0.016258034201379147,0.0001967075674659399,0.00021051149151136642,0.00021051149151136642
2.838,0.016261271366977633,0.00019681381263058736,0.00021070825220061563,0.00021070825220061563
2.839,0.016264507333847898,0.00019692006737770948,0.00021090511913982173,0.00021090511913982173
2.84,0.01626774210243383,0.0001970263316953232,0.0002111020923385612,0.0002111020923385612
2.841,0.016270975673179162,0.0001971326055714513,0.00021129917180639856,0.00021129917180639856
2.842,0.01627420804652745,0.00019723888899412254,0.0002114963575528863,0.0002114963575528863
2.843,0.0162774392229221,0.00019734518195137148,0.000211693649587565,0.000211693649587565
2.844,0.01628066920280634,0.00019745148443123863,0.00021189104791996324,0.00021189104791996324
2.845,0.01628389798662324,0.00019755779642177036,0.0002120885525595977,0.0002120885525595977
2.846,0.01628712557481571,0.0001976641179110189,0.000212286163515973,0.000212286163515973
2.847,0.016290351967826487,0.00019777044888704236,0.00021248388079858198,0.00021248388079858198
2.848,0.016293577166098153,0.00019787678933790476,0.00021268170441690539,0.00021268170441690539
2.849,0.01629680117007312,0.00019798313925167594,0.0002128796343804121,0.0002128796343804121
2.85,0.016300023980193635,0.00019808949861643165,0.00021307767069855908,0.00021307767069855908
2.851,0.01630324559690179,0.00019819586742025351,0.00021327581338079132,0.00021327581338079132
2.852,0.016306466020639506,0.00019830224565122899,0.00021347406243654195,0.00021347406243654195
2.853,0.016309685251848543,0.0001984086332974514,0.00021367241787523218,0.00021367241787523218
2.854,0.016312903290970494,0.00019851503034701992,0.0002138708797062713,0.0002138708797062713
2.855,0.016316120138446792,0.00019862143678803964,0.0002140694479390567,0.0002140694479390567
2.856,0.016319335794718705,0.00019872785260862142,0.0002142681225829739,0.0002142681225829739
2.857,0.01632255026022734,0.00019883427779688204,0.0002144669036473965,0.0002144669036473965
2.858,0.01632576353541364,0.00019894071234094411,0.00021466579114168627,0.00021466579114168627
2.859,0.01632897562071838,0.00019904715622893609,0.00021486478507519303,0.00021486478507519303
2.86,0.016332186516582175,0.00019915360944899226,0.0002150638854572548,0.0002150638854572548
2.861,0.01633539622344548,0.0001992600719892528,0.00021526309229719773,0.00021526309229719773
2.862,0.016338604741748582,0.00019936654383786363,0.0002154624056043361,0.0002154624056043361
2.863,0.016341812071931607,0.00019947302498297663,0.0002156618253879723,0.0002156618253879723
2.864,0.016345018214434518,0.00019957951541274945,0.00021586135165739694,0.00021586135165739694
2.865,0.016348223169697116,0.00019968601511534555,0.00021606098442188875,0.00021606098442188875
2.866,0.01635142693815904,0.0001997925240789343,0.00021626072369071463,0.00021626072369071463
2.867,0.016354629520259758,0.00019989904229169078,0.00021646056947312967,0.00021646056947312967
2.868,0.01635783091643859,0.00020000556974179604,0.00021666052177837713,0.00021666052177837713
2.869,0.01636103112713468,0.00020011210641743683,0.00021686058061568843,0.00021686058061568843
2.87,0.016364230152787013,0.0002002186523068058,0.00021706074599428323,0.00021706074599428323
2.871,0.016367427993834418,0.00020032520739810138,0.00021726101792336934,0.00021726101792336934
2.872,0.01637062465071555,0.00020043177167952783,0.0002174613964121428,0.0002174613964121428
2.873,0.016373820123868916,0.00020053834513929523,0.00021766188146978783,0.00021766188146978783
2.874,0.016377014413732845,0.00020064492776561944,0.0002178624731054769,0.0002178624731054769
2.875,0.016380207520745513,0.00020075151954672218,0.00021806317132837066,0.00021806317132837066
2.876,0.016383399445344934,0.00020085812047083092,0.000218263976147618,0.000218263976147618
2.8770000000000002,0.01638659018796896,0.000200964730526179,0.00021846488757235608,0.00021846488757235608
2.878,0.016389779749055273,0.0002010713497010055,0.0002186659056117102,0.0002186659056117102
2.879,0.0163929681290414,0.0002011779779835553,0.00021886703027479401,0.00021886703027479401
2.88,0.016396155328364706,0.00020128461536207917,0.00021906826157070932,0.00021906826157070932
2.8810000000000002,0.016399341347462393,0.00020139126182483355,0.00021926959950854623,0.00021926959950854623
2.882,0.016402526186771498,0.00020149791736008077,0.00021947104409738313,0.00021947104409738313
2.883,0.0164057098467289,0.0002016045819560889,0.00021967259534628664,0.00021967259534628664
2.884,0.016408892327771315,0.0002017112556011318,0.00021987425326431165,0.00021987425326431165
2.8850000000000002,0.0164120736303353,0.0002018179382834891,0.00022007601786050134,0.00022007601786050134
2.886,0.016415253754857247,0.00020192462999144627,0.00022027788914388716,0.00022027788914388716
2.887,0.016418432701773383,0.0002020313307132945,0.00022047986712348886,0.00022047986712348886
2.888,0.01642161047151978,0.00020213804043733082,0.00022068195180831448,0.00022068195180831448
2.8890000000000002,0.016424787064532348,0.000202244759151858,0.00022088414320736035,0.00022088414320736035
2.89,0.01642796248124683,0.00020235148684518456,0.00022108644132961112,0.00022108644132961112
2.891,0.016431136722098814,0.00020245822350562482,0.00022128884618403976,0.00022128884618403976
2.892,0.016434309787523724,0.00020256496912149886,0.00022149135777960752,0.00022149135777960752
2.8930000000000002,0.016437481677956823,0.00020267172368113257,0.000221693976125264,0.000221693976125264
2.894,0.01644065239383321,0.0002027784871728575,0.00022189670122994715,0.00022189670122994715
2.895,0.016443821935587827,0.00020288525958501107,0.0002220995331025832,0.0002220995331025832
2.896,0.016446990303655453,0.00020299204090593642,0.00022230247175208676,0.00022230247175208676
2.8970000000000002,0.016450157498470706,0.0002030988311239824,0.0002225055171873608,0.0002225055171873608
2.898,0.016453323520468043,0.0002032056302275037,0.00022270866941729656,0.00022270866941729656
2.899,0.016456488370081762,0.0002033124382048607,0.00022291192845077374,0.00022291192845077374
2.9,0.016459652047746,0.00020341925504441954,0.00022311529429666033,0.00022311529429666033
2.9010000000000002,0.01646281455389473,0.00020352608073455212,0.00022331876696381276,0.00022331876696381276
2.902,0.01646597588896177,0.00020363291526363607,0.00022352234646107576,0.00022352234646107576
2.903,0.016469136053380767,0.0002037397586200548,0.0002237260327972825,0.0002237260327972825
2.904,0.01647229504758522,0.00020384661079219743,0.00022392982598125447,0.00022392982598125447
2.9050000000000002,0.016475452872008457,0.0002039534717684588,0.0002241337260218016,0.0002241337260218016
2.906,0.016478609527083653,0.00020406034153723948,0.00022433773292772222,0.00022433773292772222
2.907,0.016481765013243818,0.00020416722008694585,0.00022454184670780305,0.00022454184670780305
2.908,0.016484919330921805,0.00020427410740598995,0.00022474606737081922,0.00022474606737081922
2.9090000000000003,0.016488072480550304,0.00020438100348278956,0.00022495039492553427,0.00022495039492553427
2.91,0.016491224462561845,0.0002044879083057682,0.0002251548293807002,0.0002251548293807002
2.911,0.0164943752773888,0.00020459482186335507,0.00022535937074505736,0.00022535937074505736
2.912,0.01649752492546338,0.00020470174414398518,0.0002255640190273346,0.0002255640190273346
2.9130000000000003,0.01650067340721763,0.0002048086751360992,0.00022576877423624917,0.00022576877423624917
2.914,0.01650382072308345,0.0002049156148281435,0.00022597363638050678,0.00022597363638050678
2.915,0.016506966873492564,0.00020502256320857018,0.0002261786054688016,0.0002261786054688016
2.916,0.016510111858876544,0.00020512952026583708,0.0002263836815098162,0.0002263836815098162
2.9170000000000003,0.016513255679666803,0.00020523648598840772,0.0002265888645122217,0.0002265888645122217
2.918,0.01651639833629459,0.00020534346036475131,0.0002267941544846776,0.0002267941544846776
2.919,0.016519539829190997,0.00020545044338334282,0.00022699955143583195,0.00022699955143583195
2.92,0.016522680158786954,0.0002055574350326629,0.0002272050553743212,0.0002272050553743212
2.9210000000000003,0.016525819325513235,0.00020566443530119785,0.00022741066630877033,0.00022741066630877033
2.922,0.016528957329800455,0.00020577144417743975,0.00022761638424779283,0.00022761638424779283
2.923,0.016532094172079063,0.0002058784616498863,0.0002278222091999906,0.0002278222091999906
2.924,0.016535229852779356,0.00020598548770704096,0.00022802814117395417,0.00022802814117395417
2.9250000000000003,0.016538364372331468,0.0002060925223374128,0.00022823418017826243,0.00022823418017826243
2.926,0.016541497731165374,0.00020619956552951667,0.0002284403262214829,0.0002284403262214829
2.927,0.016544629929710886,0.00020630661727187303,0.00022864657931217155,0.00022864657931217155
2.928,0.016547760968397666,0.00020641367755300807,0.0002288529394588729,0.0002288529394588729
2.9290000000000003,0.016550890847655212,0.00020652074636145365,0.00022905940667012001,0.00022905940667012001
2.93,0.01655401956791286,0.00020662782368574727,0.00022926598095443444,0.00022926598095443444
2.931,0.01655714712959979,0.00020673490951443217,0.0002294726623203263,0.0002294726623203263
2.932,0.016560273533145025,0.00020684200383605723,0.0002296794507762943,0.0002296794507762943
2.9330000000000003,0.016563398778977424,0.000206949106639177,0.0002298863463308256,0.0002298863463308256
2.934,0.016566522867525694,0.00020705621791235171,0.000230093348992396,0.000230093348992396
2.935,0.016569645799218376,0.00020716333764414724,0.00023030045876946983,0.00023030045876946983
2.936,0.01657276757448386,0.00020727046582313515,0.0002305076756705,0.0002305076756705
2.9370000000000003,0.016575888193750363,0.00020737760243789267,0.000230714999703928,0.000230714999703928
2.938,0.016579007657445965,0.00020748474747700268,0.0002309224308781839,0.0002309224308781839
2.939,0.01658212596599857,0.0002075919009290537,0.00023112996920168633,0.00023112996920168633
2.94,0.01658524311983593,0.00020769906278263992,0.00023133761468284252,0.00023133761468284252
2.9410000000000003,0.016588359119385637,0.0002078062330263612,0.00023154536733004832,0.00023154536733004832
2.942,0.01659147396507513,0.00020791341164882302,0.00023175322715168815,0.00023175322715168815
2.943,0.016594587657331683,0.00020802059863863652,0.00023196119415613508,0.00023196119415613508
2.944,0.016597700196582417,0.0002081277939844185,0.00023216926835175077,0.00023216926835175077
2.945,0.01660081158325429,0.0002082349976747914,0.00023237744974688546,0.00023237744974688546
2.946,0.0166039218177741,0.00020834220969838326,0.0002325857383498781,0.0002325857383498781
2.947,0.016607030900568497,0.00020844943004382781,0.0002327941341690562,0.0002327941341690562
2.948,0.016610138832063963,0.00020855665869976442,0.00023300263721273592,0.00023300263721273592
2.949,0.016613245612686827,0.00020866389565483805,0.0002332112474892221,0.0002332112474892221
2.95,0.016616351242863262,0.0002087711408976993,0.0002334199650068082,0.0002334199650068082
2.951,0.016619455723019278,0.00020887839441700444,0.00023362878977377632,0.00023362878977377632
2.952,0.01662255905358073,0.00020898565620141533,0.00023383772179839723,0.00023383772179839723
2.953,0.01662566123497331,0.00020909292623959947,0.0002340467610889304,0.0002340467610889304
2.954,0.016628762267622568,0.00020920020452022998,0.00023425590765362392,0.00023425590765362392
2.955,0.016631862151953877,0.00020930749103198557,0.00023446516150071457,0.00023446516150071457
2.956,0.016634960888392464,0.00020941478576355063,0.00023467452263842783,0.00023467452263842783
2.957,0.016638058477363396,0.00020952208870361514,0.00023488399107497783,0.00023488399107497783
2.958,0.016641154919291582,0.00020962939984087465,0.00023509356681856744,0.00023509356681856744
2.959,0.016644250214601773,0.00020973671916403038,0.0002353032498773882,0.0002353032498773882
2.96,0.016647344363718567,0.00020984404666178914,0.00023551304025962036,0.00023551304025962036
2.961,0.0166504373670664,0.00020995138232286333,0.0002357229379734329,0.0002357229379734329
2.962,0.01665352922506955,0.00021005872613597096,0.00023593294302698344,0.00023593294302698344
2.963,0.01665661993815214,0.00021016607808983564,0.0002361430554284184,0.0002361430554284184
2.964,0.01665970950673814,0.00021027343817318662,0.00023635327518587294,0.00023635327518587294
2.965,0.016662797931251354,0.00021038080637475866,0.00023656360230747087,0.00023656360230747087
2.966,0.016665885212115438,0.0002104881826832922,0.0002367740368013248,0.0002367740368013248
2.967,0.016668971349753887,0.00021059556708753326,0.00023698457867553604,0.00023698457867553604
2.968,0.016672056344590038,0.0002107029595762334,0.00023719522793819468,0.00023719522793819468
2.969,0.016675140197047075,0.0002108103601381498,0.00023740598459737956,0.00023740598459737956
2.97,0.016678222907548022,0.0002109177687620452,0.00023761684866115829,0.00023761684866115829
2.971,0.016681304476515748,0.000211025185436688,0.00023782782013758724,0.00023782782013758724
2.972,0.016684384904372962,0.0002111326101508521,0.00023803889903471152,0.00023803889903471152
2.973,0.016687464191542222,0.00021124004289331698,0.00023825008536056504,0.00023825008536056504
2.974,0.016690542338445927,0.00021134748365286775,0.0002384613791231705,0.0002384613791231705
2.975,0.016693619345506318,0.00021145493241829505,0.00023867278033053938,0.00023867278033053938
2.976,0.01669669521314548,0.00021156238917839512,0.00023888428899067197,0.00023888428899067197
2.977,0.016699769941785347,0.00021166985392196975,0.00023909590511155733,0.00023909590511155733
2.978,0.01670284353184769,0.0002117773266378263,0.00023930762870117333,0.00023930762870117333
2.979,0.01670591598375412,0.0002118848073147777,0.00023951945976748666,0.00023951945976748666
2.98,0.01670898729792611,0.00021199229594164246,0.00023973139831845285,0.00023973139831845285
2.981,0.016712057474784957,0.00021209979250724458,0.00023994344436201618,0.00023994344436201618
2.982,0.01671512651475181,0.0002122072970004137,0.00024015559790610986,0.00024015559790610986
2.983,0.016718194418247668,0.000212314809409985,0.00024036785895865581,0.00024036785895865581
2.984,0.01672126118569336,0.00021242232972479915,0.0002405802275275649,0.0002405802275275649
2.985,0.016724326817509575,0.00021252985793370244,0.00024079270362073677,0.00024079270362073677
2.986,0.016727391314116834,0.0002126373940255467,0.00024100528724605995,0.00024100528724605995
2.987,0.01673045467593551,0.00021274493798918926,0.0002412179784114118,0.0002412179784114118
2.988,0.016733516903385818,0.00021285248981349304,0.00024143077712465854,0.00024143077712465854
2.989,0.01673657799688781,0.0002129600494873265,0.0002416436833936553,0.0002416436833936553
2.99,0.016739637956861397,0.0002130676169995636,0.000241856697226246,0.000241856697226246
2.991,0.01674269678372632,0.0002131751923390839,0.00024206981863026351,0.00024206981863026351
2.992,0.016745754477902178,0.0002132827754947724,0.00024228304761352956,0.00024228304761352956
2.993,0.016748811039808402,0.00021339036645551973,0.00024249638418385474,0.00024249638418385474
2.994,0.016751866469864277,0.000213497965210222,0.00024270982834903858,0.00024270982834903858
2.995,0.01675492076848893,0.00021360557174778083,0.00024292338011686946,0.00024292338011686946
2.996,0.016757973936101324,0.00021371318605710346,0.0002431370394951247,0.0002431370394951247
2.997,0.016761025973120285,0.00021382080812710254,0.00024335080649157055,0.00024335080649157055
2.998,0.01676407687996447,0.0002139284379466963,0.00024356468111396212,0.00024356468111396212
2.999,0.01676712665705238,0.00021403607550480846,0.00024377866337004346,0.00024377866337004346
3.0,0.016770175304802373,0.00021414372079036828,0.00024399275326754757,0.00024399275326754757
3.001,0.016773222823632642,0.00021425137379231055,0.0002442069508141963,0.0002442069508141963
3.0020000000000002,0.016776269213961227,0.00021435903449957552,0.0002444212560177006,0.0002444212560177006
3.003,0.016779314476206016,0.00021446670290110897,0.00024463566888576025,0.00024463566888576025
3.004,0.01678235861078474,0.0002145743789858622,0.00024485018942606393,0.00024485018942606393
3.005,0.016785401618114974,0.00021468206274279203,0.00024506481764628935,0.00024506481764628935
3.0060000000000002,0.01678844349861414,0.00021478975416086075,0.0002452795535541032,0.0002452795535541032
3.007,0.016791484252699506,0.00021489745322903617,0.0002454943971571611,0.0002454943971571611
3.008,0.016794523880788188,0.00021500515993629158,0.00024570934846310764,0.00024570934846310764
3.009,0.016797562383297143,0.0002151128742716058,0.00024592440747957635,0.00024592440747957635
3.0100000000000002,0.016800599760643173,0.0002152205962239631,0.00024613957421418985,0.00024613957421418985
3.011,0.01680363601324293,0.00021532832578235325,0.0002463548486745596,0.0002463548486745596
3.012,0.01680667114151291,0.00021543606293577156,0.00024657023086828623,0.00024657023086828623
3.013,0.016809705145869453,0.00021554380767321876,0.00024678572080295917,0.00024678572080295917
3.0140000000000002,0.01681273802672875,0.0002156515599837011,0.000247001318486157,0.000247001318486157
3.015,0.016815769784506825,0.00021575931985623028,0.0002472170239254472,0.0002472170239254472
3.016,0.016818800419619567,0.00021586708727982352,0.0002474328371283864,0.0002474328371283864
3.017,0.016821829932482695,0.0002159748622435035,0.0002476487581025202,0.0002476487581025202
3.0180000000000002,0.01682485832351178,0.0002160826447362984,0.00024786478685538313,0.00024786478685538313
3.019,0.016827885593122243,0.00021619043474724182,0.00024808092339449885,0.00024808092339449885
3.02,0.016830911741729345,0.00021629823226537286,0.00024829716772738,0.00024829716772738
3.021,0.016833936769748196,0.00021640603727973612,0.00024851351986152835,0.00024851351986152835
3.0220000000000002,0.01683696067759375,0.0002165138497793816,0.0002487299798044346,0.0002487299798044346
3.023,0.016839983465680813,0.0002166216697533648,0.00024894654756357857,0.00024894654756357857
3.024,0.01684300513442403,0.00021672949719074672,0.0002491632231464291,0.0002491632231464291
3.025,0.016846025684237896,0.00021683733208059376,0.0002493800065604442,0.0002493800065604442
3.0260000000000002,0.016849045115536754,0.0002169451744119778,0.0002495968978130708,0.0002495968978130708
3.027,0.016852063428734795,0.00021705302417397615,0.000249813896911745,0.000249813896911745
3.028,0.01685508062424605,0.00021716088135567162,0.00025003100386389196,0.00025003100386389196
3.029,0.0168580967024844,0.00021726874594615243,0.0002502482186769259,0.0002502482186769259
3.0300000000000002,0.016861111663863573,0.0002173766179345123,0.00025046554135825023,0.00025046554135825023
3.031,0.016864125508797147,0.0002174844973098503,0.00025068297191525727,0.00025068297191525727
3.032,0.01686713823769854,0.00021759238406127105,0.0002509005103553286,0.0002509005103553286
3.033,0.016870149850981026,0.00021770027817788454,0.00025111815668583487,0.00025111815668583487
3.0340000000000003,0.016873160349057715,0.00021780817964880625,0.00025133591091413583,0.00025133591091413583
3.035,0.016876169732341573,0.00021791608846315704,0.00025155377304758033,0.00025155377304758033
3.036,0.016879178001245408,0.00021802400461006327,0.00025177174309350635,0.00025177174309350635
3.037,0.01688218515618188,0.00021813192807865667,0.00025198982105924104,0.00025198982105924104
3.0380000000000003,0.01688519119756349,0.00021823985885807443,0.00025220800695210065,0.00025220800695210065
3.039,0.01688819612580259,0.00021834779693745917,0.00025242630077939053,0.00025242630077939053
3.04,0.016891199941311382,0.00021845574230595894,0.00025264470254840525,0.00025264470254840525
3.041,0.016894202644501907,0.0002185636949527272,0.00025286321226642854,0.00025286321226642854
3.0420000000000003,0.01689720423578606,0.00021867165486692282,0.0002530818299407332,0.0002530818299407332
3.043,0.016900204715575583,0.00021877962203771013,0.00025330055557858127,0.00025330055557858127
3.044,0.016903204084282066,0.00021888759645425883,0.0002535193891872239,0.0002535193891872239
3.045,0.01690620234231694,0.00021899557810574406,0.0002537383307739014,0.0002537383307739014
3.0460000000000003,0.01690919949009149,0.00021910356698134637,0.0002539573803458434,0.0002539573803458434
3.047,0.016912195528016854,0.00021921156307025172,0.0002541765379102685,0.0002541765379102685
3.048,0.016915190456504005,0.00021931956636165147,0.0002543958034743847,0.0002543958034743847
3.049,0.01691818427596377,0.00021942757684474242,0.00025461517704538907,0.00025461517704538907
3.0500000000000003,0.016921176986806823,0.0002195355945087267,0.0002548346586304678,0.0002548346586304678
3.051,0.01692416858944369,0.00021964361934281192,0.0002550542482367965,0.0002550542482367965
3.052,0.016927159084284743,0.00021975165133621103,0.00025527394587153987,0.00025527394587153987
3.053,0.016930148471740195,0.0002198596904781424,0.0002554937515418518,0.0002554937515418518
3.0540000000000003,0.016933136752220117,0.0002199677367578298,0.0002557136652548754,0.0002557136652548754
3.055,0.016936123926134423,0.00022007579016450237,0.0002559336870177431,0.0002559336870177431
3.056,0.016939109993892875,0.0002201838506873947,0.0002561538168375765,0.0002561538168375765
3.057,0.016942094955905086,0.00022029191831574667,0.00025637405472148637,0.00025637405472148637
3.0580000000000003,0.016945078812580516,0.00022039999303880364,0.0002565944006765729,0.0002565944006765729
3.059,0.016948061564328473,0.00022050807484581627,0.0002568148547099253,0.0002568148547099253
3.06,0.016951043211558114,0.00022061616372604068,0.00025703541682862226,0.00025703541682862226
3.061,0.016954023754678443,0.0002207242596687383,0.0002572560870397316,0.0002572560870397316
3.0620000000000003,0.016957003194098316,0.00022083236266317598,0.0002574768653503103,0.0002574768653503103
3.063,0.01695998153022643,0.00022094047269862594,0.00025769775176740493,0.00025769775176740493
3.064,0.016962958763471342,0.00022104858976436574,0.000257918746298051,0.000257918746298051
3.065,0.016965934894241447,0.00022115671384967834,0.0002581398489492735,0.0002581398489492735
3.0660000000000003,0.016968909922944996,0.00022126484494385207,0.00025836105972808665,0.00025836105972808665
3.067,0.016971883849990085,0.0002213729830361806,0.00025858237864149396,0.00025858237864149396
3.068,0.016974856675784664,0.00022148112811596298,0.0002588038056964882,0.0002588038056964882
3.069,0.016977828400736524,0.00022158928017250361,0.0002590253409000515,0.0002590253409000515
3.0700000000000003,0.016980799025253308,0.00022169743919511227,0.0002592469842591552,0.0002592469842591552
3.071,0.01698376854974251,0.0002218056051731041,0.00025946873578076016,0.00025946873578076016
3.072,0.016986736974611477,0.00022191377809579953,0.0002596905954718163,0.0002596905954718163
3.073,0.016989704300267396,0.00022202195795252444,0.0002599125633392631,0.0002599125633392631
3.074,0.016992670527117306,0.00022213014473260997,0.0002601346393900292,0.0002601346393900292
3.075,0.0169956356555681,0.00022223833842539265,0.00026035682363103257,0.00026035682363103257
3.076,0.016998599686026513,0.00022234653902021434,0.0002605791160691806,0.0002605791160691806
3.077,0.017001562618899138,0.0002224547465064223,0.0002608015167113701,0.0002608015167113701
3.078,0.017004524454592412,0.00022256296087336903,0.00026102402556448705,0.00026102402556448705
3.079,0.017007485193512622,0.00022267118211041244,0.0002612466426354069,0.0002612466426354069
3.08,0.017010444836065904,0.00022277941020691576,0.0002614693679309944,0.0002614693679309944
3.081,0.017013403382658245,0.00022288764515224758,0.00026169220145810367,0.00026169220145810367
3.082,0.017016360833695485,0.00022299588693578177,0.0002619151432235783,0.0002619151432235783
3.083,0.017019317189583306,0.00022310413554689753,0.0002621381932342511,0.0002621381932342511
3.084,0.017022272450727245,0.00022321239097497945,0.0002623613514969444,0.0002623613514969444
3.085,0.017025226617532686,0.00022332065320941738,0.00026258461801846985,0.00026258461801846985
3.086,0.017028179690404866,0.00022342892223960653,0.0002628079928056285,0.0002628079928056285
3.087,0.017031131669748872,0.0002235371980549474,0.0002630314758652108,0.0002630314758652108
3.088,0.017034082555969637,0.00022364548064484585,0.0002632550672039966,0.0002632550672039966
3.089,0.01703703234947195,0.00022375376999871302,0.00026347876682875516,0.00026347876682875516
3.09,0.01703998105066044,0.0002238620661059654,0.00026370257474624516,0.00026370257474624516
3.091,0.0170429286599396,0.00022397036895602473,0.0002639264909632147,0.0002639264909632147
3.092,0.01704587517771376,0.00022407867853831815,0.0002641505154864013,0.0002641505154864013
3.093,0.01704882060438711,0.00022418699484227803,0.0002643746483225319,0.0002643746483225319
3.094,0.017051764940363683,0.00022429531785734207,0.00026459888947832287,0.00026459888947832287
3.095,0.01705470818604737,0.0002244036475729533,0.00026482323896048006,0.00026482323896048006
3.096,0.017057650341841906,0.00022451198397856,0.00026504769677569874,0.00026504769677569874
3.097,0.01706059140815088,0.0002246203270636158,0.00026527226293066367,0.00026527226293066367
3.098,0.017063531385377733,0.00022472867681757957,0.00026549693743204897,0.00026549693743204897
3.099,0.017066470273925747,0.00022483703322991554,0.00026572172028651827,0.00026572172028651827
3.1,0.01706940807419807,0.00022494539629009318,0.0002659466115007247,0.0002659466115007247
3.101,0.017072344786597686,0.00022505376598758726,0.0002661716110813109,0.0002661716110813109
3.102,0.01707528041152744,0.00022516214231187785,0.00026639671903490883,0.00026639671903490883
3.103,0.01707821494939002,0.00022527052525245033,0.0002666219353681401,0.0002666219353681401
3.104,0.017081148400587973,0.0002253789147987953,0.00026684726008761563,0.00026684726008761563
3.105,0.01708408076552369,0.00022548731094040867,0.00026707269319993607,0.00026707269319993607
3.106,0.01708701204459942,0.00022559571366679166,0.0002672982347116914,0.0002672982347116914
3.107,0.017089942238217255,0.00022570412296745072,0.0002675238846294611,0.0002675238846294611
3.108,0.017092871346779143,0.00022581253883189762,0.0002677496429598142,0.0002677496429598142
3.109,0.017095799370686882,0.00022592096124964936,0.0002679755097093093,0.0002679755097093093
3.11,0.01709872631034212,0.00022602939021022824,0.00026820148488449446,0.00026820148488449446
3.111,0.017101652166146362,0.0002261378257031618,0.0002684275684919072,0.0002684275684919072
3.112,0.017104576938500957,0.00022624626771798286,0.00026865376053807473,0.00026865376053807473
3.113,0.01710750062780711,0.00022635471624422952,0.0002688800610295137,0.0002688800610295137
3.114,0.017110423234465873,0.00022646317127144512,0.0002691064699727302,0.0002691064699727302
3.115,0.017113344758878154,0.00022657163278917827,0.00026933298737422004,0.00026933298737422004
3.116,0.01711626520144471,0.00022668010078698284,0.00026955961324046855,0.00026955961324046855
3.117,0.017119184562566152,0.00022678857525441792,0.0002697863475779506,0.0002697863475779506
3.118,0.017122102842642938,0.0002268970561810479,0.00027001319039313045,0.00027001319039313045
3.119,0.017125020042075383,0.00022700554355644238,0.0002702401416924622,0.0002702401416924622
3.12,0.01712793616126365,0.00022711403737017626,0.00027046720148238946,0.00027046720148238946
3.121,0.017130851200607762,0.00022722253761182963,0.0002706943697693452,0.0002706943697693452
3.122,0.017133765160507578,0.00022733104427098786,0.0002709216465597523,0.0002709216465597523
3.123,0.017136678041362822,0.00022743955733724153,0.0002711490318600229,0.0002711490318600229
3.124,0.017139589843573066,0.00022754807680018651,0.000271376525676559,0.000271376525676559
3.125,0.017142500567537734,0.00022765660264942384,0.0002716041280157521,0.0002716041280157521
3.126,0.017145410213656103,0.00022776513487455987,0.00027183183888398316,0.00027183183888398316
3.1270000000000002,0.017148318782327303,0.00022787367346520612,0.00027205965828762304,0.00027205965828762304
3.128,0.017151226273950312,0.00022798221841097938,0.00027228758623303197,0.00027228758623303197
3.129,0.017154132688923966,0.00022809076970150164,0.0002725156227265599,0.0002725156227265599
3.13,0.017157038027646943,0.00022819932732640014,0.0002727437677745464,0.0002727437677745464
3.1310000000000002,0.017159942290517788,0.00022830789127530735,0.0002729720213833207,0.0002729720213833207
3.132,0.01716284547793489,0.0002284164615378609,0.00027320038355920157,0.00027320038355920157
3.133,0.017165747590296487,0.00022852503810370374,0.0002734288543084975,0.0002734288543084975
3.134,0.017168648628000677,0.00022863362096248397,0.0002736574336375066,0.0002736574336375066
3.1350000000000002,0.01717154859144541,0.0002287422101038549,0.0002738861215525167,0.0002738861215525167
3.136,0.01717444748102848,0.00022885080551747508,0.0002741149180598051,0.0002741149180598051
3.137,0.017177345297147543,0.00022895940719300828,0.0002743438231656389,0.0002743438231656389
3.138,0.017180242040200105,0.00022906801512012344,0.00027457283687627493,0.00027457283687627493
3.1390000000000002,0.017183137710583527,0.00022917662928849476,0.0002748019591979596,0.0002748019591979596
3.14,0.017186032308695018,0.00022928524968780157,0.0002750311901369289,0.0002750311901369289
3.141,0.017188925834931642,0.0002293938763077285,0.00027526052969940873,0.00027526052969940873
3.142,0.017191818289690314,0.0002295025091379653,0.0002754899778916145,0.0002754899778916145
3.1430000000000002,0.01719470967336781,0.00022961114816820696,0.00027571953471975134,0.00027571953471975134
3.144,0.017197599986360744,0.00022971979338815365,0.00027594920019001414,0.00027594920019001414
3.145,0.0172004892290656,0.00022982844478751073,0.00027617897430858745,0.00027617897430858745
3.146,0.017203377401878706,0.00022993710235598877,0.0002764088570816455,0.0002764088570816455
3.1470000000000002,0.017206264505196245,0.0002300457660833035,0.0002766388485153524,0.0002766388485153524
3.148,0.017209150539414252,0.00023015443595917587,0.0002768689486158617,0.0002768689486158617
3.149,0.017212035504928617,0.000230263111973332,0.00027709915738931685,0.00027709915738931685
3.15,0.017214919402135084,0.0002303717941155032,0.00027732947484185105,0.00027732947484185105
3.1510000000000002,0.017217802231429248,0.00023048048237542593,0.00027755990097958714,0.00027755990097958714
3.152,0.01722068399320656,0.00023058917674284186,0.00027779043580863775,0.00027779043580863775
3.153,0.01722356468786232,0.00023069787720749786,0.00027802107933510526,0.00027802107933510526
3.154,0.01722644431579169,0.0002308065837591459,0.00027825183156508174,0.00027825183156508174
3.1550000000000002,0.017229322877389677,0.00023091529638754322,0.00027848269250464915,0.00027848269250464915
3.156,0.017232200373051145,0.00023102401508245214,0.00027871366215987905,0.00027871366215987905
3.157,0.017235076803170817,0.00023113273983364017,0.00027894474053683286,0.00027894474053683286
3.158,0.01723795216814326,0.00023124147063088006,0.0002791759276415617,0.0002791759276415617
3.1590000000000003,0.0172408264683629,0.00023135020746394962,0.00027940722348010656,0.00027940722348010656
3.16,0.01724369970422402,0.00023145895032263187,0.00027963862805849813,0.00027963862805849813
3.161,0.017246571876120755,0.000231567699196715,0.00027987014138275694,0.00027987014138275694
3.162,0.01724944298444709,0.00023167645407599235,0.00028010176345889327,0.00028010176345889327
3.1630000000000003,0.017252313029596865,0.0002317852149502624,0.00028033349429290724,0.00028033349429290724
3.164,0.01725518201196378,0.00023189398180932877,0.00028056533389078875,0.00028056533389078875
3.165,0.017258049931941386,0.00023200275464300028,0.00028079728225851745,0.00028079728225851745
3.166,0.017260916789923083,0.00023211153344109085,0.0002810293394020629,0.0002810293394020629
3.1670000000000003,0.017263782586302134,0.00023222031819341958,0.0002812615053273844,0.0002812615053273844
3.168,0.01726664732147165,0.0002323291088898107,0.00028149378004043113,0.00028149378004043113
3.169,0.0172695109958246,0.00023243790552009358,0.000281726163547142,0.000281726163547142
3.17,0.017272373609753807,0.00023254670807410275,0.0002819586558534459,0.0002819586558534459
3.1710000000000003,0.017275235163651946,0.00023265551654167785,0.0002821912569652614,0.0002821912569652614
3.172,0.017278095657911552,0.00023276433091266367,0.000282423966888497,0.000282423966888497
3.173,0.017280955092925005,0.00023287315117691013,0.0002826567856290511,0.0002826567856290511
3.174,0.01728381346908455,0.0002329819773242723,0.00028288971319281186,0.00028288971319281186
3.1750000000000003,0.017286670786782282,0.00023309080934461033,0.0002831227495856573,0.0002831227495856573
3.176,0.017289527046410152,0.00023319964722778955,0.0002833558948134553,0.0002833558948134553
3.177,0.017292382248359963,0.0002333084909636804,0.00028358914888206374,0.00028358914888206374
3.178,0.017295236393023376,0.00023341734054215844,0.0002838225117973302,0.0002838225117973302
3.1790000000000003,0.01729808948079191,0.00023352619595310434,0.0002840559835650922,0.0002840559835650922
3.18,0.01730094151205693,0.0002336350571864039,0.00028428956419117714,0.00028428956419117714
3.181,0.01730379248720966,0.00023374392423194807,0.0002845232536814024,0.0002845232536814024
3.182,0.017306642406641183,0.00023385279707963282,0.0002847570520415751,0.0002847570520415751
3.1830000000000003,0.017309491270742435,0.00023396167571935932,0.00028499095927749234,0.00028499095927749234
3.184,0.017312339079904208,0.00023407056014103383,0.00028522497539494113,0.00028522497539494113
3.185,0.017315185834517143,0.0002341794503345677,0.0002854591003996984,0.0002854591003996984
3.186,0.017318031534971745,0.0002342883462898774,0.00028569333429753085,0.00028569333429753085
3.1870000000000003,0.01732087618165837,0.0002343972479968845,0.00028592767709419533,0.00028592767709419533
3.188,0.01732371977496723,0.00023450615544551567,0.00028616212879543847,0.00028616212879543847
3.189,0.017326562315288393,0.00023461506862570267,0.0002863966894069969,0.0002863966894069969
3.19,0.017329403803011782,0.00023472398752738237,0.0002866313589345971,0.0002866313589345971
3.1910000000000003,0.017332244238527177,0.00023483291214049676,0.0002868661373839555,0.0002868661373839555
3.192,0.01733508362222421,0.00023494184245499288,0.00028710102476077855,0.00028710102476077855
3.193,0.017337921954492373,0.00023505077846082287,0.0002873360210707626,0.0002873360210707626
3.194,0.017340759235721013,0.000235159720147944,0.000287571126319594,0.000287571126319594
3.1950000000000003,0.01734359546629933,0.00023526866750631857,0.00028780634051294893,0.00028780634051294893
3.196,0.017346430646616378,0.00023537762052591398,0.0002880416636564937,0.0002880416636564937
3.197,0.01734926477706108,0.00023548657919670275,0.0002882770957558845,0.0002882770957558845
3.198,0.017352097858022195,0.00023559554350866243,0.0002885126368167675,0.0002885126368167675
3.1990000000000003,0.017354929889888356,0.00023570451345177566,0.00028874828684477885,0.00028874828684477885
3.2,0.017357760873048043,0.0002358134890160302,0.00028898404584554475,0.00028898404584554475
3.201,0.017360590807889594,0.00023592247019141882,0.0002892199138246813,0.0002892199138246813
3.202,0.017363419694801204,0.00023603145696793942,0.00028945589078779464,0.00028945589078779464
3.203,0.01736624753417092,0.00023614044933559494,0.0002896919767404809,0.0002896919767404809
3.204,0.017369074326386652,0.00023624944728439337,0.0002899281716883262,0.0002899281716883262
3.205,0.01737190007183616,0.0002363584508043478,0.00029016447563690674,0.00029016447563690674
3.206,0.01737472477090707,0.00023646745988547638,0.00029040088859178865,0.00029040088859178865
3.207,0.01737754842398685,0.0002365764745178023,0.0002906374105585281,0.0002906374105585281
3.208,0.017380371031462834,0.00023668549469135384,0.0002908740415426713,0.0002908740415426713
3.209,0.017383192593722212,0.0002367945203961643,0.00029111078154975457,0.00029111078154975457
3.21,0.01738601311115203,0.00023690355162227206,0.0002913476305853041,0.0002913476305853041
3.211,0.017388832584139192,0.00023701258835972055,0.00029158458865483625,0.00029158458865483625
3.212,0.017391651013070452,0.00023712163059855823,0.0002918216557638574,0.0002918216557638574
3.213,0.01739446839833243,0.00023723067832883863,0.00029205883191786385,0.00029205883191786385
3.214,0.017397284740311596,0.00023733973154062036,0.0002922961171223422,0.0002922961171223422
3.215,0.01740010003939428,0.00023744879022396699,0.00029253351138276896,0.00029253351138276896
3.216,0.017402914295966673,0.0002375578543689472,0.0002927710147046107,0.0002927710147046107
3.217,0.017405727510414814,0.0002376669239656347,0.0002930086270933241,0.0002930086270933241
3.218,0.017408539683124606,0.00023777599900410822,0.0002932463485543559,0.0002932463485543559
3.219,0.017411350814481804,0.00023788507947445153,0.00029348417909314293,0.00029348417909314293
3.22,0.017414160904872023,0.00023799416536675347,0.0002937221187151121,0.0002937221187151121
3.221,0.017416969954680735,0.00023810325667110785,0.0002939601674256805,0.0002939601674256805
3.222,0.01741977796429327,0.00023821235337761356,0.00029419832523025507,0.00029419832523025507
3.223,0.017422584934094817,0.0002383214554763745,0.0002944365921342331,0.0002944365921342331
3.224,0.017425390864470414,0.00023843056295749958,0.00029467496814300194,0.00029467496814300194
3.225,0.017428195755804968,0.00023853967581110276,0.00029491345326193894,0.00029491345326193894
3.226,0.01743099960848323,0.000238648794027303,0.00029515204749641167,0.00029515204749641167
3.227,0.017433802422889826,0.0002387579175962243,0.00029539075085177776,0.00029539075085177776
3.228,0.017436604199409223,0.00023886704650799567,0.00029562956333338504,0.00029562956333338504
3.229,0.017439404938425756,0.00023897618075275113,0.0002958684849465714,0.0002958684849465714
3.23,0.017442204640323613,0.0002390853203206297,0.00029610751569666494,0.00029610751569666494
3.231,0.01744500330548684,0.00023919446520177546,0.0002963466555889838,0.0002963466555889838
3.232,0.017447800934299346,0.00023930361538633744,0.0002965859046288363,0.0002965859046288363
3.233,0.01745059752714489,0.00023941277086446971,0.00029682526282152097,0.00029682526282152097
3.234,0.01745339308440709,0.00023952193162633134,0.00029706473017232645,0.00029706473017232645
3.235,0.017456187606469428,0.0002396310976620864,0.00029730430668653156,0.00029730430668653156
3.236,0.01745898109371524,0.00023974026896190394,0.0002975439923694053,0.0002975439923694053
3.237,0.01746177354652772,0.00023984944551595807,0.0002977837872262068,0.0002977837872262068
3.238,0.017464564965289916,0.00023995862731442783,0.00029802369126218537,0.00029802369126218537
3.239,0.017467355350384746,0.0002400678143474973,0.0002982637044825805,0.0002982637044825805
3.24,0.017470144702194976,0.0002401770066053555,0.00029850382689262196,0.00029850382689262196
3.241,0.017472933021103233,0.00024028620407819652,0.00029874405849752956,0.00029874405849752956
3.242,0.017475720307492,0.00024039540675621936,0.0002989843993025134,0.0002989843993025134
3.243,0.017478506561743625,0.00024050461462962804,0.00029922484931277376,0.00029922484931277376
3.244,0.017481291784240308,0.00024061382768863154,0.00029946540853350114,0.00029946540853350114
3.245,0.01748407597536411,0.00024072304592344387,0.0002997060769698763,0.0002997060769698763
3.246,0.01748685913549695,0.000240832269324284,0.00029994685462707006,0.00029994685462707006
3.247,0.017489641265020606,0.00024094149788137585,0.0003001877415102436,0.0003001877415102436
3.248,0.017492422364316716,0.00024105073158494836,0.0003004287376245483,0.0003004287376245483
3.249,0.017495202433766774,0.0002411599704252354,0.00030066984297512573,0.00030066984297512573
3.25,0.017497981473752134,0.00024126921439247587,0.00030091105756710777,0.00030091105756710777
3.251,0.017500759484654006,0.00024137846347691355,0.00030115238140561646,0.00030115238140561646
3.2520000000000002,0.017503536466853462,0.00024148771766879725,0.0003013938144957641,0.0003013938144957641
3.253,0.017506312420731435,0.00024159697695838074,0.00030163535684265327,0.00030163535684265327
3.254,0.017509087346668714,0.00024170624133592277,0.00030187700845137684,0.00030187700845137684
3.255,0.017511861245045945,0.000241815510791687,0.00030211876932701787,0.00030211876932701787
3.2560000000000002,0.017514634116243637,0.0002419247853159421,0.0003023606394746497,0.0003023606394746497
3.257,0.01751740596064216,0.00024203406489896166,0.00030260261889933604,0.00030260261889933604
3.258,0.01752017677862173,0.00024214334953102422,0.0003028447076061307,0.0003028447076061307
3.259,0.017522946570562442,0.00024225263920241331,0.00030308690560007783,0.00030308690560007783
3.2600000000000002,0.017525715336844234,0.0002423619339034174,0.000303329212886212,0.000303329212886212
3.261,0.01752848307784691,0.00024247123362432991,0.00030357162946955795,0.00030357162946955795
3.262,0.017531249793950137,0.0002425805383554492,0.00030381415535513074,0.00030381415535513074
3.263,0.017534015485533433,0.00024268984808707854,0.0003040567905479357,0.0003040567905479357
3.2640000000000002,0.01753678015297618,0.0002427991628095262,0.00030429953505296847,0.00030429953505296847
3.265,0.017539543796657616,0.00024290848251310536,0.0003045423888752151,0.0003045423888752151
3.266,0.017542306416956848,0.00024301780718813414,0.00030478535201965183,0.00030478535201965183
3.267,0.017545068014252832,0.00024312713682493562,0.0003050284244912453,0.0003050284244912453
3.2680000000000002,0.01754782858892439,0.00024323647141383776,0.0003052716062949524,0.0003052716062949524
3.269,0.0175505881413502,0.00024334581094517352,0.00030551489743572047,0.00030551489743572047
3.27,0.017553346671908804,0.00024345515540928075,0.000305758297918487,0.000305758297918487
3.271,0.0175561041809786,0.00024356450479650222,0.00030600180774818006,0.00030600180774818006
3.2720000000000002,0.017558860668937845,0.00024367385909718567,0.00030624542692971784,0.00030624542692971784
3.273,0.01756161613616466,0.00024378321830168372,0.00030648915546800903,0.00030648915546800903
3.274,0.017564370583037028,0.0002438925824003539,0.0003067329933679526,0.0003067329933679526
3.275,0.01756712400993278,0.00024400195138355875,0.00030697694063443794,0.00030697694063443794
3.2760000000000002,0.01756987641722962,0.0002441113252416656,0.0003072209972723447,0.0003072209972723447
3.277,0.017572627805305108,0.0002442207039650468,0.000307465163286543,0.000307465163286543
3.278,0.01757537817453666,0.0002443300875440796,0.00030770943868189336,0.00030770943868189336
3.279,0.017578127525301558,0.0002444394759691461,0.00030795382346324656,0.00030795382346324656
3.2800000000000002,0.017580875857976942,0.0002445488692306333,0.0003081983176354438,0.0003081983176354438
3.281,0.01758362317293981,0.00024465826731893324,0.0003084429212033168,0.0003084429212033168
3.282,0.017586369470567027,0.00024476767022444274,0.0003086876341716874,0.0003086876341716874
3.283,0.017589114751235313,0.0002448770779375636,0.0003089324565453682,0.0003089324565453682
3.2840000000000003,0.017591859015321246,0.0002449864904487024,0.0003091773883291619,0.0003091773883291619
3.285,0.01759460226320127,0.0002450959077482708,0.00030942242952786174,0.00030942242952786174
3.286,0.01759734449525169,0.0002452053298266852,0.00030966758014625137,0.00030966758014625137
3.287,0.01760008571184867,0.000245314756674367,0.00030991284018910484,0.00030991284018910484
3.2880000000000003,0.017602825913368234,0.0002454241882817424,0.0003101582096611866,0.0003101582096611866
3.289,0.017605565100186262,0.0002455336246392426,0.00031040368856725167,0.00031040368856725167
3.29,0.017608303272678504,0.00024564306573730355,0.0003106492769120453,0.0003106492769120453
3.291,0.017611040431220568,0.0002457525115663662,0.00031089497470030325,0.00031089497470030325
3.2920000000000003,0.017613776576187918,0.0002458619621168764,0.0003111407819367518,0.0003111407819367518
3.293,0.017616511707955886,0.0002459714173792848,0.0003113866986261076,0.0003113866986261076
3.294,0.01761924582689966,0.00024608087734404694,0.0003116327247730778,0.0003116327247730778
3.295,0.01762197893339429,0.00024619034200162334,0.00031187886038236,0.00031187886038236
3.2960000000000003,0.017624711027814686,0.00024629981134247927,0.00031212510545864216,0.00031212510545864216
3.297,0.017627442110535622,0.0002464092853570849,0.00031237146000660283,0.00031237146000660283
3.298,0.017630172181931737,0.00024651876403591536,0.00031261792403091104,0.00031261792403091104
3.299,0.01763290124237752,0.00024662824736945054,0.00031286449753622624,0.00031286449753622624
3.3000000000000003,0.01763562929224733,0.0002467377353481753,0.00031311118052719837,0.00031311118052719837
3.301,0.017638356331915385,0.0002468472279625792,0.00031335797300846785,0.00031335797300846785
3.302,0.017641082361755767,0.00024695672520315696,0.0003136048749846656,0.0003136048749846656
3.303,0.017643807382142412,0.00024706622706040785,0.0003138518864604131,0.0003138518864604131
3.3040000000000003,0.017646531393449127,0.0002471757335248362,0.00031409900744032215,0.00031409900744032215
3.305,0.017649254396049575,0.00024728524458695114,0.0003143462379289953,0.0003143462379289953
3.306,0.017651976390317282,0.0002473947602372666,0.00031459357793102547,0.00031459357793102547
3.307,0.017654697376625634,0.00024750428046630145,0.00031484102745099607,0.00031484102745099607
3.3080000000000003,0.01765741735534788,0.00024761380526457934,0.00031508858649348116,0.00031508858649348116
3.309,0.01766013632685713,0.00024772333462262885,0.00031533625506304517,0.00031533625506304517
3.31,0.01766285429152636,0.0002478328685309833,0.00031558403316424315,0.00031558403316424315
3.311,0.017665571249728403,0.000247942406980181,0.00031583192080162075,0.00031583192080162075
3.3120000000000003,0.017668287201835955,0.000248051949960765,0.000316079917979714,0.000316079917979714
3.313,0.017671002148221576,0.0002481614974632832,0.00031632802470304955,0.00031632802470304955
3.314,0.017673716089257687,0.0002482710494782884,0.0003165762409761447,0.0003165762409761447
3.315,0.01767642902531657,0.0002483806059963381,0.0003168245668035071,0.0003168245668035071
3.3160000000000003,0.017679140956770367,0.00024849016700799486,0.0003170730021896352,0.0003170730021896352
3.317,0.01768185188399109,0.0002485997325038259,0.0003173215471390178,0.0003173215471390178
3.318,0.017684561807350604,0.0002487093024744033,0.00031757020165613443,0.00031757020165613443
3.319,0.017687270727220643,0.00024881887691030396,0.00031781896574545505,0.00031781896574545505
3.3200000000000003,0.0176899786439728,0.00024892845580210975,0.0003180678394114403,0.0003180678394114403
3.321,0.017692685557978535,0.00024903803914040715,0.0003183168226585414,0.0003183168226585414
3.322,0.017695391469609162,0.00024914762691578764,0.00031856591549120014,0.00031856591549120014
3.323,0.01769809637923586,0.0002492572191188474,0.0003188151179138489,0.0003188151179138489
3.3240000000000003,0.01770080028722968,0.00024936681574018747,0.0003190644299309106,0.0003190644299309106
3.325,0.017703503193961526,0.0002494764167704138,0.0003193138515467989,0.0003193138515467989
3.326,0.017706205099802166,0.000249586022200137,0.00031956338276591795,0.00031956338276591795
3.327,0.017708906005122232,0.0002496956320199726,0.00031981302359266255,0.00031981302359266255
3.3280000000000003,0.01771160591029222,0.00024980524622054094,0.00032006277403141814,0.00032006277403141814
3.329,0.017714304815682484,0.0002499148647924671,0.00032031263408656077,0.00032031263408656077
3.33,0.017717002721663246,0.000250024487726381,0.00032056260376245706,0.00032056260376245706
3.331,0.01771969962860459,0.00025013411501291743,0.00032081268306346437,0.00032081268306346437
3.332,0.017722395536876462,0.0002502437466427159,0.0003210628719939306,0.0003210628719939306
3.333,0.017725090446848668,0.00025035338260642075,0.0003213131705581944,0.0003213131705581944
3.334,0.017727784358890886,0.00025046302289468114,0.00032156357876058495,0.00032156357876058495
3.335,0.017730477273372645,0.000250572667498151,0.00032181409660542214,0.00032181409660542214
3.336,0.01773316919066335,0.00025068231640748903,0.0003220647240970165,0.0003220647240970165
3.337,0.017735860111132255,0.00025079196961335883,0.0003223154612396693,0.0003223154612396693
3.338,0.01773855003514849,0.0002509016271064287,0.0003225663080376723,0.0003225663080376723
3.339,0.017741238963081045,0.0002510112888773717,0.00032281726449530807,0.00032281726449530807
3.34,0.017743926895298766,0.0002511209549168658,0.00032306833061684985,0.00032306833061684985
3.341,0.017746613832170372,0.00025123062521559367,0.0003233195064065615,0.0003233195064065615
3.342,0.01774929977406444,0.00025134029976424274,0.00032357079186869764,0.00032357079186869764
3.343,0.017751984721349413,0.0002514499785535053,0.00032382218700750354,0.00032382218700750354
3.344,0.017754668674393594,0.0002515596615740784,0.0003240736918272151,0.0003240736918272151
3.345,0.017757351633565156,0.0002516693488166638,0.00032432530633205904,0.00032432530633205904
3.346,0.017760033599232127,0.00025177904027196815,0.0003245770305262527,0.0003245770305262527
3.347,0.017762714571762407,0.00025188873593070274,0.0003248288644140041,0.0003248288644140041
3.348,0.017765394551523758,0.0002519984357835838,0.00032508080799951213,0.00032508080799951213
3.349,0.017768073538883798,0.0002521081398213321,0.00032533286128696623,0.00032533286128696623
3.35,0.017770751534210018,0.0002522178480346734,0.0003255850242805467,0.0003255850242805467
3.351,0.01777342853786977,0.00025232756041433814,0.0003258372969844244,0.0003258372969844244
3.352,0.017776104550230272,0.0002524372769510615,0.00032608967940276105,0.00032608967940276105
3.353,0.017778779571658604,0.0002525469976355835,0.0003263421715397091,0.0003263421715397091
3.354,0.017781453602521705,0.00025265672245864876,0.0003265947733994117,0.0003265947733994117
3.355,0.017784126643186387,0.0002527664514110068,0.0003268474849860028,0.0003268474849860028
3.356,0.017786798694019324,0.00025287618448341186,0.0003271003063036071,0.0003271003063036071
3.357,0.01778946975538705,0.00025298592166662296,0.00032735323735633994,0.00032735323735633994
3.358,0.017792139827655963,0.00025309566295140384,0.00032760627814830753,0.00032760627814830753
3.359,0.017794808911192332,0.00025320540832852296,0.00032785942868360685,0.00032785942868360685
3.36,0.017797477006362285,0.0002533151577887536,0.0003281126889663256,0.0003281126889663256
3.361,0.017800144113531816,0.0002534249113228737,0.0003283660590005423,0.0003283660590005423
3.362,0.017802810233066783,0.000253534668921666,0.00032861953879032626,0.00032861953879032626
3.363,0.01780547536533291,0.00025364443057591805,0.00032887312833973747,0.00032887312833973747
3.364,0.017808139510695785,0.00025375419627642195,0.0003291268276528268,0.0003291268276528268
3.365,0.017810802669520856,0.0002538639660139747,0.00032938063673363597,0.00032938063673363597
3.366,0.017813464842173443,0.000253973739779378,0.00032963455558619736,0.00032963455558619736
3.367,0.017816126029018726,0.0002540835175634383,0.00032988858421453425,0.00032988858421453425
3.368,0.017818786230421754,0.0002541932993569667,0.0003301427226226607,0.0003301427226226607
3.369,0.017821445446747436,0.0002543030851507791,0.0003303969708145816,0.0003303969708145816
3.37,0.01782410367836055,0.00025441287493569613,0.00033065132879429263,0.00033065132879429263
3.371,0.017826760925625733,0.0002545226687025431,0.0003309057965657803,0.0003309057965657803
3.372,0.01782941718890749,0.0002546324664421502,0.000331160374133022,0.000331160374133022
3.373,0.017832072468570197,0.00025474226814535203,0.0003314150614999858,0.0003314150614999858
3.374,0.017834726764978086,0.0002548520738029882,0.00033166985867063084,0.00033166985867063084
3.375,0.017837380078495262,0.00025496188340590295,0.0003319247656489069,0.0003319247656489069
3.376,0.017840032409485687,0.00025507169694494517,0.0003321797824387547,0.0003321797824387547
3.3770000000000002,0.017842683758313195,0.0002551815144109685,0.0003324349090441058,0.0003324349090441058
3.378,0.01784533412534148,0.0002552913357948314,0.00033269014546888256,0.00033269014546888256
3.379,0.01784798351093411,0.00025540116108739683,0.00033294549171699835,0.00033294549171699835
3.38,0.017850631915454503,0.00025551099027953266,0.00033320094779235726,0.00033320094779235726
3.3810000000000002,0.01785327933926596,0.00025562082336211137,0.0003334565136988543,0.0003334565136988543
3.382,0.017855925782731635,0.00025573066032601015,0.0003337121894403753,0.0003337121894403753
3.383,0.017858571246214552,0.0002558405011621109,0.000333967975020797,0.000333967975020797
3.384,0.017861215730077602,0.0002559503458613002,0.0003342238704439872,0.0003342238704439872
3.3850000000000002,0.01786385923468354,0.00025606019441446945,0.0003344798757138043,0.0003344798757138043
3.386,0.017866501760394983,0.00025617004681251454,0.0003347359908340978,0.0003347359908340978
3.387,0.01786914330757442,0.00025627990304633616,0.0003349922158087079,0.0003349922158087079
3.388,0.017871783876584207,0.00025638976310683975,0.000335248550641466,0.000335248550641466
3.3890000000000002,0.017874423467786556,0.00025649962698493536,0.0003355049953361941,0.0003355049953361941
3.39,0.017877062081543556,0.00025660949467153776,0.00033576154989670533,0.00033576154989670533
3.391,0.01787969971821715,0.00025671936615756643,0.00033601821432680364,0.00033601821432680364
3.392,0.01788233637816916,0.00025682924143394546,0.00033627498863028393,0.00033627498863028393
3.3930000000000002,0.01788497206176127,0.00025693912049160365,0.000336531872810932,0.000336531872810932
3.394,0.017887606769355018,0.0002570490033214746,0.00033678886687252453,0.00033678886687252453
3.395,0.017890240501311824,0.0002571588899144964,0.0003370459708188293,0.0003370459708188293
3.396,0.017892873257992967,0.0002572687802616119,0.0003373031846536049,0.0003373031846536049
3.3970000000000002,0.017895505039759594,0.00025737867435376863,0.0003375605083806009,0.0003375605083806009
3.398,0.01789813584697272,0.00025748857218191887,0.0003378179420035578,0.0003378179420035578
3.399,0.01790076567999322,0.00025759847373701944,0.0003380754855262071,0.0003380754855262071
3.4,0.01790339453918184,0.0002577083790100319,0.00033833313895227115,0.00033833313895227115
3.4010000000000002,0.017906022424899193,0.00025781828799192245,0.0003385909022854634,0.0003385909022854634
3.402,0.017908649337505755,0.000257928200673662,0.0003388487755294883,0.0003388487755294883
3.403,0.017911275277361874,0.000258038117046226,0.00033910675868804104,0.00033910675868804104
3.404,0.01791390024482776,0.0002581480371005947,0.00033936485176480803,0.00033936485176480803
3.4050000000000002,0.017916524240263486,0.00025825796082775304,0.0003396230547634665,0.0003396230547634665
3.406,0.017919147264029003,0.00025836788821869045,0.00033988136768768476,0.00033988136768768476
3.407,0.01792176931648412,0.0002584778192644011,0.00034013979054112214,0.00034013979054112214
3.408,0.017924390397988516,0.0002585877539558839,0.00034039832332742885,0.00034039832332742885
3.4090000000000003,0.017927010508901733,0.00025869769228414224,0.0003406569660502462,0.0003406569660502462
3.41,0.017929629649583185,0.00025880763424018425,0.0003409157187132064,0.0003409157187132064
3.411,0.01793224782039215,0.00025891757981502276,0.0003411745813199328,0.0003411745813199328
3.412,0.01793486502168777,0.00025902752899967517,0.0003414335538740397,0.0003414335538740397
3.4130000000000003,0.017937481253829064,0.00025913748178516357,0.00034169263637913244,0.00034169263637913244
3.414,0.01794009651717491,0.0002592474381625146,0.0003419518288388073,0.0003419518288388073
3.415,0.01794271081208405,0.0002593573981227597,0.00034221113125665174,0.00034221113125665174
3.416,0.017945324138915104,0.00025946736165693475,0.00034247054363624414,0.00034247054363624414
3.4170000000000003,0.017947936498026548,0.00025957732875608045,0.00034273006598115394,0.00034273006598115394
3.418,0.017950547889776732,0.00025968729941124204,0.00034298969829494165,0.00034298969829494165
3.419,0.017953158314523873,0.0002597972736134694,0.0003432494405811588,0.0003432494405811588
3.42,0.01795576777262605,0.0002599072513538171,0.00034350929284334797,0.00034350929284334797
3.4210000000000003,0.01795837626444122,0.00026001723262334417,0.00034376925508504283,0.00034376925508504283
3.422,0.017960983790327196,0.0002601272174131145,0.0003440293273097681,0.0003440293273097681
3.423,0.017963590350641667,0.00026023720571419646,0.0003442895095210395,0.0003442895095210395
3.424,0.01796619594574218,0.00026034719751766305,0.00034454980172236394,0.00034454980172236394
3.4250000000000003,0.017968800575986158,0.0002604571928145919,0.0003448102039172393,0.0003448102039172393
3.426,0.017971404241730892,0.00026056719159606525,0.0003450707161091546,0.0003450707161091546
3.427,0.017974006943333537,0.00026067719385317,0.00034533133830158997,0.00034533133830158997
3.428,0.017976608681151113,0.00026078719957699773,0.00034559207049801653,0.00034559207049801653
3.4290000000000003,0.017979209455540515,0.00026089720875864444,0.00034585291270189654,0.00034585291270189654
3.43,0.0179818092668585,0.00026100722138921084,0.0003461138649166834,0.0003461138649166834
3.431,0.017984408115461693,0.0002611172374598023,0.00034637492714582164,0.00034637492714582164
3.432,0.017987006001706593,0.0002612272569615287,0.00034663609939274674,0.00034663609939274674
3.4330000000000003,0.017989602925949564,0.00026133727988550463,0.00034689738166088544,0.00034689738166088544
3.434,0.017992198888546834,0.0002614473062228492,0.00034715877395365553,0.00034715877395365553
3.435,0.017994793889854505,0.00026155733596468613,0.00034742027627446596,0.00034742027627446596
3.436,0.01799738793022854,0.0002616673691021438,0.0003476818886267168,0.0003476818886267168
3.4370000000000003,0.017999981010024778,0.00026177740562635513,0.00034794361101379915,0.00034794361101379915
3.438,0.01800257312959892,0.00026188744552845764,0.0003482054434390954,0.0003482054434390954
3.439,0.018005164289306538,0.00026199748879959344,0.0003484673859059791,0.0003484673859059791
3.44,0.018007754489503074,0.0002621075354309093,0.0003487294384178147,0.0003487294384178147
3.4410000000000003,0.01801034373054384,0.00026221758541355647,0.000348991600977958,0.000348991600977958
3.442,0.018012932012784005,0.00026232763873869087,0.0003492538735897559,0.0003492538735897559
3.443,0.01801551933657862,0.00026243769539747297,0.00034951625625654655,0.00034951625625654655
3.444,0.0180181057022826,0.00026254775538106783,0.0003497787489816591,0.0003497787489816591
3.4450000000000003,0.018020691110250724,0.0002626578186806451,0.000350041351768414,0.000350041351768414
3.446,0.018023275560837645,0.000262767885287379,0.00035030406462012274,0.00035030406462012274
3.447,0.018025859054397884,0.00026287795519244837,0.00035056688754008815,0.00035056688754008815
3.448,0.01802844159128583,0.00026298802838703656,0.0003508298205316041,0.0003508298205316041
3.4490000000000003,0.018031023171855735,0.0002630981048623315,0.0003510928635979558,0.0003510928635979558
3.45,0.018033603796461732,0.00026320818460952576,0.00035135601674241945,0.00035135601674241945
3.451,0.018036183465457815,0.0002633182676198164,0.00035161927996826256,0.00035161927996826256
3.452,0.018038762179197847,0.00026342835388440514,0.00035188265327874385,0.00035188265327874385
3.4530000000000003,0.01804133993803556,0.00026353844339449816,0.0003521461366771132,0.0003521461366771132
3.454,0.018043916742324556,0.00026364853614130627,0.0003524097301666118,0.0003524097301666118
3.455,0.018046492592418306,0.00026375863211604484,0.0003526734337504718,0.0003526734337504718
3.456,0.01804906748867015,0.0002638687313099338,0.0003529372474319169,0.0003529372474319169
3.457,0.018051641431433302,0.00026397883371419756,0.0003532011712141618,0.0003532011712141618
3.458,0.018054214421060834,0.0002640889393200652,0.00035346520510041253,0.00035346520510041253
3.459,0.018056786457905698,0.0002641990481187703,0.00035372934909386623,0.00035372934909386623
3.46,0.01805935754232071,0.00026430916010155106,0.00035399360319771144,0.00035399360319771144
3.461,0.018061927674658557,0.0002644192752596501,0.0003542579674151278,0.0003542579674151278
3.462,0.018064496855271794,0.00026452939358431466,0.00035452244174928626,0.00035452244174928626
3.463,0.018067065084512845,0.0002646395150667966,0.000354787026203349,0.000354787026203349
3.464,0.018069632362734008,0.00026474963969835223,0.00035505172078046954,0.00035505172078046954
3.465,0.018072198690287446,0.0002648597674702424,0.0003553165254837925,0.0003553165254837925
3.466,0.018074764067525194,0.00026496989837373255,0.00035558144031645387,0.00035558144031645387
3.467,0.018077328494799153,0.00026508003240009265,0.0003558464652815809,0.0003558464652815809
3.468,0.0180798919724611,0.00026519016954059717,0.0003561116003822921,0.0003561116003822921
3.469,0.018082454500862672,0.00026530030978652515,0.0003563768456216972,0.0003563768456216972
3.47,0.018085016080355388,0.0002654104531291602,0.0003566422010028974,0.0003566422010028974
3.471,0.018087576711290628,0.0002655205995597904,0.0003569076665289849,0.0003569076665289849
3.472,0.018090136394019643,0.00026563074906970843,0.0003571732422030434,0.0003571732422030434
3.473,0.018092695128893558,0.00026574090165021135,0.00035743892802814783,0.00035743892802814783
3.474,0.018095252916263363,0.0002658510572926009,0.00035770472400736445,0.00035770472400736445
3.475,0.018097809756479923,0.0002659612159881833,0.00035797063014375075,0.00035797063014375075
3.476,0.018100365649893972,0.0002660713777282693,0.0003582366464403556,0.0003582366464403556
3.477,0.018102920596856108,0.0002661815425041741,0.0003585027729002192,0.0003585027729002192
3.478,0.018105474597716806,0.00026629171030721755,0.000358769009526373,0.000358769009526373
3.479,0.01810802765282641,0.0002664018811287239,0.0003590353563218398,0.0003590353563218398
3.48,0.01811057976253513,0.00026651205496002194,0.00035930181328963374,0.00035930181328963374
3.481,0.018113130927193057,0.000266622231792445,0.0003595683804327602,0.0003595683804327602
3.482,0.018115681147150137,0.00026673241161733087,0.0003598350577542161,0.0003598350577542161
3.483,0.018118230422756197,0.00026684259442602196,0.0003601018452569895,0.0003601018452569895
3.484,0.018120778754360935,0.00026695278020986507,0.00036036874294405986,0.00036036874294405986
3.485,0.018123326142313913,0.0002670629689602116,0.00036063575081839806,0.00036063575081839806
3.486,0.01812587258696457,0.00026717316066841737,0.00036090286888296625,0.00036090286888296625
3.487,0.018128418088662206,0.00026728335532584275,0.00036117009714071795,0.00036117009714071795
3.488,0.018130962647756006,0.0002673935529238526,0.0003614374355945981,0.0003614374355945981
3.489,0.018133506264595013,0.00026750375345381625,0.00036170488424754294,0.00036170488424754294
3.49,0.018136048939528148,0.0002676139569071076,0.0003619724431024802,0.0003619724431024802
3.491,0.018138590672904197,0.0002677241632751049,0.00036224011216232874,0.00036224011216232874
3.492,0.018141131465071823,0.00026783437254919115,0.0003625078914299991,0.0003625078914299991
3.493,0.018143671316379558,0.00026794458472075353,0.00036277578090839293,0.00036277578090839293
3.494,0.018146210227175802,0.0002680547997811839,0.0003630437806004035,0.0003630437806004035
3.495,0.01814874819780883,0.00026816501772187866,0.00036331189050891536,0.00036331189050891536
3.496,0.018151285228626787,0.0002682752385342385,0.00036358011063680447,0.00036358011063680447
3.497,0.018153821319977684,0.00026838546220966865,0.0003638484409869382,0.0003638484409869382
3.498,0.01815635647220941,0.000268495688739579,0.0003641168815621753,0.0003641168815621753
3.499,0.018158890685669723,0.0002686059181153837,0.000364385432365366,0.000364385432365366
3.5,0.01816142396070625,0.00026871615032850144,0.00036465409339935185,0.00036465409339935185
3.501,0.018163956297666494,0.0002688263853703554,0.0003649228646669659,0.0003649228646669659
3.5020000000000002,0.018166487696897823,0.0002689366232323733,0.00036519174617103263,0.00036519174617103263
3.503,0.01816901815874748,0.0002690468639059873,0.00036546073791436786,0.00036546073791436786
3.504,0.01817154768356258,0.0002691571073826339,0.0003657298398997789,0.0003657298398997789
3.505,0.018174076271690112,0.0002692673536537542,0.0003659990521300646,0.0003659990521300646
3.5060000000000002,0.018176603923476926,0.0002693776027107937,0.00036626837460801507,0.00036626837460801507
3.507,0.018179130639269757,0.0002694878545452025,0.000366537807336412,0.000366537807336412
3.508,0.0181816564194152,0.000269598109148435,0.0003668073503180284,0.0003668073503180284
3.509,0.018184181264259733,0.0002697083665119501,0.00036707700355562893,0.00036707700355562893
3.5100000000000002,0.018186705174149696,0.00026981862662721123,0.0003673467670519696,0.0003673467670519696
3.511,0.018189228149431302,0.0002699288894856862,0.0003676166408097978,0.0003676166408097978
3.512,0.01819175019045064,0.0002700391550788473,0.0003678866248318525,0.0003678866248318525
3.513,0.018194271297553674,0.00027014942339817125,0.00036815671912086416,0.00036815671912086416
3.5140000000000002,0.01819679147108623,0.0002702596944351393,0.0003684269236795547,0.0003684269236795547
3.515,0.01819931071139401,0.000270369968181237,0.0003686972385106375,0.0003686972385106375
3.516,0.01820182901882259,0.0002704802446279546,0.00036896766361681736,0.00036896766361681736
3.517,0.018204346393717416,0.0002705905237667865,0.00036923819900079076,0.00036923819900079076
3.5180000000000002,0.01820686283642381,0.0002707008055892317,0.00036950884466524546,0.00036950884466524546
3.519,0.018209378347286958,0.00027081109008679364,0.0003697796006128609,0.0003697796006128609
3.52,0.01821189292665193,0.00027092137725098016,0.00037005046684630795,0.00037005046684630795
3.521,0.018214406574863656,0.00027103166707330363,0.0003703214433682489,0.0003703214433682489
3.5220000000000002,0.018216919292266945,0.0002711419595452807,0.00037059253018133773,0.00037059253018133773
3.523,0.01821943107920648,0.0002712522546584326,0.00037086372728821986,0.00037086372728821986
3.524,0.018221941936026807,0.0002713625524042849,0.0003711350346915322,0.0003711350346915322
3.525,0.018224451863072356,0.00027147285277436765,0.00037140645239390317,0.00037140645239390317
3.5260000000000002,0.018226960860687424,0.00027158315576021526,0.0003716779803979528,0.0003716779803979528
3.527,0.01822946892921618,0.0002716934613533667,0.0003719496187062927,0.0003719496187062927
3.528,0.018231976069002665,0.0002718037695453652,0.00037222136732152584,0.00037222136732152584
3.529,0.018234482280390794,0.00027191408032775855,0.0003724932262462469,0.0003724932262462469
3.5300000000000002,0.018236987563724355,0.0002720243936920989,0.000372765195483042,0.000372765195483042
3.531,0.018239491919347012,0.0002721347096299428,0.00037303727503448894,0.00037303727503448894
3.532,0.018241995347602295,0.00027224502813285125,0.00037330946490315693,0.00037330946490315693
3.533,0.018244497848833606,0.0002723553491923897,0.0003735817650916069,0.0003735817650916069
3.5340000000000003,0.01824699942338423,0.0002724656728001279,0.00037385417560239115,0.00037385417560239115
3.535,0.018249500071597317,0.00027257599894764015,0.0003741266964380537,0.0003741266964380537
3.536,0.018251999793815886,0.00027268632762650504,0.00037439932760113023,0.00037439932760113023
3.537,0.01825449859038284,0.00027279665882830567,0.0003746720690941477,0.0003746720690941477
3.5380000000000003,0.01825699646164095,0.00027290699254462944,0.000374944920919625,0.000374944920919625
3.539,0.018259493407932856,0.0002730173287670683,0.00037521788308007235,0.00037521788308007235
3.54,0.018261989429601076,0.00027312766748721845,0.0003754909555779917,0.0003754909555779917
3.541,0.018264484526988,0.00027323800869668056,0.0003757641384158766,0.0003757641384158766
3.5420000000000003,0.01826697870043589,0.0002733483523870597,0.0003760374315962121,0.0003760374315962121
3.543,0.018269471950286883,0.0002734586985499654,0.0003763108351214749,0.0003763108351214749
3.544,0.01827196427688299,0.0002735690471770114,0.00037658434899413335,0.00037658434899413335
3.545,0.018274455680566095,0.00027367939825981606,0.0003768579732166475,0.0003768579732166475
3.5460000000000003,0.01827694616167795,0.0002737897517900019,0.0003771317077914688,0.0003771317077914688
3.547,0.018279435720560188,0.0002739001077591961,0.00037740555272104047,0.00037740555272104047
3.548,0.01828192435755431,0.00027401046615903,0.00037767950800779735,0.00037767950800779735
3.549,0.018284412073001695,0.00027412082698113937,0.00037795357365416594,0.00037795357365416594
3.5500000000000003,0.018286898867243592,0.00027423119021716445,0.00037822774966256425,0.00037822774966256425
3.551,0.018289384740621126,0.0002743415558587498,0.0003785020360354021,0.0003785020360354021
3.552,0.018291869693475293,0.0002744519238975444,0.00037877643277508085,0.00037877643277508085
3.553,0.018294353726146968,0.00027456229432520153,0.0003790509398839935,0.0003790509398839935
3.5540000000000003,0.018296836838976895,0.0002746726671333789,0.0003793255573645248,0.0003793255573645248
3.555,0.01829931903230569,0.00027478304231373863,0.000379600285219051,0.000379600285219051
3.556,0.01830180030647385,0.00027489341985794714,0.0003798751234499402,0.0003798751234499402
3.557,0.01830428066182174,0.0002750037997576753,0.00038015007205955206,0.00038015007205955206
3.5580000000000003,0.018306760098689596,0.00027511418200459826,0.0003804251310502379,0.0003804251310502379
3.559,0.01830923861741754,0.0002752245665903956,0.0003807003004243409,0.0003807003004243409
3.56,0.01831171621834556,0.0002753349535067513,0.0003809755801841956,0.0003809755801841956
3.561,0.018314192901813516,0.00027544534274535356,0.0003812509703321285,0.0003812509703321285
3.5620000000000003,0.018316668668161146,0.0002755557342978951,0.0003815264708704576,0.0003815264708704576
3.563,0.01831914351772806,0.00027566612815607287,0.0003818020818014928,0.0003818020818014928
3.564,0.01832161745085375,0.0002757765243115883,0.00038207780312753554,0.00038207780312753554
3.565,0.018324090467877564,0.00027588692275614714,0.000382353634850879,0.000382353634850879
3.5660000000000003,0.018326562569138748,0.00027599732348145944,0.0003826295769738081,0.0003826295769738081
3.567,0.018329033754976402,0.00027610772647923966,0.0003829056294985994,0.0003829056294985994
3.568,0.018331504025729514,0.00027621813174120654,0.0003831817924275213,0.0003831817924275213
3.569,0.01833397338173694,0.00027632853925908324,0.0003834580657628338,0.0003834580657628338
3.5700000000000003,0.018336441823337414,0.00027643894902459724,0.00038373444950678867,0.00038373444950678867
3.571,0.01833890935086954,0.0002765493610294804,0.0003840109436616294,0.0003840109436616294
3.572,0.018341375964671797,0.0002766597752654689,0.0003842875482295913,0.0003842875482295913
3.573,0.018343841665082544,0.00027677019172430323,0.0003845642632129013,0.0003845642632129013
3.5740000000000003,0.018346306452440012,0.0002768806103977282,0.0003848410886137781,0.0003848410886137781
3.575,0.018348770327082306,0.00027699103127749305,0.00038511802443443223,0.00038511802443443223
3.576,0.018351233289347405,0.00027710145435535133,0.00038539507067706584,0.00038539507067706584
3.577,0.018353695339573164,0.0002772118796230609,0.0003856722273438729,0.0003856722273438729
3.5780000000000003,0.018356156478097314,0.0002773223070723839,0.0003859494944370391,0.0003859494944370391
3.579,0.018358616705257458,0.0002774327366950869,0.00038622687195874207,0.00038622687195874207
3.58,0.018361076021391077,0.0002775431684829408,0.000386504359911151,0.000386504359911151
3.581,0.018363534426835526,0.0002776536024277207,0.0003867819582964269,0.0003867819582964269
3.5820000000000003,0.018365991921928032,0.0002777640385212062,0.00038705966711672263,0.00038705966711672263
3.583,0.018368448507005704,0.00027787447675518107,0.0003873374863741828,0.0003873374863741828
3.584,0.018370904182405518,0.0002779849171214335,0.00038761541607094377,0.00038761541607094377
3.585,0.018373358948464334,0.0002780953596117559,0.00038789345620913367,0.00038789345620913367
3.586,0.01837581280551888,0.0002782058042179451,0.0003881716067908725,0.0003881716067908725
3.587,0.018378265753905762,0.00027831625093180227,0.00038844986781827207,0.00038844986781827207
3.588,0.01838071779396146,0.00027842669974513273,0.00038872823929343595,0.00038872823929343595
3.589,0.018383168926022334,0.0002785371506497463,0.0003890067212184595,0.0003890067212184595
3.59,0.018385619150424613,0.000278647603637457,0.0003892853135954298,0.0003892853135954298
3.591,0.018388068467504404,0.0002787580587000832,0.000389564016426426,0.000389564016426426
3.592,0.01839051687759769,0.0002788685158294475,0.00038984282971351886,0.00038984282971351886
3.593,0.018392964381040336,0.00027897897501737693,0.00039012175345877107,0.00039012175345877107
3.594,0.018395410978168072,0.0002790894362557028,0.00039040078766423706,0.00039040078766423706
3.595,0.018397856669316506,0.0002791998995362606,0.0003906799323319632,0.0003906799323319632
3.596,0.018400301454821126,0.00027931036485089023,0.0003909591874639876,0.0003909591874639876
3.597,0.018402745335017293,0.0002794208321914359,0.0003912385530623403,0.0003912385530623403
3.598,0.018405188310240246,0.000279531301549746,0.0003915180291290431,0.0003915180291290431
3.599,0.018407630380825095,0.0002796417729176734,0.00039179761566610966,0.00039179761566610966
3.6,0.018410071547106832,0.00027975224628707507,0.00039207731267554556,0.00039207731267554556
3.601,0.018412511809420322,0.00027986272164981236,0.00039235712015934826,0.00039235712015934826
3.602,0.018414951168100303,0.00027997319899775093,0.00039263703811950694,0.00039263703811950694
3.603,0.018417389623481394,0.00028008367832276074,0.00039291706655800277,0.00039291706655800277
3.604,0.01841982717589809,0.00028019415961671594,0.00039319720547680877,0.00039319720547680877
3.605,0.018422263825684758,0.00028030464287149507,0.0003934774548778898,0.0003934774548778898
3.606,0.018424699573175645,0.00028041512807898086,0.00039375781476320266,0.00039375781476320266
3.607,0.01842713441870487,0.0002805256152310604,0.00039403828513469595,0.00039403828513469595
3.608,0.018429568362606435,0.00028063610431962495,0.0003943188659943103,0.0003943188659943103
3.609,0.01843200140521421,0.0002807465953365702,0.000394599557343978,0.000394599557343978
3.61,0.018434433546861948,0.000280857088273796,0.00039488035918562353,0.00039488035918562353
3.611,0.018436864787883277,0.00028096758312320654,0.000395161271521163,0.000395161271521163
3.612,0.0184392951286117,0.0002810780798767102,0.00039544229435250464,0.00039544229435250464
3.613,0.018441724569380594,0.0002811885785262197,0.00039572342768154844,0.00039572342768154844
3.614,0.01844415311052322,0.000281299079063652,0.00039600467151018636,0.00039600467151018636
3.615,0.01844658075237271,0.00028140958148092834,0.0003962860258403023,0.0003962860258403023
3.616,0.018449007495262074,0.0002815200857699742,0.00039656749067377213,0.00039656749067377213
3.617,0.0184514333395242,0.00028163059192271933,0.0003968490660124635,0.0003968490660124635
3.618,0.01845385828549185,0.0002817410999310978,0.00039713075185823614,0.00039713075185823614
3.619,0.01845628233349766,0.00028185160978704785,0.0003974125482129416,0.0003974125482129416
3.62,0.01845870548387415,0.00028196212148251195,0.00039769445507842344,0.00039769445507842344
3.621,0.018461127736953718,0.000282072635009437,0.00039797647245651713,0.00039797647245651713
3.622,0.01846354909306863,0.0002821831503597739,0.0003982586003490501,0.0003982586003490501
3.623,0.01846596955255103,0.00028229366752547806,0.0003985408387578418,0.0003985408387578418
3.624,0.01846838911573295,0.00028240418649850895,0.0003988231876847035,0.0003988231876847035
3.625,0.018470807782946286,0.00028251470727083043,0.00039910564713143857,0.00039910564713143857
3.626,0.01847322555452282,0.00028262522983441045,0.00039938821709984226,0.00039938821709984226
3.6270000000000002,0.018475642430794206,0.0002827357541812213,0.0003996708975917018,0.0003996708975917018
3.628,0.01847805841209198,0.00028284628030323956,0.00039995368860879643,0.00039995368860879643
3.629,0.01848047349874755,0.00028295680819244597,0.00040023659015289736,0.00040023659015289736
3.63,0.018482887691092204,0.0002830673378408255,0.00040051960222576774,0.00040051960222576774
3.6310000000000002,0.01848530098945711,0.00028317786924036736,0.00040080272482916274,0.00040080272482916274
3.632,0.018487713394173304,0.0002832884023830651,0.0004010859579648295,0.0004010859579648295
3.633,0.01849012490557171,0.00028339893726091637,0.00040136930163450725,0.00040136930163450725
3.634,0.018492535523983125,0.0002835094738659231,0.00040165275583992706,0.00040165275583992706
3.6350000000000002,0.018494945249738222,0.0002836200121900915,0.0004019363205828121,0.0004019363205828121
3.636,0.018497354083167557,0.00028373055222543194,0.00040221999586487764,0.00040221999586487764
3.637,0.018499762024601556,0.000283841093963959,0.00040250378168783075,0.00040250378168783075
3.638,0.018502169074370526,0.0002839516373976916,0.00040278767805337066,0.00040278767805337066
3.6390000000000002,0.018504575232804656,0.00028406218251865277,0.00040307168496318856,0.00040307168496318856
3.64,0.018506980500234006,0.0002841727293188698,0.00040335580241896774,0.00040335580241896774
3.641,0.018509384876988517,0.0002842832777903742,0.0004036400304223834,0.0004036400304223834
3.642,0.018511788363398007,0.0002843938279252016,0.0004039243689751029,0.0004039243689751029
3.6430000000000002,0.018514190959792173,0.0002845043797153921,0.00040420881807878557,0.00040420881807878557
3.644,0.01851659266650059,0.00028461493315298976,0.0004044933777350828,0.0004044933777350828
3.645,0.01851899348385271,0.000284725488230043,0.000404778047945638,0.000404778047945638
3.646,0.018521393412177862,0.0002848360449386043,0.0004050628287120867,0.0004050628287120867
3.6470000000000002,0.018523792451805257,0.0002849466032707305,0.0004053477200360564,0.0004053477200360564
3.648,0.01852619060306398,0.00028505716321848264,0.0004056327219191667,0.0004056327219191667
3.649,0.018528587866282992,0.00028516772477392584,0.0004059178343630293,0.0004059178343630293
3.65,0.01853098424179114,0.0002852782879291295,0.00040620305736924786,0.00040620305736924786
3.6510000000000002,0.018533379729917143,0.0002853888526761673,0.0004064883909394182,0.0004064883909394182
3.652,0.0185357743309896,0.00028549941900711697,0.00040677383507512816,0.00040677383507512816
3.653,0.018538168045336992,0.0002856099869140605,0.0004070593897779578,0.0004070593897779578
3.654,0.018540560873287672,0.0002857205563890841,0.000407345055049479,0.000407345055049479
3.6550000000000002,0.018542952815169874,0.00028583112742427817,0.000407630830891256,0.000407630830891256
3.656,0.018545343871311713,0.0002859417000117373,0.000407916717304845,0.000407916717304845
3.657,0.018547734042041176,0.0002860522741435602,0.00040820271429179426,0.00040820271429179426
3.658,0.018550123327686137,0.0002861628498118499,0.00040848882185364426,0.00040848882185364426
3.6590000000000003,0.01855251172857434,0.0002862734270087136,0.00040877503999192747,0.00040877503999192747
3.66,0.018554899245033417,0.00028638400572626244,0.00040906136870816855,0.00040906136870816855
3.661,0.01855728587739087,0.0002864945859566121,0.00040934780800388424,0.00040934780800388424
3.662,0.01855967162597409,0.00028660516769188224,0.00040963435788058343,0.00040963435788058343
3.6630000000000003,0.01856205649111033,0.0002867157509241967,0.00040992101833976704,0.00040992101833976704
3.664,0.018564440473126737,0.0002868263356456835,0.0004102077893829282,0.0004102077893829282
3.665,0.018566823572350333,0.000286936921848475,0.00041049467101155217,0.00041049467101155217
3.666,0.018569205789108017,0.0002870475095247075,0.0004107816632271163,0.0004107816632271163
3.6670000000000003,0.018571587123726568,0.0002871580986665216,0.00041106876603109007,0.00041106876603109007
3.668,0.01857396757653264,0.0002872686892660621,0.0004113559794249352,0.0004113559794249352
3.669,0.018576347147852775,0.0002873792813154779,0.0004116433034101055,0.0004116433034101055
3.67,0.018578725838013385,0.00028748987480692204,0.00041193073798804683,0.00041193073798804683
3.6710000000000003,0.01858110364734077,0.00028760046973255184,0.0004122182831601974,0.0004122182831601974
3.672,0.018583480576161097,0.0002877110660845287,0.0004125059389279874,0.0004125059389279874
3.673,0.018585856624800424,0.00028782166385501817,0.0004127937052928393,0.0004127937052928393
3.674,0.018588231793584684,0.00028793226303619,0.0004130815822561677,0.0004130815822561677
3.6750000000000003,0.018590606082839686,0.0002880428636202181,0.0004133695698193793,0.0004133695698193793
3.676,0.018592979492891123,0.00028815346559928057,0.00041365766798387313,0.00041365766798387313
3.677,0.018595352024064565,0.00028826406896555954,0.0004139458767510403,0.0004139458767510403
3.678,0.018597723676685465,0.0002883746737112414,0.0004142341961222641,0.0004142341961222641
3.6790000000000003,0.018600094451079147,0.0002884852798285167,0.00041452262609891996,0.00041452262609891996
3.68,0.018602464347570825,0.0002885958873095801,0.0004148111666823757,0.0004148111666823757
3.681,0.018604833366485586,0.0002887064961466304,0.0004150998178739911,0.0004150998178739911
3.682,0.0186072015081484,0.00028881710633187063,0.00041538857967511833,0.00041538857967511833
3.6830000000000003,0.01860956877288411,0.00028892771785750783,0.0004156774520871016,0.0004156774520871016
3.684,0.01861193516101745,0.00028903833071575326,0.00041596643511127756,0.00041596643511127756
3.685,0.01861430067287302,0.0002891489448988223,0.00041625552874897476,0.00041625552874897476
3.686,0.018616665308775315,0.00028925956039893455,0.0004165447330015142,0.0004165447330015142
3.6870000000000003,0.018619029069048696,0.0002893701772083136,0.0004168340478702091,0.0004168340478702091
3.688,0.018621391954017415,0.0002894807953191873,0.0004171234733563647,0.0004171234733563647
3.689,0.018623753964005594,0.0002895914147237876,0.0004174130094612787,0.0004174130094612787
3.69,0.018626115099337242,0.00028970203541435057,0.0004177026561862409,0.0004177026561862409
3.6910000000000003,0.01862847536033625,0.0002898126573831164,0.00041799241353253347,0.00041799241353253347
3.692,0.018630834747326377,0.0002899232806223294,0.00041828228150143064,0.00041828228150143064
3.693,0.018633193260631276,0.00029003390512423807,0.00041857226009419903,0.00041857226009419903
3.694,0.018635550900574473,0.000290144530881095,0.00041886234931209747,0.00041886234931209747
3.6950000000000003,0.018637907667479376,0.00029025515788515683,0.000419152549156377,0.000419152549156377
3.696,0.01864026356166927,0.0002903657861286845,0.00041944285962828095,0.00041944285962828095
3.697,0.018642618583467326,0.0002904764156039429,0.0004197332807290449,0.0004197332807290449
3.698,0.01864497273319659,0.0002905870463032011,0.00042002381245989683,0.00042002381245989683
3.6990000000000003,0.01864732601117999,0.00029069767821873234,0.0004203144548220568,0.0004203144548220568
3.7,0.018649678417740335,0.0002908083113428139,0.0004206052078167372,0.0004206052078167372
3.701,0.018652029953200318,0.00029091894566772716,0.0004208960714451427,0.0004208960714451427
3.702,0.018654380617882507,0.00029102958118575766,0.0004211870457084703,0.0004211870457084703
3.7030000000000003,0.01865673041210935,0.0002911402178891951,0.00042147813060790934,0.00042147813060790934
3.704,0.018659079336203182,0.00029125085577033313,0.0004217693261446413,0.0004217693261446413
3.705,0.018661427390486214,0.0002913614948214697,0.00042206063231984,0.00042206063231984
3.706,0.018663774575280536,0.0002914721350349067,0.00042235204913467167,0.00042235204913467167
3.7070000000000003,0.018666120890908123,0.0002915827764029502,0.0004226435765902947,0.0004226435765902947
3.708,0.018668466337690832,0.00029169341891791044,0.00042293521468785987,0.00042293521468785987
3.709,0.018670810915950395,0.00029180406257210163,0.00042322696342851027,0.00042322696342851027
3.71,0.018673154626008426,0.0002919147073578421,0.0004235188228133813,0.0004235188228133813
3.7110000000000003,0.018675497468186423,0.00029202535326745436,0.0004238107928436006,0.0004238107928436006
3.712,0.018677839442805762,0.00029213600029326495,0.00042410287352028826,0.00042410287352028826
3.713,0.018680180550187706,0.0002922466484276045,0.00042439506484455664,0.00042439506484455664
3.714,0.01868252079065339,0.00029235729766280774,0.00042468736681751043,0.00042468736681751043
3.715,0.01868486016452384,0.0002924679479912135,0.00042497977944024664,0.00042497977944024664
3.716,0.018687198672119952,0.0002925785994051647,0.00042527230271385466,0.00042527230271385466
3.717,0.018689536313762512,0.0002926892518970083,0.0004255649366394162,0.0004255649366394162
3.718,0.018691873089772184,0.00029279990545909545,0.0004258576812180054,0.0004258576812180054
3.719,0.01869420900046951,0.00029291056008378123,0.00042615053645068864,0.00042615053645068864
3.72,0.01869654404617492,0.00029302121576342495,0.00042644350233852466,0.00042644350233852466
3.721,0.018698878227208723,0.0002931318724903899,0.0004267365788825646,0.0004267365788825646
3.722,0.018701211543891105,0.0002932425302570435,0.000427029766083852,0.000427029766083852
3.723,0.01870354399654214,0.0002933531890557572,0.00042732306394342273,0.00042732306394342273
3.724,0.018705875585481778,0.0002934638488789066,0.00042761647246230503,0.00042761647246230503
3.725,0.018708206311029856,0.0002935745097188713,0.0004279099916415195,0.0004279099916415195
3.726,0.018710536173506088,0.0002936851715680349,0.00042820362148207917,0.00042820362148207917
3.727,0.018712865173230068,0.00029379583441878533,0.0004284973619849894,0.0004284973619849894
3.728,0.018715193310521277,0.0002939064982635143,0.00042879121315124804,0.00042879121315124804
3.729,0.018717520585699077,0.0002940171630946177,0.0004290851749818452,0.0004290851749818452
3.73,0.01871984699908271,0.00029412782890449554,0.0004293792474777635,0.0004293792474777635
3.731,0.0187221725509913,0.0002942384956855518,0.00042967343063997793,0.00042967343063997793
3.732,0.01872449724174385,0.00029434916343019457,0.00042996772446945585,0.00042996772446945585
3.733,0.01872682107165925,0.000294459832130836,0.000430262128967157,0.000430262128967157
3.734,0.018729144041056266,0.0002945705017798922,0.0004305566441340336,0.0004305566441340336
3.735,0.01873146615025355,0.00029468117236978347,0.0004308512699710304,0.0004308512699710304
3.736,0.018733787399569643,0.00029479184389293413,0.0004311460064790843,0.0004311460064790843
3.737,0.018736107789322953,0.0002949025163417725,0.00043144085365912484,0.00043144085365912484
3.738,0.01873842731983178,0.000295013189708731,0.0004317358115120739,0.0004317358115120739
3.739,0.018740745991414304,0.00029512386398624605,0.0004320308800388458,0.0004320308800388458
3.74,0.018743063804388588,0.0002952345391667582,0.00043232605924034735,0.00043232605924034735
3.741,0.01874538075907257,0.0002953452152427119,0.00043262134911747777,0.00043262134911747777
3.742,0.018747696855784084,0.00029545589220655584,0.0004329167496711287,0.0004329167496711287
3.743,0.018750012094840837,0.00029556657005074254,0.00043321226090218434,0.00043321226090218434
3.744,0.018752326476560416,0.0002956772487677287,0.0004335078828115212,0.0004335078828115212
3.745,0.0187546400012603,0.000295787928349975,0.0004338036154000082,0.0004338036154000082
3.746,0.01875695266925784,0.00029589860878994625,0.000434099458668507,0.000434099458668507
3.747,0.01875926448087028,0.00029600929008011115,0.0004343954126178715,0.0004343954126178715
3.748,0.018761575436414733,0.0002961199722129425,0.0004346914772489481,0.0004346914772489481
3.749,0.01876388553620821,0.00029623065518091714,0.00043498765256257577,0.00043498765256257577
3.75,0.018766194780567597,0.00029634133897651595,0.0004352839385595858,0.0004352839385595858
3.751,0.01876850316980966,0.00029645202359222377,0.00043558033524080216,0.00043558033524080216
3.7520000000000002,0.018770810704251045,0.00029656270902052957,0.00043587684260704113,0.00043587684260704113
3.753,0.018773117384208296,0.0002966733952539262,0.0004361734606591116,0.0004361734606591116
3.754,0.018775423209997824,0.00029678408228491073,0.00043647018939781487,0.00043647018939781487
3.755,0.018777728181935932,0.0002968947701059841,0.00043676702882394476,0.00043676702882394476
3.7560000000000002,0.0187800323003388,0.0002970054587096513,0.0004370639789382877,0.0004370639789382877
3.757,0.018782335565522498,0.00029711614808842135,0.00043736103974162247,0.00043736103974162247
3.758,0.01878463797780297,0.00029722683823480724,0.0004376582112347204,0.0004376582112347204
3.759,0.01878693953749605,0.0002973375291413261,0.0004379554934183455,0.0004379554934183455
3.7600000000000002,0.018789240244917453,0.0002974482208004989,0.000438252886293254,0.000438252886293254
3.761,0.018791540100382774,0.00029755891320485073,0.00043855038986019486,0.00043855038986019486
3.762,0.018793839104207496,0.0002976696063469107,0.0004388480041199096,0.0004388480041199096
3.763,0.018796137256706983,0.0002977803002192119,0.0004391457290731321,0.0004391457290731321
3.7640000000000002,0.01879843455819648,0.00029789099481429136,0.00043944356472058895,0.00043944356472058895
3.765,0.01880073100899112,0.00029800169012469025,0.00043974151106299916,0.00043974151106299916
3.766,0.01880302660940592,0.0002981123861429536,0.0004400395681010743,0.0004400395681010743
3.767,0.018805321359755767,0.0002982230828616305,0.00044033773583551856,0.00044033773583551856
3.7680000000000002,0.01880761526035545,0.00029833378027327407,0.0004406360142670286,0.0004406360142670286
3.769,0.01880990831151963,0.0002984444783704414,0.0004409344033962936,0.0004409344033962936
3.77,0.018812200513562857,0.00029855517714569356,0.0004412329032239955,0.0004412329032239955
3.771,0.01881449186679956,0.00029866587659159563,0.00044153151375080855,0.00044153151375080855
3.7720000000000002,0.018816782371544053,0.0002987765767007167,0.0004418302349773997,0.0004418302349773997
3.773,0.018819072028110537,0.0002988872774656298,0.00044212906690442854,0.00044212906690442854
3.774,0.01882136083681309,0.00029899797887891197,0.0004424280095325471,0.0004424280095325471
3.775,0.01882364879796568,0.00029910868093314426,0.00044272706286240004,0.00044272706286240004
3.7760000000000002,0.01882593591188216,0.0002992193836209117,0.00044302622689462457,0.00044302622689462457
3.777,0.018828222178876253,0.0002993300869348033,0.00044332550162985056,0.00044332550162985056
3.778,0.018830507599261585,0.000299440790867412,0.00044362488706870044,0.00044362488706870044
3.779,0.018832792173351653,0.0002995514954113348,0.0004439243832117892,0.0004439243832117892
3.7800000000000002,0.01883507590145984,0.0002996622005591726,0.0004442239900597244,0.0004442239900597244
3.781,0.01883735878389942,0.00029977290630353034,0.00044452370761310635,0.00044452370761310635
3.782,0.01883964082098354,0.00029988361263701694,0.00044482353587252784,0.00044482353587252784
3.783,0.018841922013025238,0.0002999943195522452,0.0004451234748385743,0.0004451234748385743
3.7840000000000003,0.018844202360337438,0.00030010502704183204,0.00044542352451182375,0.00044542352451182375
3.785,0.01884648186323294,0.0003002157350983982,0.00044572368489284695,0.00044572368489284695
3.786,0.01884876052202444,0.0003003264437145685,0.0004460239559822071,0.0004460239559822071
3.787,0.018851038337024503,0.00030043715288297166,0.0004463243377804602,0.0004463243377804602
3.7880000000000003,0.01885331530854559,0.0003005478625962404,0.0004466248302881547,0.0004466248302881547
3.789,0.018855591436900045,0.00030065857284701134,0.00044692543350583185,0.00044692543350583185
3.79,0.018857866722400092,0.0003007692836279252,0.00044722614743402544,0.00044722614743402544
3.791,0.018860141165357842,0.00030087999493162644,0.00044752697207326196,0.00044752697207326196
3.7920000000000003,0.01886241476608529,0.0003009907067507637,0.0004478279074240605,0.0004478279074240605
3.793,0.018864687524894314,0.0003011014190779895,0.00044812895348693286,0.00044812895348693286
3.794,0.018866959442096678,0.00030121213190596025,0.0004484301102623834,0.0004484301102623834
3.795,0.018869230518004033,0.00030132284522733634,0.00044873137775090923,0.00044873137775090923
3.7960000000000003,0.01887150075292791,0.00030143355903478216,0.0004490327559530001,0.0004490327559530001
3.797,0.018873770147179725,0.00030154427332096606,0.0004493342448691384,0.0004493342448691384
3.798,0.018876038701070783,0.00030165498807856026,0.0004496358444997992,0.0004496358444997992
3.799,0.01887830641491227,0.00030176570330024097,0.0004499375548454502,0.0004499375548454502
3.8000000000000003,0.018880573289015257,0.00030187641897868835,0.00045023937590655194,0.00045023937590655194
3.801,0.018882839323690705,0.0003019871351065865,0.00045054130768355745,0.00045054130768355745
3.802,0.018885104519249452,0.0003020978516766234,0.0004508433501769125,0.0004508433501769125
3.803,0.018887368876002224,0.0003022085686814911,0.00045114550338705564,0.00045114550338705564
3.8040000000000003,0.018889632394259635,0.00030231928611388546,0.000451447767314418,0.000451447767314418
3.805,0.018891895074332178,0.00030243000396650634,0.0004517501419594235,0.0004517501419594235
3.806,0.018894156916530236,0.00030254072223205754,0.00045205262732248865,0.00045205262732248865
3.807,0.018896417921164078,0.0003026514409032468,0.0004523552234040228,0.0004523552234040228
3.8080000000000003,0.01889867808854385,0.00030276215997278565,0.00045265793020442794,0.00045265793020442794
3.809,0.018900937418979594,0.00030287287943338975,0.00045296074772409876,0.00045296074772409876
3.81,0.018903195912781227,0.0003029835992777786,0.0004532636759634227,0.0004532636759634227
3.811,0.01890545357025856,0.0003030943194986756,0.00045356671492277986,0.00045356671492277986
3.8120000000000003,0.01890771039172128,0.0003032050400888082,0.0004538698646025431,0.0004538698646025431
3.813,0.018909966377478975,0.0003033157610409076,0.00045417312500307814,0.00045417312500307814
3.814,0.0189122215278411,0.000303426482347709,0.00045447649612474317,0.00045447649612474317
3.815,0.018914475843117007,0.00030353720400195155,0.00045477997796788933,0.00045477997796788933
3.8160000000000003,0.018916729323615926,0.00030364792599637825,0.00045508357053286044,0.00045508357053286044
3.817,0.01891898196964698,0.00030375864832373606,0.00045538727381999307,0.00045538727381999307
3.818,0.01892123378151917,0.00030386937097677584,0.0004556910878296165,0.0004556910878296165
3.819,0.018923484759541392,0.00030398009394825236,0.0004559950125620528,0.0004559950125620528
3.8200000000000003,0.01892573490402242,0.00030409081723092434,0.00045629904801761675,0.00045629904801761675
3.821,0.01892798421527091,0.0003042015408175544,0.00045660319419661596,0.00045660319419661596
3.822,0.01893023269359542,0.00030431226470090903,0.0004569074510993508,0.0004569074510993508
3.823,0.018932480339304374,0.0003044229888737586,0.0004572118187261143,0.0004572118187261143
3.8240000000000003,0.018934727152706096,0.00030453371332887747,0.0004575162970771924,0.0004575162970771924
3.825,0.01893697313410879,0.00030464443805904387,0.00045782088615286377,0.00045782088615286377
3.826,0.018939218283820544,0.0003047551630570399,0.00045812558595339977,0.00045812558595339977
3.827,0.01894146260214934,0.0003048658883156516,0.0004584303964790647,0.0004584303964790647
3.8280000000000003,0.018943706089403035,0.00030497661382766886,0.00045873531773011554,0.00045873531773011554
3.829,0.018945948745889382,0.0003050873395858855,0.0004590403497068021,0.0004590403497068021
3.83,0.018948190571916015,0.0003051980655830993,0.00045934549240936697,0.00045934549240936697
3.831,0.01895043156779045,0.00030530879181211177,0.00045965074583804554,0.00045965074583804554
3.8320000000000003,0.0189526717338201,0.0003054195182657285,0.00045995610999306606,0.00045995610999306606
3.833,0.018954911070312254,0.00030553024493675874,0.0004602615848746495,0.0004602615848746495
3.834,0.018957149577574092,0.0003056409718180159,0.00046056717048300965,0.00046056717048300965
3.835,0.01895938725591268,0.0003057516989023171,0.0004608728668183532,0.0004608728668183532
3.8360000000000003,0.018961624105634973,0.00030586242618248335,0.00046117867388087956,0.00046117867388087956
3.837,0.018963860127047805,0.0003059731536513396,0.00046148459167078107,0.00046148459167078107
3.838,0.018966095320457902,0.0003060838813017147,0.0004617906201882428,0.0004617906201882428
3.839,0.018968329686171875,0.0003061946091264412,0.0004620967594334426,0.0004620967594334426
3.84,0.01897056322449622,0.00030630533711835584,0.0004624030094065514,0.0004624030094065514
3.841,0.01897279593573732,0.000306416065270299,0.00046270937010773266,0.00046270937010773266
3.842,0.01897502782020145,0.0003065267935751149,0.0004630158415371429,0.0004630158415371429
3.843,0.018977258878194764,0.0003066375220256519,0.00046332242369493147,0.00046332242369493147
3.844,0.0189794891100233,0.00030674825061476193,0.00046362911658124045,0.00046362911658124045
3.845,0.018981718515993,0.000306858979335301,0.00046393592019620483,0.00046393592019620483
3.846,0.018983947096409673,0.00030696970818012883,0.0004642428345399525,0.0004642428345399525
3.847,0.018986174851579024,0.0003070804371421092,0.00046454985961260416,0.00046454985961260416
3.848,0.018988401781806646,0.00030719116621410954,0.0004648569954142734,0.0004648569954142734
3.849,0.018990627887398012,0.0003073018953890013,0.0004651642419450667,0.0004651642419450667
3.85,0.01899285316865849,0.0003074126246596597,0.00046547159920508335,0.00046547159920508335
3.851,0.01899507762589333,0.00030752335401896386,0.0004657790671944156,0.0004657790671944156
3.852,0.01899730125940767,0.00030763408345979684,0.0004660866459131485,0.0004660866459131485
3.853,0.018999524069506536,0.0003077448129750454,0.00046639433536136,0.00046639433536136
3.854,0.01900174605649484,0.00030785554255760025,0.00046670213553912104,0.00046670213553912104
3.855,0.01900396722067738,0.0003079662722003559,0.0004670100464464953,0.0004670100464464953
3.856,0.019006187562358844,0.00030807700189621075,0.0004673180680835395,0.0004673180680835395
3.857,0.019008407081843804,0.00030818773163806705,0.0004676262004503031,0.0004676262004503031
3.858,0.019010625779436723,0.0003082984614188309,0.00046793444354682864,0.00046793444354682864
3.859,0.01901284365544195,0.00030840919123141226,0.0004682427973731514,0.0004682427973731514
3.86,0.019015060710163716,0.00030851992106872486,0.0004685512619292997,0.0004685512619292997
3.861,0.019017276943906147,0.0003086306509236864,0.0004688598372152947,0.0004688598372152947
3.862,0.019019492356973252,0.00030874138078921826,0.0004691685232311506,0.0004691685232311506
3.863,0.01902170694966893,0.00030885211065824584,0.0004694773199768743,0.0004694773199768743
3.864,0.01902392072229696,0.00030896284052369825,0.00046978622745246586,0.00046978622745246586
3.865,0.019026133675161025,0.00030907357037850846,0.0004700952456579181,0.0004700952456579181
3.866,0.019028345808564676,0.00030918430021561333,0.00047040437459321696,0.00047040437459321696
3.867,0.019030557122811365,0.00030929503002795344,0.0004707136142583411,0.0004707136142583411
3.868,0.019032767618204428,0.00030940575980847336,0.0004710229646532623,0.0004710229646532623
3.869,0.019034977295047086,0.0003095164895501214,0.0004713324257779451,0.0004713324257779451
3.87,0.019037186153642447,0.00030962721924584965,0.0004716419976323472,0.0004716419976323472
3.871,0.019039394194293513,0.0003097379488886141,0.00047195168021641913,0.00047195168021641913
3.872,0.019041601417303173,0.00030984867847137456,0.0004722614735301044,0.0004722614735301044
3.873,0.019043807822974195,0.0003099594079870947,0.00047257137757333954,0.00047257137757333954
3.874,0.019046013411609244,0.0003100701374287419,0.0004728813923460539,0.0004728813923460539
3.875,0.019048218183510872,0.0003101808667892875,0.00047319151784817,0.00047319151784817
3.876,0.01905042213898151,0.00031029159606170653,0.0004735017540796031,0.0004735017540796031
3.8770000000000002,0.019052625278323493,0.0003104023252389779,0.00047381210104026166,0.00047381210104026166
3.878,0.01905482760183903,0.0003105130543140843,0.000474122558730047,0.000474122558730047
3.879,0.01905702910983022,0.00031062378328001235,0.0004744331271488534,0.0004744331271488534
3.88,0.01905922980259906,0.00031073451212975235,0.00047474380629656827,0.00047474380629656827
3.8810000000000002,0.019061429680447422,0.00031084524085629847,0.00047505459617307183,0.00047505459617307183
3.882,0.019063628743677077,0.00031095596945264866,0.00047536549677823747,0.00047536549677823747
3.883,0.019065826992589678,0.0003110666979118047,0.0004756765081119314,0.0004756765081119314
3.884,0.019068024427486768,0.0003111774262267722,0.000475987630174013,0.000475987630174013
3.8850000000000002,0.01907022104866978,0.0003112881543905605,0.00047629886296433454,0.00047629886296433454
3.886,0.01907241685644003,0.0003113988823961828,0.00047661020648274137,0.00047661020648274137
3.887,0.019074611851098724,0.00031150961023665614,0.0004769216607290718,0.0004769216607290718
3.888,0.019076806032946966,0.00031162033790500126,0.00047723322570315726,0.00047723322570315726
3.8890000000000002,0.01907899940228574,0.0003117310653942428,0.0004775449014048221,0.0004775449014048221
3.89,0.019081191959415916,0.0003118417926974091,0.00047785668783388374,0.00047785668783388374
3.891,0.01908338370463826,0.00031195251980753236,0.00047816858499015257,0.00047816858499015257
3.892,0.01908557463825342,0.00031206324671764855,0.00047848059287343214,0.00047848059287343214
3.8930000000000002,0.019087764760561936,0.0003121739734207974,0.0004787927114835189,0.0004787927114835189
3.894,0.01908995407186424,0.00031228469991002254,0.0004791049408202024,0.0004791049408202024
3.895,0.019092142572460644,0.0003123954261783713,0.00047941728088326526,0.00047941728088326526
3.896,0.019094330262651355,0.0003125061522188947,0.00047972973167248315,0.00047972973167248315
3.8970000000000002,0.01909651714273647,0.00031261687802464777,0.00048004229318762475,0.00048004229318762475
3.898,0.01909870321301597,0.0003127276035886892,0.00048035496542845187,0.00048035496542845187
3.899,0.01910088847378973,0.00031283832890408145,0.00048066774839471924,0.00048066774839471924
3.9,0.019103072925357508,0.0003129490539638908,0.0004809806420861748,0.0004809806420861748
3.9010000000000002,0.01910525656801896,0.00031305977876118724,0.0004812936465025595,0.0004812936465025595
3.902,0.019107439402073618,0.00031317050328904465,0.0004816067616436073,0.0004816067616436073
3.903,0.019109621427820918,0.0003132812275405406,0.00048191998750904543,0.00048191998750904543
3.904,0.019111802645560172,0.0003133919515087565,0.000482233324098594,0.000482233324098594
3.9050000000000002,0.01911398305559059,0.0003135026751867774,0.00048254677141196624,0.00048254677141196624
3.906,0.019116162658211266,0.0003136133985676923,0.0004828603294488685,0.0004828603294488685
3.907,0.019118341453721186,0.00031372412164459385,0.00048317399820900026,0.00048317399820900026
3.908,0.019120519442419225,0.0003138348444105785,0.00048348777769205404,0.00048348777769205404
3.9090000000000003,0.019122696624604148,0.0003139455668587464,0.0004838016678977155,0.0004838016678977155
3.91,0.019124873000574607,0.0003140562889822016,0.00048411566882566333,0.00048411566882566333
3.911,0.019127048570629145,0.00031416701077405186,0.0004844297804755694,0.0004844297804755694
3.912,0.019129223335066194,0.00031427773222740866,0.00048474400284709865,0.00048474400284709865
3.9130000000000003,0.019131397294184074,0.0003143884533353872,0.0004850583359399091,0.0004850583359399091
3.914,0.019133570448280998,0.0003144991740911066,0.000485372779753652,0.000485372779753652
3.915,0.019135742797655068,0.0003146098944876896,0.0004856873342879716,0.0004856873342879716
3.916,0.01913791434260427,0.00031472061451826266,0.00048600199954250536,0.00048600199954250536
3.9170000000000003,0.01914008508342649,0.0003148313341759561,0.0004863167755168838,0.0004863167755168838
3.918,0.01914225502041949,0.00031494205345390403,0.0004866316622107307,0.0004866316622107307
3.919,0.019144424153880936,0.0003150527723452442,0.0004869466596236628,0.0004869466596236628
3.92,0.019146592484108372,0.00031516349084311814,0.00048726176775529007,0.00048726176775529007
3.9210000000000003,0.01914876001139924,0.00031527420894067107,0.0004875769866052156,0.0004875769866052156
3.922,0.019150926736050868,0.0003153849266310521,0.00048789231617303564,0.00048789231617303564
3.923,0.019153092658360477,0.00031549564390741393,0.00048820775645833965,0.00048820775645833965
3.924,0.019155257778625173,0.00031560636076291315,0.0004885233074607101,0.0004885233074607101
3.9250000000000003,0.019157422097141958,0.00031571707719070996,0.0004888389691797229,0.0004888389691797229
3.926,0.019159585614207716,0.00031582779318396835,0.0004891547416149468,0.0004891547416149468
3.927,0.01916174833011923,0.00031593850873585605,0.0004894706247659437,0.0004894706247659437
3.928,0.019163910245173166,0.00031604922383954455,0.0004897866186322691,0.0004897866186322691
3.9290000000000003,0.019166071359666085,0.000316159938488209,0.0004901027232134712,0.0004901027232134712
3.93,0.019168231673894434,0.0003162706526750284,0.0004904189385090916,0.0004904189385090916
3.931,0.019170391188154553,0.00031638136639318534,0.0004907352645186651,0.0004907352645186651
3.932,0.019172549902742673,0.00031649207963586624,0.0004910517012417195,0.0004910517012417195
3.9330000000000003,0.019174707817954915,0.00031660279239626127,0.000491368248677776,0.000491368248677776
3.934,0.019176864934087285,0.0003167135046675642,0.000491684906826349,0.000491684906826349
3.935,0.019179021251435686,0.0003168242164429726,0.0004920016756869459,0.0004920016756869459
3.936,0.01918117677029591,0.0003169349277156878,0.0004923185552590674,0.0004923185552590674
3.9370000000000003,0.01918333149096364,0.0003170456384789148,0.0004926355455422075,0.0004926355455422075
3.938,0.019185485413734445,0.00031715634872586234,0.0004929526465358532,0.0004929526465358532
3.939,0.019187638538903786,0.00031726705844974286,0.0004932698582394849,0.0004932698582394849
3.94,0.01918979086676702,0.00031737776764377253,0.0004935871806525761,0.0004935871806525761
3.9410000000000003,0.019191942397619392,0.00031748847630117124,0.0004939046137745935,0.0004939046137745935
3.942,0.019194093131756032,0.00031759918441516256,0.0004942221576049973,0.0004942221576049973
3.943,0.019196243069471968,0.0003177098919789738,0.0004945398121432405,0.0004945398121432405
3.944,0.019198392211062117,0.00031782059898583605,0.0004948575773887695,0.0004948575773887695
3.9450000000000003,0.019200540556821286,0.00031793130542898395,0.0004951754533410242,0.0004951754533410242
3.946,0.019202688107044168,0.00031804201130165594,0.0004954934399994373,0.0004954934399994373
3.947,0.019204834862025354,0.0003181527165970942,0.0004958115373634351,0.0004958115373634351
3.948,0.019206980822059325,0.00031826342130854453,0.0004961297454324368,0.0004961297454324368
3.9490000000000003,0.019209125987440453,0.0003183741254292565,0.0004964480642058552,0.0004964480642058552
3.95,0.019211270358462994,0.0003184848289524834,0.0004967664936830961,0.0004967664936830961
3.951,0.019213413935421104,0.0003185955318714821,0.0004970850338635587,0.0004970850338635587
3.952,0.019215556718608827,0.00031870623417951327,0.0004974036847466355,0.0004974036847466355
3.9530000000000003,0.019217698708320095,0.00031881693586984124,0.0004977224463317119,0.0004977224463317119
3.954,0.019219839904848737,0.00031892763693573407,0.000498041318618167,0.000498041318618167
3.955,0.019221980308488467,0.0003190383373704635,0.0004983603016053729,0.0004983603016053729
3.956,0.019224119919532892,0.0003191490371673049,0.0004986793952926953,0.0004986793952926953
3.9570000000000003,0.019226258738275517,0.00031925973631953737,0.0004989985996794928,0.0004989985996794928
3.958,0.019228396765009727,0.00031937043482044373,0.0004993179147651173,0.0004993179147651173
3.959,0.019230534000028807,0.0003194811326633105,0.0004996373405489143,0.0004996373405489143
3.96,0.01923267044362593,0.0003195918298414278,0.0004999568770302224,0.0004999568770302224
3.9610000000000003,0.019234806096094164,0.0003197025263480895,0.0005002765242083733,0.0005002765242083733
3.962,0.01923694095772646,0.0003198132221765931,0.0005005962820826925,0.0005005962820826925
3.963,0.01923907502881567,0.00031992391732023985,0.0005009161506524982,0.0005009161506524982
3.964,0.01924120830965453,0.00032003461177233463,0.0005012361299171024,0.0005012361299171024
3.9650000000000003,0.019243340800535674,0.000320145305526186,0.0005015562198758102,0.0005015562198758102
3.966,0.019245472501751622,0.0003202559985751062,0.0005018764205279198,0.0005018764205279198
3.967,0.019247603413594792,0.00032036669091241115,0.0005021967318727231,0.0005021967318727231
3.968,0.019249733536357488,0.00032047738253142044,0.0005025171539095052,0.0005025171539095052
3.969,0.01925186287033191,0.00032058807342545735,0.0005028376866375444,0.0005028376866375444
3.97,0.019253991415810145,0.00032069876358784883,0.0005031583300561123,0.0005031583300561123
3.971,0.019256119173084174,0.0003208094530119254,0.000503479084164474,0.000503479084164474
3.972,0.019258246142445874,0.0003209201416910214,0.0005037999489618879,0.0005037999489618879
3.973,0.01926037232418701,0.00032103082961847476,0.0005041209244476055,0.0005041209244476055
3.974,0.019262497718599232,0.000321141516787627,0.000504442010620872,0.000504442010620872
3.975,0.019264622325974097,0.00032125220319182345,0.0005047632074809258,0.0005047632074809258
3.976,0.019266746146603047,0.000321362888824413,0.0005050845150269984,0.0005050845150269984
3.977,0.01926886918077741,0.0003214735736787482,0.0005054059332583151,0.0005054059332583151
3.978,0.019270991428788416,0.0003215842577481853,0.0005057274621740943,0.0005057274621740943
3.979,0.01927311289092718,0.0003216949410260842,0.0005060491017735477,0.0005060491017735477
3.98,0.019275233567484715,0.00032180562350580833,0.0005063708520558804,0.0005063708520558804
3.981,0.01927735345875192,0.00032191630518072504,0.000506692713020291,0.000506692713020291
3.982,0.01927947256501959,0.00032202698604420505,0.0005070146846659713,0.0005070146846659713
3.983,0.019281590886578413,0.0003221376660896229,0.0005073367669921067,0.0005073367669921067
3.984,0.019283708423718966,0.0003222483453103568,0.0005076589599978757,0.0005076589599978757
3.985,0.019285825176731723,0.00032235902369978837,0.0005079812636824503,0.0005079812636824503
3.986,0.019287941145907046,0.00032246970125130315,0.000508303678044996,0.000508303678044996
3.987,0.01929005633153519,0.0003225803779582902,0.0005086262030846715,0.0005086262030846715
3.988,0.01929217073390631,0.0003226910538141422,0.0005089488388006288,0.0005089488388006288
3.989,0.019294284353310445,0.00032280172881225556,0.0005092715851920138,0.0005092715851920138
3.99,0.019296397190037524,0.0003229124029460302,0.0005095944422579653,0.0005095944422579653
3.991,0.019298509244377378,0.00032302307620886975,0.0005099174099976156,0.0005099174099976156
3.992,0.019300620516619727,0.0003231337485941815,0.0005102404884100906,0.0005102404884100906
3.993,0.01930273100705418,0.00032324442009537633,0.0005105636774945093,0.0005105636774945093
3.994,0.019304840715970245,0.00032335509070586876,0.0005108869772499844,0.0005108869772499844
3.995,0.01930694964365732,0.000323465760419077,0.0005112103876756219,0.0005112103876756219
3.996,0.01930905779040469,0.0003235764292284228,0.0005115339087705212,0.0005115339087705212
3.997,0.019311165156501543,0.00032368709712733153,0.0005118575405337752,0.0005118575405337752
3.998,0.019313271742236956,0.0003237977641092323,0.0005121812829644701,0.0005121812829644701
3.999,0.019315377547899897,0.0003239084301675577,0.0005125051360616857,0.0005125051360616857
4.0,0.019317482573779226,0.0003240190952957441,0.0005128290998244952,0.0005128290998244952
4.001,0.0193195868201637,0.00032412975948723134,0.000513153174251965,0.000513153174251965
4.002,0.01932169028734197,0.00032424042273546295,0.0005134773593431552,0.0005134773593431552
4.003,0.019323792975602574,0.00032435108503388614,0.0005138016550971193,0.0005138016550971193
4.0040000000000004,0.01932589488523395,0.0003244617463759516,0.0005141260615129042,0.0005141260615129042
4.005,0.01932799601652442,0.00032457240675511377,0.0005144505785895502,0.0005144505785895502
4.006,0.01933009636976221,0.0003246830661648306,0.0005147752063260913,0.0005147752063260913
4.007,0.01933219594523543,0.00032479372459856364,0.0005150999447215545,0.0005150999447215545
4.008,0.019334294743232092,0.00032490438204977814,0.0005154247937749609,0.0005154247937749609
4.009,0.019336392764040096,0.000325015038511943,0.0005157497534853245,0.0005157497534853245
4.01,0.019338490007947236,0.0003251256939785305,0.000516074823851653,0.000516074823851653
4.011,0.0193405864752412,0.0003252363484430168,0.0005164000048729475,0.0005164000048729475
4.0120000000000005,0.019342682166209567,0.00032534700189888147,0.0005167252965482028,0.0005167252965482028
4.013,0.019344777081139814,0.00032545765433960775,0.0005170506988764069,0.0005170506988764069
4.014,0.01934687122031931,0.0003255683057586825,0.0005173762118565414,0.0005173762118565414
4.015,0.019348964584035313,0.00032567895614959617,0.0005177018354875814,0.0005177018354875814
4.016,0.019351057172574983,0.0003257896055058428,0.0005180275697684956,0.0005180275697684956
4.017,0.01935314898622537,0.00032590025382091996,0.0005183534146982461,0.0005183534146982461
4.018,0.01935524002527341,0.00032601090108832896,0.0005186793702757883,0.0005186793702757883
4.019,0.019357330290005945,0.0003261215473015746,0.0005190054365000713,0.0005190054365000713
4.0200000000000005,0.019359419780709704,0.00032623219245416526,0.0005193316133700379,0.0005193316133700379
4.021,0.019361508497671313,0.000326342836539613,0.0005196579008846239,0.0005196579008846239
4.022,0.01936359644117729,0.0003264534795514334,0.0005199842990427592,0.0005199842990427592
4.023,0.019365683611514042,0.00032656412148314554,0.0005203108078433668,0.0005203108078433668
4.024,0.01936777000896788,0.0003266747623282723,0.0005206374272853634,0.0005206374272853634
4.025,0.019369855633825005,0.00032678540208034,0.000520964157367659,0.000520964157367659
4.026,0.019371940486371506,0.00032689604073287857,0.0005212909980891575,0.0005212909980891575
4.027,0.019374024566893376,0.0003270066782794215,0.0005216179494487561,0.0005216179494487561
4.0280000000000005,0.019376107875676493,0.000327117314713506,0.0005219450114453455,0.0005219450114453455
4.029,0.019378190413006636,0.00032722795002867257,0.0005222721840778101,0.0005222721840778101
4.03,0.01938027217916947,0.0003273385842184656,0.0005225994673450277,0.0005225994673450277
4.031,0.01938235317445057,0.0003274492172764328,0.0005229268612458697,0.0005229268612458697
4.032,0.019384433399135387,0.00032755984919612564,0.0005232543657792011,0.0005232543657792011
4.033,0.019386512853509275,0.00032767047997109906,0.0005235819809438803,0.0005235819809438803
4.034,0.01938859153785748,0.0003277811095949116,0.0005239097067387596,0.0005239097067387596
4.035,0.019390669452465148,0.0003278917380611254,0.0005242375431626843,0.0005242375431626843
4.0360000000000005,0.019392746597617316,0.0003280023653633061,0.0005245654902144938,0.0005245654902144938
4.037,0.01939482297359891,0.00032811299149502294,0.0005248935478930208,0.0005248935478930208
4.038,0.01939689858069476,0.00032822361644984873,0.0005252217161970915,0.0005252217161970915
4.039,0.019398973419189582,0.00032833424022135984,0.000525549995125526,0.000525549995125526
4.04,0.01940104748936799,0.00032844486280313623,0.0005258783846771376,0.0005258783846771376
4.041,0.0194031207915145,0.00032855548418876137,0.0005262068848507335,0.0005262068848507335
4.042,0.019405193325913506,0.0003286661043718223,0.0005265354956451142,0.0005265354956451142
4.043,0.01940726509284931,0.0003287767233459096,0.0005268642170590741,0.0005268642170590741
4.0440000000000005,0.01940933609260611,0.00032888734110461746,0.0005271930490914009,0.0005271930490914009
4.045,0.019411406325467985,0.0003289979576415436,0.000527521991740876,0.000527521991740876
4.046,0.019413475791718923,0.0003291085729502892,0.0005278510450062746,0.0005278510450062746
4.047,0.0194155444916428,0.0003292191870244592,0.0005281802088863652,0.0005281802088863652
4.048,0.019417612425523388,0.0003293297998576619,0.0005285094833799099,0.0005285094833799099
4.049,0.019419679593644358,0.0003294404114435092,0.0005288388684856647,0.0005288388684856647
4.05,0.019421745996289267,0.0003295510217756166,0.000529168364202379,0.000529168364202379
4.051,0.019423811633741576,0.0003296616308476031,0.0005294979705287959,0.0005294979705287959
4.0520000000000005,0.019425876506284634,0.0003297722386530912,0.000529827687463652,0.000529827687463652
4.053,0.01942794061420169,0.000329882845185707,0.0005301575150056778,0.0005301575150056778
4.054,0.019430003957775888,0.0003299934504390802,0.0005304874531535971,0.0005304874531535971
4.055,0.019432066537290262,0.00033010405440684384,0.0005308175019061274,0.0005308175019061274
4.056,0.019434128353027744,0.00033021465708263473,0.00053114766126198,0.00053114766126198
4.057,0.019436189405271167,0.00033032525846009303,0.0005314779312198598,0.0005314779312198598
4.058,0.019438249694303248,0.00033043585853286255,0.0005318083117784653,0.0005318083117784653
4.059,0.019440309220406612,0.0003305464572945906,0.0005321388029364885,0.0005321388029364885
4.0600000000000005,0.01944236798386377,0.00033065705473892806,0.0005324694046926153,0.0005324694046926153
4.061,0.01944442598495713,0.0003307676508595292,0.0005328001170455251,0.0005328001170455251
4.062,0.019446483223969,0.00033087824565005195,0.000533130939993891,0.000533130939993891
4.063,0.019448539701181575,0.00033098883910415774,0.0005334618735363798,0.0005334618735363798
4.064,0.019450595416876954,0.0003310994312155115,0.0005337929176716517,0.0005337929176716517
4.065,0.019452650371337126,0.0003312100219777817,0.000534124072398361,0.000534124072398361
4.066,0.01945470456484398,0.00033132061138464036,0.0005344553377151555,0.0005344553377151555
4.067,0.0194567579976793,0.00033143119942976294,0.0005347867136206764,0.0005347867136206764
4.0680000000000005,0.019458810670124758,0.0003315417861068285,0.000535118200113559,0.000535118200113559
4.069,0.019460862582461935,0.00033165237140951956,0.000535449797192432,0.000535449797192432
4.07,0.019462913734972297,0.0003317629553315222,0.0005357815048559179,0.0005357815048559179
4.071,0.019464964127937207,0.000331873537866526,0.0005361133231026327,0.0005361133231026327
4.072,0.01946701376163793,0.000331984119008224,0.0005364452519311865,0.0005364452519311865
4.073,0.019469062636355623,0.0003320946987503129,0.0005367772913401827,0.0005367772913401827
4.074,0.019471110752371335,0.0003322052770864927,0.0005371094413282185,0.0005371094413282185
4.075,0.019473158109966016,0.0003323158540104671,0.0005374417018938849,0.0005374417018938849
4.0760000000000005,0.01947520470942051,0.0003324264295159432,0.0005377740730357665,0.0005377740730357665
4.077,0.01947725055101556,0.0003325370035966316,0.0005381065547524418,0.0005381065547524418
4.078,0.019479295635031806,0.00033264757624624645,0.0005384391470424827,0.0005384391470424827
4.079,0.019481339961749774,0.0003327581474585054,0.0005387718499044551,0.0005387718499044551
4.08,0.019483383531449894,0.00033286871722712963,0.0005391046633369185,0.0005391046633369185
4.081,0.019485426344412495,0.00033297928554584365,0.0005394375873384261,0.0005394375873384261
4.082,0.019487468400917796,0.0003330898524083757,0.0005397706219075248,0.0005397706219075248
4.083,0.019489509701245914,0.0003332004178084574,0.0005401037670427554,0.0005401037670427554
4.0840000000000005,0.01949155024567686,0.00033331098173982384,0.0005404370227426522,0.0005404370227426522
4.085,0.01949359003449055,0.0003334215441962136,0.0005407703890057434,0.0005407703890057434
4.086,0.01949562906796679,0.0003335321051713689,0.0005411038658305509,0.0005411038658305509
4.087,0.019497667346385274,0.00033364266465903526,0.0005414374532155904,0.0005414374532155904
4.088,0.01949970487002561,0.00033375322265296177,0.0005417711511593711,0.0005417711511593711
4.089,0.01950174163916729,0.000333863779146901,0.0005421049596603962,0.0005421049596603962
4.09,0.01950377765408971,0.0003339743341346091,0.0005424388787171627,0.0005424388787171627
4.091,0.019505812915072154,0.00033408488760984555,0.0005427729083281612,0.0005427729083281612
4.0920000000000005,0.019507847422393813,0.0003341954395663734,0.0005431070484918761,0.0005431070484918761
4.093,0.019509881176333763,0.0003343059899979591,0.0005434412992067856,0.0005434412992067856
4.094,0.019511914177170984,0.00033441653889837274,0.0005437756604713617,0.0005437756604713617
4.095,0.019513946425184354,0.0003345270862613877,0.0005441101322840699,0.0005441101322840699
4.096,0.019515977920652645,0.000334637632080781,0.0005444447146433698,0.0005444447146433698
4.097,0.019518008663854523,0.000334748176350333,0.0005447794075477148,0.0005447794075477148
4.098,0.019520038655068555,0.00033485871906382763,0.0005451142109955517,0.0005451142109955517
4.099,0.0195220678945732,0.0003349692602150522,0.0005454491249853216,0.0005454491249853216
4.1,0.019524096382646825,0.00033507979979779766,0.000545784149515459,0.000545784149515459
4.101,0.01952612411956768,0.00033519033780585823,0.0005461192845843924,0.0005461192845843924
4.102,0.01952815110561392,0.0003353008742330317,0.0005464545301905438,0.0005464545301905438
4.103,0.019530177341063597,0.0003354114090731193,0.0005467898863323295,0.0005467898863323295
4.104,0.019532202826194653,0.00033552194231992584,0.000547125353008159,0.000547125353008159
4.105,0.019534227561284936,0.00033563247396725936,0.0005474609302164362,0.0005474609302164362
4.106,0.01953625154661219,0.00033574300400893153,0.0005477966179555583,0.0005477966179555583
4.107,0.01953827478245405,0.00033585353243875747,0.0005481324162239167,0.0005481324162239167
4.108,0.019540297269088052,0.00033596405925055575,0.0005484683250198964,0.0005484683250198964
4.109,0.01954231900679163,0.00033607458443814833,0.0005488043443418764,0.0005488043443418764
4.11,0.019544339995842114,0.0003361851079953607,0.0005491404741882292,0.0005491404741882292
4.111,0.019546360236516732,0.0003362956299160218,0.0005494767145573215,0.0005494767145573215
4.112,0.019548379729092607,0.00033640615019396396,0.0005498130654475136,0.0005498130654475136
4.113,0.019550398473846764,0.00033651666882302303,0.0005501495268571598,0.0005501495268571598
4.114,0.01955241647105612,0.0003366271857970383,0.000550486098784608,0.000550486098784608
4.115,0.019554433720997497,0.00033673770110985245,0.0005508227812282002,0.0005508227812282002
4.116,0.019556450223947603,0.00033684821475531173,0.000551159574186272,0.000551159574186272
4.117,0.019558465980183053,0.0003369587267272657,0.0005514964776571529,0.0005514964776571529
4.118,0.01956048098998036,0.00033706923701956745,0.0005518334916391666,0.0005518334916391666
4.119,0.019562495253615926,0.0003371797456260734,0.0005521706161306302,0.0005521706161306302
4.12,0.01956450877136606,0.00033729025254064363,0.0005525078511298548,0.0005525078511298548
4.121,0.01956652154350696,0.00033740075775714145,0.0005528451966351454,0.0005528451966351454
4.122,0.019568533570314735,0.0003375112612694337,0.000553182652644801,0.000553182652644801
4.123,0.01957054485206538,0.0003376217630713906,0.0005535202191571142,0.0005535202191571142
4.124,0.019572555389034785,0.0003377322631568859,0.0005538578961703716,0.0005538578961703716
4.125,0.01957456518149875,0.00033784276151979675,0.0005541956836828538,0.0005541956836828538
4.126,0.01957657422973296,0.00033795325815400365,0.000554533581692835,0.000554533581692835
4.127,0.019578582534013015,0.00033806375305339063,0.0005548715901985835,0.0005548715901985835
4.128,0.019580590094614395,0.0003381742462118451,0.0005552097091983615,0.0005552097091983615
4.1290000000000004,0.019582596911812487,0.0003382847376232579,0.0005555479386904249,0.0005555479386904249
4.13,0.019584602985882577,0.0003383952272815233,0.0005558862786730236,0.0005558862786730236
4.131,0.01958660831709984,0.00033850571518053904,0.0005562247291444015,0.0005562247291444015
4.132,0.019588612905739364,0.0003386162013142062,0.0005565632901027962,0.0005565632901027962
4.133,0.019590616752076122,0.0003387266856764294,0.0005569019615464394,0.0005569019615464394
4.134,0.01959261985638499,0.00033883716826111656,0.0005572407434735566,0.0005572407434735566
4.135,0.019594622218940743,0.0003389476490621791,0.000557579635882367,0.000557579635882367
4.136,0.019596623840018056,0.0003390581280735318,0.0005579186387710843,0.0005579186387710843
4.1370000000000005,0.019598624719891496,0.00033916860528909287,0.0005582577521379156,0.0005582577521379156
4.138,0.019600624858835534,0.000339279080702784,0.0005585969759810619,0.0005585969759810619
4.139,0.01960262425712454,0.0003393895543085302,0.0005589363102987185,0.0005589363102987185
4.14,0.019604622915032774,0.00033950002610025993,0.0005592757550890743,0.0005592757550890743
4.141,0.019606620832834404,0.0003396104960719051,0.0005596153103503124,0.0005596153103503124
4.142,0.01960861801080349,0.0003397209642174009,0.0005599549760806094,0.0005599549760806094
4.143,0.019610614449214,0.00033983143053068615,0.0005602947522781364,0.0005602947522781364
4.144,0.01961261014833979,0.00033994189500570287,0.000560634638941058,0.000560634638941058
4.1450000000000005,0.019614605108454617,0.0003400523576363966,0.000560974636067533,0.000560974636067533
4.146,0.01961659932983214,0.0003401628184167162,0.000561314743655714,0.000561314743655714
4.147,0.01961859281274591,0.000340273277340614,0.0005616549617037476,0.0005616549617037476
4.148,0.019620585557469386,0.00034038373440204567,0.0005619952902097744,0.0005619952902097744
4.149,0.01962257756427592,0.00034049418959497036,0.0005623357291719289,0.0005623357291719289
4.15,0.019624568833438764,0.0003406046429133506,0.0005626762785883395,0.0005626762785883395
4.151,0.019626559365231073,0.0003407150943511522,0.0005630169384571287,0.0005630169384571287
4.152,0.01962854915992589,0.00034082554390234455,0.0005633577087764129,0.0005633577087764129
4.1530000000000005,0.01963053821779617,0.00034093599156090023,0.0005636985895443024,0.0005636985895443024
4.154,0.019632526539114754,0.00034104643732079537,0.0005640395807589018,0.0005640395807589018
4.155,0.01963451412415439,0.00034115688117600945,0.0005643806824183092,0.0005643806824183092
4.156,0.019636500973187726,0.0003412673231205253,0.000564721894520617,0.000564721894520617
4.157,0.019638487086487307,0.00034137776314832917,0.0005650632170639114,0.0005650632170639114
4.158,0.01964047246432557,0.00034148820125341067,0.0005654046500462728,0.0005654046500462728
4.159,0.019642457106974865,0.00034159863742976287,0.0005657461934657754,0.0005657461934657754
4.16,0.019644441014707432,0.0003417090716713821,0.0005660878473204875,0.0005660878473204875
4.1610000000000005,0.01964642418779541,0.00034181950397226815,0.0005664296116084712,0.0005664296116084712
4.162,0.01964840662651084,0.0003419299343264242,0.000566771486327783,0.000566771486327783
4.163,0.019650388331125663,0.0003420403627278568,0.0005671134714764732,0.0005671134714764732
4.164,0.019652369301911714,0.00034215078917057583,0.0005674555670525859,0.0005674555670525859
4.165,0.019654349539140734,0.0003422612136485946,0.0005677977730541594,0.0005677977730541594
4.166,0.01965632904308436,0.0003423716361559297,0.0005681400894792262,0.0005681400894792262
4.167,0.01965830781401413,0.00034248205668660123,0.0005684825163258124,0.0005684825163258124
4.168,0.01966028585220148,0.0003425924752346326,0.0005688250535919385,0.0005688250535919385
4.1690000000000005,0.019662263157917744,0.0003427028917940505,0.0005691677012756188,0.0005691677012756188
4.17,0.01966423973143416,0.00034281330635888517,0.0005695104593748618,0.0005695104593748618
4.171,0.01966621557302186,0.0003429237189231701,0.0005698533278876698,0.0005698533278876698
4.172,0.01966819068295188,0.0003430341294809421,0.0005701963068120392,0.0005701963068120392
4.173,0.019670165061495156,0.00034314453802624154,0.0005705393961459608,0.0005705393961459608
4.174,0.019672138708922517,0.0003432549445531119,0.0005708825958874189,0.0005708825958874189
4.175,0.0196741116255047,0.00034336534905560017,0.0005712259060343922,0.0005712259060343922
4.176,0.01967608381151234,0.0003434757515277567,0.0005715693265848533,0.0005715693265848533
4.1770000000000005,0.019678055267215964,0.00034358615196363514,0.000571912857536769,0.000571912857536769
4.178,0.01968002599288601,0.00034369655035729256,0.0005722564988880998,0.0005722564988880998
4.179,0.01968199598879281,0.0003438069467027893,0.0005726002506368007,0.0005726002506368007
4.18,0.019683965255206593,0.0003439173409941891,0.0005729441127808206,0.0005729441127808206
4.181,0.019685933792397498,0.00034402773322555916,0.0005732880853181024,0.0005732880853181024
4.182,0.019687901600635552,0.0003441381233909698,0.0005736321682465831,0.0005736321682465831
4.183,0.01968986868019069,0.0003442485114844949,0.0005739763615641938,0.0005739763615641938
4.184,0.019691835031332747,0.0003443588975002116,0.0005743206652688595,0.0005743206652688595
4.1850000000000005,0.01969380065433145,0.0003444692814322004,0.0005746650793584996,0.0005746650793584996
4.186,0.019695765549456436,0.00034457966327454506,0.0005750096038310274,0.0005750096038310274
4.187,0.019697729716977235,0.00034469004302133284,0.0005753542386843502,0.0005753542386843502
4.188,0.019699693157163283,0.00034480042066665427,0.0005756989839163695,0.0005756989839163695
4.189,0.019701655870283913,0.00034491079620460315,0.000576043839524981,0.000576043839524981
4.19,0.019703617856608357,0.0003450211696292767,0.0005763888055080744,0.0005763888055080744
4.191,0.01970557911640575,0.00034513154093477553,0.0005767338818635332,0.0005767338818635332
4.192,0.019707539649945125,0.00034524191011520345,0.0005770790685892355,0.0005770790685892355
4.1930000000000005,0.01970949945749542,0.0003453522771646677,0.0005774243656830533,0.0005774243656830533
4.194,0.019711458539325464,0.0003454626420772788,0.0005777697731428526,0.0005777697731428526
4.195,0.019713416895703998,0.0003455730048471507,0.0005781152909664937,0.0005781152909664937
4.196,0.019715374526899657,0.0003456833654684005,0.0005784609191518308,0.0005784609191518308
4.197,0.019717331433180975,0.00034579372393514886,0.0005788066576967123,0.0005788066576967123
4.198,0.01971928761481639,0.00034590408024151955,0.0005791525065989809,0.0005791525065989809
4.199,0.019721243072074242,0.0003460144343816398,0.0005794984658564732,0.0005794984658564732
4.2,0.01972319780522277,0.0003461247863496402,0.00057984453546702,0.00057984453546702
4.2010000000000005,0.019725151814530106,0.0003462351361396545,0.0005801907154284465,0.0005801907154284465
4.202,0.0197271051002643,0.00034634548374581984,0.0005805370057385714,0.0005805370057385714
4.203,0.019729057662693283,0.0003464558291622768,0.0005808834063952082,0.0005808834063952082
4.204,0.019731009502084902,0.00034656617238316913,0.0005812299173961641,0.0005812299173961641
4.205,0.019732960618706896,0.000346676513402644,0.0005815765387392407,0.0005815765387392407
4.206,0.01973491101282691,0.0003467868522148518,0.0005819232704222337,0.0005819232704222337
4.207,0.019736860684712487,0.00034689718881394634,0.0005822701124429328,0.0005822701124429328
4.208,0.01973880963463107,0.0003470075231940846,0.0005826170647991219,0.0005826170647991219
4.2090000000000005,0.019740757862850004,0.00034711785534942706,0.0005829641274885793,0.0005829641274885793
4.21,0.01974270536963654,0.00034722818527413733,0.0005833113005090772,0.0005833113005090772
4.211,0.019744652155257822,0.00034733851296238246,0.0005836585838583821,0.0005836585838583821
4.212,0.019746598219980902,0.00034744883840833276,0.0005840059775342546,0.0005840059775342546
4.213,0.01974854356407273,0.0003475591616061618,0.0005843534815344494,0.0005843534815344494
4.214,0.019750488187800154,0.0003476694825500466,0.0005847010958567155,0.0005847010958567155
4.215,0.019752432091429926,0.0003477798012341673,0.0005850488204987962,0.0005850488204987962
4.216,0.019754375275228702,0.0003478901176527074,0.0005853966554584287,0.0005853966554584287
4.2170000000000005,0.019756317739463035,0.0003480004317998538,0.0005857446007333445,0.0005857446007333445
4.218,0.019758259484399382,0.0003481107436697966,0.0005860926563212693,0.0005860926563212693
4.219,0.0197602005103041,0.0003482210532567292,0.000586440822219923,0.000586440822219923
4.22,0.019762140817443447,0.0003483313605548484,0.0005867890984270198,0.0005867890984270198
4.221,0.019764080406083587,0.00034844166555835415,0.0005871374849402678,0.0005871374849402678
4.222,0.019766019276490576,0.00034855196826144976,0.0005874859817573696,0.0005874859817573696
4.223,0.01976795742893038,0.00034866226865834185,0.0005878345888760219,0.0005878345888760219
4.224,0.019769894863668862,0.0003487725667432403,0.0005881833062939156,0.0005881833062939156
4.225,0.019771831580971788,0.00034888286251035834,0.0005885321340087358,0.0005885321340087358
4.226,0.01977376758110483,0.0003489931559539124,0.0005888810720181618,0.0005888810720181618
4.227,0.019775702864333552,0.00034910344706812224,0.0005892301203198672,0.0005892301203198672
4.228,0.019777637430923426,0.00034921373584721093,0.0005895792789115197,0.0005895792789115197
4.229,0.019779571281139826,0.0003493240222854048,0.0005899285477907812,0.0005899285477907812
4.23,0.019781504415248025,0.0003494343063769334,0.0005902779269553082,0.0005902779269553082
4.231,0.0197834368335132,0.0003495445881160297,0.000590627416402751,0.000590627416402751
4.232,0.019785368536200432,0.0003496548674969298,0.0005909770161307542,0.0005909770161307542
4.233,0.019787299523574695,0.0003497651445138732,0.0005913267261369569,0.0005913267261369569
4.234,0.019789229795900875,0.00034987541916110256,0.000591676546418992,0.000591676546418992
4.235,0.019791159353443753,0.00034998569143286396,0.0005920264769744872,0.0005920264769744872
4.236,0.019793088196468016,0.00035009596132340665,0.000592376517801064,0.000592376517801064
4.237,0.01979501632523825,0.0003502062288269832,0.0005927266688963383,0.0005927266688963383
4.238,0.01979694374001895,0.0003503164939378493,0.0005930769302579204,0.0005930769302579204
4.239,0.0197988704410745,0.00035042675665026424,0.0005934273018834145,0.0005934273018834145
4.24,0.019800796428669196,0.0003505370169584902,0.0005937777837704195,0.0005937777837704195
4.241,0.01980272170306724,0.0003506472748567929,0.0005941283759165282,0.0005941283759165282
4.242,0.01980464626453272,0.00035075753033944124,0.0005944790783193279,0.0005944790783193279
4.243,0.019806570113329643,0.00035086778340070736,0.0005948298909763999,0.0005948298909763999
4.244,0.01980849324972191,0.0003509780340348666,0.0005951808138853202,0.0005951808138853202
4.245,0.019810415673973323,0.00035108828223619773,0.0005955318470436587,0.0005955318470436587
4.246,0.019812337386347592,0.00035119852799898264,0.0005958829904489797,0.0005958829904489797
4.247,0.019814258387108326,0.00035130877131750655,0.0005962342440988419,0.0005962342440988419
4.248,0.019816178676519036,0.0003514190121860579,0.0005965856079907981,0.0005965856079907981
4.249,0.019818098254843135,0.0003515292505989284,0.0005969370821223954,0.0005969370821223954
4.25,0.019820017122343943,0.000351639486550413,0.0005972886664911755,0.0005972886664911755
4.251,0.019821935279284678,0.00035174972003481,0.0005976403610946739,0.0005976403610946739
4.252,0.01982385272592846,0.00035185995104642075,0.0005979921659304208,0.0005979921659304208
4.253,0.019825769462538313,0.00035197017957955,0.0005983440809959405,0.0005983440809959405
4.2540000000000004,0.01982768548937717,0.0003520804056285058,0.0005986961062887518,0.0005986961062887518
4.255,0.019829600806707853,0.00035219062918759927,0.0005990482418063676,0.0005990482418063676
4.256,0.019831515414793097,0.0003523008502511449,0.0005994004875462952,0.0005994004875462952
4.257,0.019833429313895534,0.00035241106881346037,0.0005997528435060361,0.0005997528435060361
4.258,0.019835342504277705,0.0003525212848688667,0.0006001053096830864,0.0006001053096830864
4.259,0.01983725498620205,0.00035263149841168796,0.0006004578860749363,0.0006004578860749363
4.26,0.01983916675993091,0.00035274170943625166,0.0006008105726790703,0.0006008105726790703
4.261,0.019841077825726538,0.00035285191793688845,0.0006011633694929674,0.0006011633694929674
4.2620000000000005,0.019842988183851076,0.00035296212390793227,0.0006015162765141009,0.0006015162765141009
4.263,0.019844897834566576,0.00035307232734372023,0.0006018692937399382,0.0006018692937399382
4.264,0.019846806778134995,0.0003531825282385927,0.0006022224211679414,0.0006022224211679414
4.265,0.01984871501481819,0.0003532927265868933,0.0006025756587955665,0.0006025756587955665
4.266,0.019850622544877922,0.0003534029223829689,0.0006029290066202644,0.0006029290066202644
4.267,0.019852529368575855,0.0003535131156211695,0.0006032824646394799,0.0006032824646394799
4.268,0.019854435486173556,0.00035362330629584845,0.0006036360328506523,0.0006036360328506523
4.269,0.019856340897932496,0.00035373349440136225,0.0006039897112512152,0.0006039897112512152
4.2700000000000005,0.019858245604114047,0.0003538436799320707,0.0006043434998385968,0.0006043434998385968
4.271,0.019860149604979487,0.00035395386288233677,0.0006046973986102192,0.0006046973986102192
4.272,0.019862052900789996,0.00035406404324652666,0.0006050514075634994,0.0006050514075634994
4.273,0.019863955491806657,0.00035417422101900975,0.0006054055266958484,0.0006054055266958484
4.274,0.019865857378290455,0.00035428439619415876,0.0006057597560046717,0.0006057597560046717
4.275,0.01986775856050228,0.0003543945687663495,0.0006061140954873691,0.0006061140954873691
4.276,0.019869659038702924,0.0003545047387299611,0.0006064685451413349,0.0006064685451413349
4.277,0.019871558813153088,0.0003546149060793758,0.0006068231049639577,0.0006068231049639577
4.2780000000000005,0.019873457884113366,0.0003547250708089792,0.0006071777749526204,0.0006071777749526204
4.279,0.019875356251844268,0.00035483523291315996,0.0006075325551047005,0.0006075325551047005
4.28,0.019877253916606195,0.00035494539238631003,0.0006078874454175698,0.0006078874454175698
4.281,0.01987915087865946,0.0003550555492228246,0.0006082424458885943,0.0006082424458885943
4.282,0.019881047138264277,0.000355165703417102,0.0006085975565151348,0.0006085975565151348
4.283,0.019882942695680767,0.00035527585496354387,0.000608952777294546,0.000608952777294546
4.284,0.01988483755116895,0.0003553860038565549,0.0006093081082241774,0.0006093081082241774
4.285,0.01988673170498875,0.00035549615009054314,0.0006096635493013727,0.0006096635493013727
4.2860000000000005,0.019888625157399996,0.00035560629365991974,0.0006100191005234702,0.0006100191005234702
4.287,0.019890517908662423,0.0003557164345590991,0.0006103747618878025,0.0006103747618878025
4.288,0.019892409959035667,0.0003558265727824988,0.0006107305333916966,0.0006107305333916966
4.289,0.019894301308779266,0.00035593670832453965,0.0006110864150324737,0.0006110864150324737
4.29,0.019896191958152665,0.00035604684117964563,0.0006114424068074499,0.0006114424068074499
4.291,0.019898081907415214,0.00035615697134224394,0.0006117985087139355,0.0006117985087139355
4.292,0.019899971156826166,0.00035626709880676497,0.0006121547207492351,0.0006121547207492351
4.293,0.019901859706644674,0.00035637722356764227,0.0006125110429106478,0.0006125110429106478
4.2940000000000005,0.019903747557129804,0.00035648734561931263,0.0006128674751954673,0.0006128674751954673
4.295,0.019905634708540513,0.00035659746495621605,0.0006132240176009815,0.0006132240176009815
4.296,0.019907521161135675,0.00035670758157279567,0.000613580670124473,0.000613580670124473
4.297,0.019909406915174063,0.0003568176954634978,0.0006139374327632185,0.0006139374327632185
4.298,0.01991129197091435,0.000356927806622772,0.0006142943055144895,0.0006142943055144895
4.299,0.01991317632861512,0.00035703791504507096,0.0006146512883755518,0.0006146512883755518
4.3,0.019915059988534854,0.0003571480207248506,0.0006150083813436655,0.0006150083813436655
4.301,0.019916942950931948,0.00035725812365657,0.0006153655844160855,0.0006153655844160855
4.3020000000000005,0.01991882521606469,0.00035736822383469145,0.0006157228975900608,0.0006157228975900608
4.303,0.019920706784191285,0.00035747832125368034,0.0006160803208628352,0.0006160803208628352
4.304,0.01992258765556983,0.00035758841590800535,0.0006164378542316466,0.0006164378542316466
4.305,0.019924467830458332,0.0003576985077921383,0.0006167954976937278,0.0006167954976937278
4.306,0.019926347309114703,0.00035780859690055414,0.0006171532512463056,0.0006171532512463056
4.307,0.01992822609179676,0.00035791868322773105,0.0006175111148866017,0.0006175111148866017
4.308,0.019930104178762228,0.0003580287667681503,0.0006178690886118321,0.0006178690886118321
4.309,0.019931981570268723,0.0003581388475162965,0.0006182271724192072,0.0006182271724192072
4.3100000000000005,0.01993385826657378,0.0003582489254666572,0.000618585366305932,0.000618585366305932
4.311,0.019935734267934834,0.00035835900061372336,0.0006189436702692061,0.0006189436702692061
4.312,0.019937609574609223,0.00035846907295198895,0.0006193020843062232,0.0006193020843062232
4.313,0.01993948418685419,0.00035857914247595116,0.000619660608414172,0.000619660608414172
4.314,0.019941358104926882,0.00035868920918011033,0.0006200192425902352,0.0006200192425902352
4.315,0.019943231329084356,0.00035879927305896994,0.0006203779868315904,0.0006203779868315904
4.316,0.019945103859583566,0.0003589093341070367,0.0006207368411354095,0.0006207368411354095
4.317,0.019946975696681378,0.00035901939231882047,0.000621095805498859,0.000621095805498859
4.3180000000000005,0.01994884684063456,0.0003591294476888342,0.0006214548799190998,0.0006214548799190998
4.319,0.019950717291699786,0.00035923950021159406,0.0006218140643932875,0.0006218140643932875
4.32,0.019952587050133627,0.00035934954988161937,0.0006221733589185721,0.0006221733589185721
4.321,0.019954456116192572,0.0003594595966934326,0.0006225327634920981,0.0006225327634920981
4.322,0.019956324490133005,0.0003595696406415593,0.0006228922781110044,0.0006228922781110044
4.323,0.01995819217221122,0.00035967968172052835,0.0006232519027724248,0.0006232519027724248
4.324,0.019960059162683418,0.0003597897199248716,0.0006236116374734872,0.0006236116374734872
4.325,0.019961925461805696,0.0003598997552491242,0.0006239714822113145,0.0006239714822113145
4.3260000000000005,0.019963791069834067,0.00036000978768782436,0.0006243314369830237,0.0006243314369830237
4.327,0.01996565598702444,0.0003601198172355134,0.0006246915017857265,0.0006246915017857265
4.328,0.01996752021363264,0.00036022984388673593,0.0006250516766165292,0.0006250516766165292
4.329,0.019969383749914384,0.00036033986763603956,0.0006254119614725326,0.0006254119614725326
4.33,0.019971246596125303,0.0003604498884779751,0.0006257723563508321,0.0006257723563508321
4.331,0.019973108752520934,0.00036055990640709656,0.0006261328612485177,0.0006261328612485177
4.332,0.019974970219356715,0.00036066992141796096,0.0006264934761626736,0.0006264934761626736
4.333,0.01997683099688799,0.0003607799335051286,0.0006268542010903791,0.0006268542010903791
4.3340000000000005,0.019978691085370013,0.00036088994266316284,0.0006272150360287076,0.0006272150360287076
4.335,0.019980550485057938,0.00036099994888663016,0.0006275759809747272,0.0006275759809747272
4.336,0.019982409196206828,0.0003611099521701002,0.0006279370359255008,0.0006279370359255008
4.337,0.01998426721907165,0.00036121995250814584,0.0006282982008780857,0.0006282982008780857
4.338,0.019986124553907275,0.0003613299498953429,0.0006286594758295335,0.0006286594758295335
4.339,0.019987981200968483,0.00036143994432627047,0.0006290208607768908,0.0006290208607768908
4.34,0.019989837160509956,0.00036154993579551065,0.0006293823557171988,0.0006293823557171988
4.341,0.019991692432786284,0.00036165992429764885,0.0006297439606474929,0.0006297439606474929
4.3420000000000005,0.019993547018051967,0.00036176990982727343,0.0006301056755648033,0.0006301056755648033
4.343,0.019995400916561403,0.00036187989237897595,0.0006304675004661547,0.0006304675004661547
4.344,0.019997254128568898,0.00036198987194735113,0.0006308294353485667,0.0006308294353485667
4.345,0.019999106654328667,0.00036209984852699677,0.0006311914802090532,0.0006311914802090532
4.346,0.020000958494094827,0.0003622098221125138,0.0006315536350446227,0.0006315536350446227
4.347,0.020002809648121404,0.0003623197926985063,0.0006319158998522783,0.0006319158998522783
4.348,0.020004660116662326,0.00036242976027958137,0.000632278274629018,0.000632278274629018
4.349,0.020006509899971433,0.0003625397248503494,0.000632640759371834,0.000632640759371834
4.3500000000000005,0.020008358998302465,0.0003626496864054237,0.0006330033540777135,0.0006330033540777135
4.351,0.020010207411909075,0.0003627596449394208,0.0006333660587436379,0.0006333660587436379
4.352,0.020012055141044812,0.0003628696004469604,0.0006337288733665835,0.0006337288733665835
4.353,0.02001390218596314,0.0003629795529226652,0.0006340917979435212,0.0006340917979435212
4.354,0.020015748546917428,0.0003630895023611611,0.0006344548324714165,0.0006344548324714165
4.355,0.020017594224160946,0.00036319944875707705,0.0006348179769472294,0.0006348179769472294
4.356,0.020019439217946872,0.0003633093921050451,0.0006351812313679146,0.0006351812313679146
4.357,0.020021283528528295,0.0003634193323997004,0.0006355445957304216,0.0006355445957304216
4.358,0.020023127156158203,0.0003635292696356813,0.0006359080700316944,0.0006359080700316944
4.359,0.020024970101089497,0.00036363920380762927,0.0006362716542686717,0.0006362716542686717
4.36,0.02002681236357498,0.0003637491349101887,0.0006366353484382866,0.0006366353484382866
4.361,0.020028653943867367,0.00036385906293800725,0.0006369991525374671,0.0006369991525374671
4.362,0.02003049484221927,0.00036396898788573556,0.0006373630665631359,0.0006373630665631359
4.363,0.020032335058883216,0.0003640789097480275,0.0006377270905122102,0.0006377270905122102
4.364,0.020034174594111633,0.0003641888285195399,0.0006380912243816018,0.0006380912243816018
4.365,0.02003601344815686,0.0003642987441949328,0.0006384554681682172,0.0006384554681682172
4.366,0.020037851621271138,0.00036440865676886936,0.0006388198218689578,0.0006388198218689578
4.367,0.02003968911370662,0.0003645185662360157,0.0006391842854807194,0.0006391842854807194
4.368,0.02004152592571536,0.00036462847259104104,0.0006395488590003925,0.0006395488590003925
4.369,0.02004336205754932,0.0003647383758286178,0.0006399135424248624,0.0006399135424248624
4.37,0.020045197509460374,0.0003648482759434215,0.0006402783357510089,0.0006402783357510089
4.371,0.020047032281700298,0.00036495817293013064,0.0006406432389757066,0.0006406432389757066
4.372,0.020048866374520774,0.0003650680667834268,0.0006410082520958248,0.0006410082520958248
4.373,0.020050699788173393,0.00036517795749799474,0.0006413733751082272,0.0006413733751082272
4.374,0.02005253252290965,0.0003652878450685223,0.0006417386080097727,0.0006417386080097727
4.375,0.02005436457898095,0.00036539772948970036,0.0006421039507973145,0.0006421039507973145
4.376,0.020056195956638604,0.0003655076107562229,0.0006424694034677006,0.0006424694034677006
4.377,0.02005802665613383,0.00036561748886278694,0.0006428349660177736,0.0006428349660177736
4.378,0.020059856677717754,0.00036572736380409264,0.0006432006384443711,0.0006432006384443711
4.3790000000000004,0.020061686021641406,0.0003658372355748432,0.0006435664207443249,0.0006435664207443249
4.38,0.020063514688155724,0.00036594710416974486,0.0006439323129144621,0.0006439323129144621
4.381,0.020065342677511557,0.00036605696958350704,0.000644298314951604,0.000644298314951604
4.382,0.020067169989959655,0.0003661668318108422,0.0006446644268525669,0.0006446644268525669
4.383,0.02006899662575068,0.00036627669084646577,0.0006450306486141618,0.0006450306486141618
4.384,0.0200708225851352,0.0003663865466850964,0.0006453969802331942,0.0006453969802331942
4.385,0.020072647868363686,0.0003664963993214557,0.0006457634217064646,0.0006457634217064646
4.386,0.02007447247568652,0.0003666062487502684,0.000646129973030768,0.000646129973030768
4.3870000000000005,0.020076296407353998,0.0003667160949662623,0.0006464966342028942,0.0006464966342028942
4.388,0.02007811966361631,0.0003668259379641682,0.0006468634052196278,0.0006468634052196278
4.389,0.02007994224472356,0.00036693577773872003,0.0006472302860777481,0.0006472302860777481
4.39,0.020081764150925763,0.00036704561428465486,0.0006475972767740291,0.0006475972767740291
4.391,0.020083585382472832,0.00036715544759671265,0.0006479643773052395,0.0006479643773052395
4.392,0.0200854059396146,0.0003672652776696365,0.0006483315876681428,0.0006483315876681428
4.393,0.020087225822600793,0.0003673751044981726,0.0006486989078594973,0.0006486989078594973
4.394,0.020089045031681057,0.00036748492807707017,0.0006490663378760559,0.0006490663378760559
4.3950000000000005,0.02009086356710494,0.00036759474840108145,0.0006494338777145664,0.0006494338777145664
4.396,0.020092681429121895,0.0003677045654649618,0.0006498015273717713,0.0006498015273717713
4.397,0.02009449861798129,0.00036781437926346964,0.0006501692868444078,0.0006501692868444078
4.398,0.020096315133932393,0.0003679241897913664,0.0006505371561292081,0.0006505371561292081
4.399,0.020098130977224384,0.00036803399704341645,0.0006509051352228987,0.0006509051352228987
4.4,0.02009994614810635,0.00036814380101438744,0.0006512732241222012,0.0006512732241222012
4.401,0.020101760646827286,0.00036825360169905,0.000651641422823832,0.000651641422823832
4.402,0.020103574473636095,0.0003683633990921777,0.0006520097313245022,0.0006520097313245022
4.4030000000000005,0.020105387628781588,0.0003684731931885472,0.0006523781496209176,0.0006523781496209176
4.404,0.02010720011251248,0.0003685829839829383,0.0006527466777097787,0.0006527466777097787
4.405,0.0201090119250774,0.0003686927714701337,0.000653115315587781,0.000653115315587781
4.406,0.020110823066724882,0.0003688025556449193,0.0006534840632516147,0.0006534840632516147
4.407,0.020112633537703366,0.00036891233650208384,0.0006538529206979649,0.0006538529206979649
4.408,0.020114443338261203,0.0003690221140364193,0.0006542218879235113,0.0006542218879235113
4.409,0.02011625246864665,0.00036913188824272056,0.0006545909649249284,0.0006545909649249284
4.41,0.020118060929107874,0.00036924165911578563,0.0006549601516988857,0.0006549601516988857
4.4110000000000005,0.02011986871989295,0.0003693514266504155,0.0006553294482420472,0.0006553294482420472
4.412,0.02012167584124986,0.0003694611908414142,0.000655698854551072,0.000655698854551072
4.413,0.020123482293426493,0.0003695709516835888,0.0006560683706226138,0.0006560683706226138
4.414,0.020125288076670647,0.0003696807091717495,0.0006564379964533212,0.0006564379964533212
4.415,0.02012709319123003,0.00036979046330070926,0.0006568077320398375,0.0006568077320398375
4.416,0.020128897637352258,0.00036990021406528437,0.0006571775773788011,0.0006571775773788011
4.417,0.020130701415284852,0.000370009961460294,0.0006575475324668449,0.0006575475324668449
4.418,0.02013250452527525,0.00037011970548056033,0.0006579175973005967,0.0006579175973005967
4.4190000000000005,0.020134306967570785,0.00037022944612090863,0.0006582877718766793,0.0006582877718766793
4.42,0.02013610874241871,0.00037033918337616714,0.0006586580561917101,0.0006586580561917101
4.421,0.02013790985006618,0.0003704489172411672,0.0006590284502423015,0.0006590284502423015
4.422,0.02013971029076026,0.00037055864771074306,0.0006593989540250606,0.0006593989540250606
4.423,0.020141510064747927,0.0003706683747797321,0.0006597695675365895,0.0006597695675365895
4.424,0.02014330917227606,0.00037077809844297463,0.0006601402907734849,0.0006601402907734849
4.425,0.02014510761359145,0.00037088781869531404,0.0006605111237323384,0.0006605111237323384
4.426,0.020146905388940803,0.0003709975355315967,0.0006608820664097368,0.0006608820664097368
4.4270000000000005,0.02014870249857072,0.00037110724894667195,0.0006612531188022612,0.0006612531188022612
4.428,0.02015049894272772,0.0003712169589353923,0.0006616242809064879,0.0006616242809064879
4.429,0.020152294721658234,0.0003713266654926131,0.0006619955527189882,0.0006619955527189882
4.43,0.02015408983560859,0.0003714363686131928,0.0006623669342363277,0.0006623669342363277
4.431,0.020155884284825034,0.0003715460682919929,0.0006627384254550673,0.0006627384254550673
4.432,0.02015767806955372,0.0003716557645238778,0.0006631100263717627,0.0006631100263717627
4.433,0.020159471190040704,0.0003717654573037149,0.0006634817369829644,0.0006634817369829644
4.434,0.02016126364653196,0.00037187514662637475,0.0006638535572852177,0.0006638535572852177
4.4350000000000005,0.020163055439273363,0.00037198483248673076,0.000664225487275063,0.000664225487275063
4.436,0.020164846568510707,0.0003720945148796594,0.0006645975269490354,0.0006645975269490354
4.437,0.020166637034489683,0.0003722041938000402,0.0006649696763036648,0.0006649696763036648
4.438,0.0201684268374559,0.0003723138692427556,0.0006653419353354762,0.0006653419353354762
4.439,0.020170215977654872,0.00037242354120269104,0.0006657143040409894,0.0006657143040409894
4.44,0.020172004455332022,0.000372533209674735,0.000666086782416719,0.000666086782416719
4.441,0.020173792270732686,0.000372642874653779,0.0006664593704591745,0.0006664593704591745
4.442,0.020175579424102103,0.0003727525361347174,0.0006668320681648605,0.0006668320681648605
4.4430000000000005,0.020177365915685426,0.00037286219411244775,0.0006672048755302762,0.0006672048755302762
4.444,0.02017915174572771,0.0003729718485818704,0.000667577792551916,0.000667577792551916
4.445,0.020180936914473934,0.00037308149953788885,0.0006679508192262688,0.0006679508192262688
4.446,0.02018272142216897,0.00037319114697540953,0.0006683239555498189,0.0006683239555498189
4.447,0.02018450526905761,0.00037330079088934183,0.0006686972015190452,0.0006686972015190452
4.448,0.020186288455384553,0.00037341043127459814,0.0006690705571304213,0.0006690705571304213
4.449,0.020188070981394402,0.00037352006812609387,0.0006694440223804164,0.0006694440223804164
4.45,0.020189852847331678,0.00037362970143874736,0.0006698175972654939,0.0006698175972654939
4.4510000000000005,0.020191634053440804,0.00037373933120748,0.0006701912817821125,0.0006701912817821125
4.452,0.020193414599966115,0.00037384895742721615,0.0006705650759267258,0.0006705650759267258
4.453,0.020195194487151857,0.0003739585800928831,0.0006709389796957822,0.0006709389796957822
4.454,0.020196973715242185,0.0003740681991994111,0.0006713129930857252,0.0006713129930857252
4.455,0.020198752284481165,0.0003741778147417335,0.000671687116092993,0.000671687116092993
4.456,0.020200530195112767,0.00037428742671478656,0.0006720613487140189,0.0006720613487140189
4.457,0.020202307447380878,0.00037439703511350943,0.0006724356909452311,0.0006724356909452311
4.458,0.02020408404152929,0.0003745066399328444,0.0006728101427830528,0.0006728101427830528
4.4590000000000005,0.020205859977801707,0.0003746162411677366,0.000673184704223902,0.000673184704223902
4.46,0.020207635256441737,0.00037472583881313415,0.0006735593752641918,0.0006735593752641918
4.461,0.02020940987769291,0.0003748354328639882,0.0006739341559003301,0.0006739341559003301
4.462,0.020211183841798652,0.0003749450233152529,0.00067430904612872,0.00067430904612872
4.463,0.020212957149002307,0.0003750546101618852,0.0006746840459457592,0.0006746840459457592
4.464,0.020214729799547127,0.0003751641933988452,0.0006750591553478406,0.0006750591553478406
4.465,0.020216501793676275,0.00037527377302109583,0.000675434374331352,0.000675434374331352
4.466,0.02021827313163282,0.00037538334902360306,0.0006758097028926762,0.0006758097028926762
4.4670000000000005,0.020220043813659747,0.0003754929214013358,0.000676185141028191,0.000676185141028191
4.468,0.020221813839999946,0.000375602490149266,0.000676560688734269,0.000676560688734269
4.469,0.02022358321089622,0.0003757120552623684,0.000676936346007278,0.000676936346007278
4.47,0.020225351926591282,0.00037582161673562083,0.0006773121128435805,0.0006773121128435805
4.471,0.020227119987327753,0.00037593117456400407,0.0006776879892395343,0.0006776879892395343
4.472,0.020228887393348164,0.0003760407287425018,0.0006780639751914919,0.0006780639751914919
4.473,0.02023065414489496,0.00037615027926610065,0.000678440070695801,0.000678440070695801
4.474,0.020232420242210492,0.00037625982612979027,0.0006788162757488042,0.0006788162757488042
4.4750000000000005,0.020234185685537025,0.00037636936932856327,0.0006791925903468389,0.0006791925903468389
4.476,0.02023595047511673,0.00037647890885741513,0.0006795690144862379,0.0006795690144862379
4.477,0.02023771461119169,0.0003765884447113443,0.0006799455481633288,0.0006799455481633288
4.478,0.020239478094003904,0.0003766979768853523,0.000680322191374434,0.000680322191374434
4.479,0.02024124092379527,0.00037680750537444336,0.0006806989441158712,0.0006806989441158712
4.48,0.020243003100807608,0.0003769170301736249,0.0006810758063839529,0.0006810758063839529
4.481,0.02024476462528264,0.0003770265512779071,0.0006814527781749868,0.0006814527781749868
4.482,0.020246525497462003,0.0003771360686823032,0.0006818298594852755,0.0006818298594852755
4.483,0.020248285717587244,0.00037724558238182935,0.0006822070503111165,0.0006822070503111165
4.484,0.02025004528589982,0.0003773550923715046,0.0006825843506488025,0.0006825843506488025
4.485,0.020251804202641093,0.000377464598646351,0.0006829617604946212,0.0006829617604946212
4.486,0.020253562468052346,0.00037757410120139355,0.0006833392798448552,0.0006833392798448552
4.487,0.020255320082374767,0.00037768360003166007,0.0006837169086957824,0.0006837169086957824
4.488,0.020257077045849455,0.00037779309513218145,0.0006840946470436753,0.0006840946470436753
4.489,0.02025883335871742,0.00037790258649799145,0.0006844724948848017,0.0006844724948848017
4.49,0.020260589021219584,0.00037801207412412676,0.0006848504522154247,0.0006848504522154247
4.491,0.02026234403359678,0.00037812155800562704,0.0006852285190318019,0.0006852285190318019
4.492,0.020264098396089746,0.00037823103813753483,0.0006856066953301862,0.0006856066953301862
4.493,0.020265852108939136,0.00037834051451489565,0.0006859849811068255,0.0006859849811068255
4.494,0.020267605172385517,0.0003784499871327579,0.0006863633763579629,0.0006863633763579629
4.495,0.020269357586669364,0.00037855945598617297,0.0006867418810798362,0.0006867418810798362
4.496,0.020271109352031063,0.0003786689210701951,0.0006871204952686787,0.0006871204952686787
4.497,0.020272860468710907,0.00037877838237988147,0.0006874992189207184,0.0006874992189207184
4.498,0.020274610936949107,0.00037888783991029226,0.0006878780520321786,0.0006878780520321786
4.499,0.020276360756985783,0.0003789972936564905,0.0006882569945992775,0.0006882569945992775
4.5,0.020278109929060966,0.00037910674361354215,0.0006886360466182285,0.0006886360466182285
4.501,0.020279858453414595,0.0003792161897765161,0.00068901520808524,0.00068901520808524
4.502,0.02028160633028652,0.00037932563214048413,0.0006893944789965153,0.0006893944789965153
4.503,0.02028335355991651,0.000379435070700521,0.000689773859348253,0.000689773859348253
4.5040000000000004,0.020285100142544237,0.00037954450545170425,0.0006901533491366468,0.0006901533491366468
4.505,0.020286846078409287,0.00037965393638911455,0.0006905329483578852,0.0006905329483578852
4.506,0.020288591367751158,0.0003797633635078353,0.0006909126570081521,0.0006909126570081521
4.507,0.02029033601080926,0.00037987278680295293,0.0006912924750836263,0.0006912924750836263
4.508,0.02029208000782291,0.0003799822062695567,0.0006916724025804818,0.0006916724025804818
4.509,0.020293823359031342,0.0003800916219027387,0.0006920524394948876,0.0006920524394948876
4.51,0.020295566064673698,0.0003802010336975942,0.0006924325858230078,0.0006924325858230078
4.511,0.020297308124989033,0.00038031044164922107,0.0006928128415610017,0.0006928128415610017
4.5120000000000005,0.020299049540216312,0.0003804198457527203,0.0006931932067050235,0.0006931932067050235
4.513,0.02030079031059441,0.00038052924600319573,0.0006935736812512227,0.0006935736812512227
4.514,0.02030253043636212,0.00038063864239575403,0.0006939542651957438,0.0006939542651957438
4.515,0.02030426991775814,0.00038074803492550485,0.0006943349585347265,0.0006943349585347265
4.516,0.02030600875502108,0.00038085742358756066,0.0006947157612643055,0.0006947157612643055
4.517,0.02030774694838947,0.00038096680837703697,0.0006950966733806108,0.0006950966733806108
4.518,0.02030948449810174,0.00038107618928905204,0.0006954776948797671,0.0006954776948797671
4.519,0.020311221404396236,0.0003811855663187271,0.0006958588257578947,0.0006958588257578947
4.5200000000000005,0.02031295766751122,0.0003812949394611862,0.0006962400660111088,0.0006962400660111088
4.521,0.02031469328768486,0.00038140430871155644,0.0006966214156355197,0.0006966214156355197
4.522,0.020316428265155242,0.0003815136740649677,0.0006970028746272329,0.0006970028746272329
4.523,0.02031816260016036,0.00038162303551655274,0.000697384442982349,0.000697384442982349
4.524,0.020319896292938115,0.00038173239306144724,0.0006977661206969638,0.0006977661206969638
4.525,0.02032162934372633,0.00038184174669478977,0.0006981479077671681,0.0006981479077671681
4.526,0.020323361752762732,0.0003819510964117218,0.0006985298041890479,0.0006985298041890479
4.527,0.020325093520284963,0.0003820604422073877,0.0006989118099586844,0.0006989118099586844
4.5280000000000005,0.02032682464653058,0.0003821697840769347,0.000699293925072154,0.000699293925072154
4.529,0.020328555131737043,0.00038227912201551284,0.000699676149525528,0.000699676149525528
4.53,0.020330284976141737,0.00038238845601827517,0.0007000584833148731,0.0007000584833148731
4.531,0.02033201417998195,0.00038249778608037753,0.000700440926436251,0.000700440926436251
4.532,0.02033374274349488,0.0003826071121969787,0.0007008234788857187,0.0007008234788857187
4.533,0.020335470666917644,0.0003827164343632403,0.0007012061406593282,0.0007012061406593282
4.534,0.02033719795048727,0.0003828257525743269,0.0007015889117531267,0.0007015889117531267
4.535,0.020338924594440692,0.0003829350668254058,0.0007019717921631568,0.0007019717921631568
4.5360000000000005,0.020340650599014767,0.00038304437711164733,0.000702354781885456,0.000702354781885456
4.537,0.020342375964446255,0.0003831536834282246,0.0007027378809160569,0.0007027378809160569
4.538,0.020344100690971832,0.0003832629857703136,0.0007031210892509876,0.0007031210892509876
4.539,0.020345824778828087,0.0003833722841330933,0.0007035044068862711,0.0007035044068862711
4.54,0.02034754822825152,0.00038348157851174537,0.0007038878338179257,0.0007038878338179257
4.541,0.02034927103947854,0.00038359086890145443,0.0007042713700419649,0.0007042713700419649
4.542,0.02035099321274548,0.000383700155297408,0.0007046550155543973,0.0007046550155543973
4.543,0.02035271474828857,0.00038380943769479646,0.0007050387703512268,0.0007050387703512268
4.5440000000000005,0.02035443564634397,0.000383918716088813,0.0007054226344284524,0.0007054226344284524
4.545,0.020356155907147733,0.0003840279904746537,0.0007058066077820684,0.0007058066077820684
4.546,0.020357875530935838,0.0003841372608475175,0.000706190690408064,0.000706190690408064
4.547,0.020359594517944172,0.00038424652720260626,0.0007065748823024241,0.0007065748823024241
4.548,0.02036131286840854,0.0003843557895351246,0.0007069591834611284,0.0007069591834611284
4.549,0.02036303058256465,0.00038446504784028004,0.0007073435938801519,0.0007073435938801519
4.55,0.02036474766064813,0.000384574302113283,0.0007077281135554649,0.0007077281135554649
4.551,0.02036646410289452,0.0003846835523493467,0.0007081127424830327,0.0007081127424830327
4.5520000000000005,0.02036817990953927,0.00038479279854368724,0.0007084974806588162,0.0007084974806588162
4.553,0.020369895080817747,0.00038490204069152356,0.0007088823280787713,0.0007088823280787713
4.554,0.020371609616965224,0.0003850112787880775,0.0007092672847388489,0.0007092672847388489
4.555,0.020373323518216895,0.00038512051282857374,0.0007096523506349954,0.0007096523506349954
4.556,0.02037503678480786,0.0003852297428082397,0.0007100375257631524,0.0007100375257631524
4.557,0.02037674941697314,0.00038533896872230576,0.0007104228101192567,0.0007104228101192567
4.558,0.020378461414947657,0.00038544819056600513,0.0007108082036992403,0.0007108082036992403
4.559,0.020380172778966258,0.00038555740833457386,0.0007111937064990303,0.0007111937064990303
4.5600000000000005,0.020381883509263697,0.0003856666220232509,0.0007115793185145494,0.0007115793185145494
4.561,0.02038359360607464,0.0003857758316272779,0.0007119650397417153,0.0007119650397417153
4.562,0.02038530306963367,0.00038588503714189946,0.0007123508701764408,0.0007123508701764408
4.563,0.020387011900175285,0.000385994238562363,0.0007127368098146344,0.0007127368098146344
4.564,0.020388720097933886,0.00038610343588391886,0.0007131228586521993,0.0007131228586521993
4.565,0.020390427663143796,0.00038621262910182004,0.0007135090166850344,0.0007135090166850344
4.566,0.02039213459603925,0.00038632181821132255,0.0007138952839090335,0.0007138952839090335
4.567,0.020393840896854393,0.00038643100320768516,0.000714281660320086,0.000714281660320086
4.5680000000000005,0.020395546565823288,0.0003865401840861694,0.0007146681459140763,0.0007146681459140763
4.569,0.020397251603179907,0.0003866493608420399,0.0007150547406868841,0.0007150547406868841
4.57,0.02039895600915814,0.0003867585334705637,0.0007154414446343846,0.0007154414446343846
4.571,0.020400659783991783,0.00038686770196701104,0.0007158282577524479,0.0007158282577524479
4.572,0.020402362927914554,0.00038697686632665487,0.0007162151800369396,0.0007162151800369396
4.573,0.02040406544116008,0.0003870860265447709,0.0007166022114837207,0.0007166022114837207
4.574,0.020405767323961897,0.0003871951826166378,0.0007169893520886471,0.0007169893520886471
4.575,0.020407468576553466,0.00038730433453753693,0.0007173766018475703,0.0007173766018475703
4.5760000000000005,0.020409169199168152,0.0003874134823027526,0.000717763960756337,0.000717763960756337
4.577,0.020410869192039237,0.0003875226259075719,0.0007181514288107891,0.0007181514288107891
4.578,0.020412568555399916,0.00038763176534728456,0.0007185390060067638,0.0007185390060067638
4.579,0.0204142672894833,0.00038774090061718345,0.0007189266923400937,0.0007189266923400937
4.58,0.020415965394522406,0.0003878500317125641,0.0007193144878066067,0.0007193144878066067
4.581,0.020417662870750173,0.0003879591586287248,0.0007197023924021258,0.0007197023924021258
4.582,0.020419359718399453,0.0003880682813609668,0.0007200904061224695,0.0007200904061224695
4.583,0.020421055937703006,0.00038817739990459405,0.0007204785289634515,0.0007204785289634515
4.5840000000000005,0.02042275152889351,0.0003882865142549134,0.0007208667609208809,0.0007208667609208809
4.585,0.02042444649220356,0.00038839562440723445,0.000721255101990562,0.000721255101990562
4.586,0.02042614082786566,0.0003885047303568696,0.0007216435521682945,0.0007216435521682945
4.587,0.02042783453611223,0.00038861383209913417,0.0007220321114498733,0.0007220321114498733
4.588,0.0204295276171756,0.00038872292962934614,0.0007224207798310887,0.0007224207798310887
4.589,0.02043122007128802,0.00038883202294282644,0.0007228095573077264,0.0007228095573077264
4.59,0.020432911898681648,0.00038894111203489873,0.0007231984438755673,0.0007231984438755673
4.591,0.020434603099588562,0.00038905019690088947,0.0007235874395303875,0.0007235874395303875
4.5920000000000005,0.02043629367424075,0.000389159277536128,0.0007239765442679588,0.0007239765442679588
4.593,0.020437983622870116,0.0003892683539359464,0.000724365758084048,0.000724365758084048
4.594,0.020439672945708476,0.0003893774260956795,0.0007247550809744174,0.0007247550809744174
4.595,0.02044136164298756,0.0003894864940106651,0.0007251445129348244,0.0007251445129348244
4.596,0.02044304971493902,0.00038959555767624363,0.0007255340539610222,0.0007255340539610222
4.597,0.02044473716179441,0.00038970461708775844,0.0007259237040487589,0.0007259237040487589
4.598,0.020446423983785204,0.00038981367224055557,0.0007263134631937782,0.0007263134631937782
4.599,0.020448110181142794,0.00038992272312998396,0.0007267033313918189,0.0007267033313918189
4.6000000000000005,0.02044979575409848,0.00039003176975139527,0.0007270933086386155,0.0007270933086386155
4.601,0.02045148070288348,0.000390140812100144,0.0007274833949298975,0.0007274833949298975
4.602,0.02045316502772893,0.00039024985017158744,0.00072787359026139,0.00072787359026139
4.603,0.020454848728865868,0.0003903588839610857,0.0007282638946288133,0.0007282638946288133
4.604,0.02045653180652526,0.00039046791346400157,0.0007286543080278833,0.0007286543080278833
4.605,0.02045821426093798,0.00039057693867570076,0.0007290448304543109,0.0007290448304543109
4.606,0.020459896092334815,0.0003906859595915517,0.0007294354619038027,0.0007294354619038027
4.607,0.02046157730094647,0.00039079497620692565,0.0007298262023720606,0.0007298262023720606
4.6080000000000005,0.020463257887003566,0.00039090398851719655,0.0007302170518547816,0.0007302170518547816
4.609,0.020464937850736633,0.00039101299651774125,0.0007306080103476584,0.0007306080103476584
4.61,0.020466617192376118,0.00039112200020393934,0.000730999077846379,0.000730999077846379
4.611,0.020468295912152386,0.0003912309995711732,0.0007313902543466266,0.0007313902543466266
4.612,0.020469974010295714,0.0003913399946148279,0.0007317815398440801,0.0007317815398440801
4.613,0.02047165148703629,0.00039144898533029145,0.0007321729343344135,0.0007321729343344135
4.614,0.020473328342604225,0.0003915579717129545,0.0007325644378132964,0.0007325644378132964
4.615,0.02047500457722954,0.00039166695375821063,0.0007329560502763936,0.0007329560502763936
4.616,0.02047668019114217,0.000391775931461456,0.0007333477717193655,0.0007333477717193655
4.617,0.020478355184571962,0.0003918849048180897,0.0007337396021378676,0.0007337396021378676
4.618,0.020480029557748688,0.00039199387382351353,0.0007341315415275513,0.0007341315415275513
4.619,0.020481703310902027,0.0003921028384731321,0.0007345235898840628,0.0007345235898840628
4.62,0.020483376444261573,0.00039221179876235276,0.0007349157472030441,0.0007349157472030441
4.621,0.02048504895805684,0.0003923207546865856,0.0007353080134801324,0.0007353080134801324
4.622,0.02048672085251725,0.00039242970624124357,0.0007357003887109607,0.0007357003887109607
4.623,0.020488392127872148,0.0003925386534217423,0.0007360928728911569,0.0007360928728911569
4.624,0.020490062784350786,0.00039264759622350024,0.0007364854660163446,0.0007364854660163446
4.625,0.020491732822182338,0.0003927565346419386,0.0007368781680821428,0.0007368781680821428
4.626,0.02049340224159589,0.0003928654686724813,0.0007372709790841658,0.0007372709790841658
4.627,0.020495071042820442,0.0003929743983105551,0.0007376638990180235,0.0007376638990180235
4.628,0.020496739226084908,0.00039308332355158946,0.0007380569278793212,0.0007380569278793212
4.6290000000000004,0.020498406791618122,0.00039319224439101665,0.0007384500656636595,0.0007384500656636595
4.63,0.020500073739648832,0.0003933011608242717,0.0007388433123666345,0.0007388433123666345
4.631,0.0205017400704057,0.0003934100728467923,0.0007392366679838378,0.0007392366679838378
4.632,0.0205034057841173,0.00039351898045401906,0.0007396301325108564,0.0007396301325108564
4.633,0.02050507088101213,0.0003936278836413952,0.0007400237059432726,0.0007400237059432726
4.634,0.020506735361318598,0.00039373678240436677,0.0007404173882766643,0.0007404173882766643
4.635,0.020508399225265025,0.0003938456767383826,0.000740811179506605,0.000740811179506605
4.636,0.02051006247307965,0.0003939545666388942,0.0007412050796286632,0.0007412050796286632
4.6370000000000005,0.020511725104990632,0.0003940634521013558,0.0007415990886384034,0.0007415990886384034
4.638,0.020513387121226037,0.00039417233312122454,0.000741993206531385,0.000741993206531385
4.639,0.020515048522013853,0.00039428120969396013,0.0007423874333031634,0.0007423874333031634
4.64,0.020516709307581982,0.0003943900818150252,0.000742781768949289,0.000742781768949289
4.641,0.020518369478158237,0.0003944989494798849,0.0007431762134653079,0.0007431762134653079
4.642,0.020520029033970353,0.0003946078126840074,0.0007435707668467618,0.0007435707668467618
4.643,0.020521687975245978,0.00039471667142286336,0.0007439654290891875,0.0007439654290891875
4.644,0.020523346302212676,0.00039482552569192637,0.0007443602001881176,0.0007443602001881176
4.6450000000000005,0.02052500401509793,0.0003949343754866727,0.00074475508013908,0.00074475508013908
4.646,0.02052666111412913,0.0003950432208025813,0.000745150068937598,0.000745150068937598
4.647,0.02052831759953359,0.0003951520616351339,0.0007455451665791907,0.0007455451665791907
4.648,0.020529973471538537,0.00039526089797981505,0.0007459403730593723,0.0007459403730593723
4.649,0.020531628730371114,0.00039536972983211186,0.0007463356883736528,0.0007463356883736528
4.65,0.020533283376258378,0.00039547855718751433,0.0007467311125175375,0.0007467311125175375
4.651,0.020534937409427308,0.00039558738004151516,0.0007471266454865274,0.0007471266454865274
4.652,0.02053659083010479,0.00039569619838960977,0.0007475222872761186,0.0007475222872761186
4.6530000000000005,0.020538243638517632,0.00039580501222729627,0.0007479180378818031,0.0007479180378818031
4.654,0.02053989583489256,0.00039591382155007554,0.0007483138972990683,0.0007483138972990683
4.655,0.02054154741945621,0.0003960226263534512,0.0007487098655233968,0.0007487098655233968
4.656,0.020543198392435135,0.0003961314266329296,0.0007491059425502672,0.0007491059425502672
4.657,0.02054484875405581,0.0003962402223840198,0.0007495021283751533,0.0007495021283751533
4.658,0.020546498504544618,0.0003963490136022336,0.0007498984229935244,0.0007498984229935244
4.659,0.020548147644127865,0.0003964578002830855,0.0007502948264008453,0.0007502948264008453
4.66,0.020549796173031768,0.00039656658242209265,0.0007506913385925766,0.0007506913385925766
4.6610000000000005,0.020551444091482466,0.00039667536001477513,0.000751087959564174,0.000751087959564174
4.662,0.020553091399706007,0.0003967841330566556,0.0007514846893110892,0.0007514846893110892
4.663,0.020554738097928363,0.00039689290154325946,0.0007518815278287689,0.0007518815278287689
4.664,0.020556384186375416,0.0003970016654701148,0.0007522784751126557,0.0007522784751126557
4.665,0.020558029665272967,0.00039711042483275247,0.0007526755311581877,0.0007526755311581877
4.666,0.020559674534846736,0.00039721917962670607,0.0007530726959607984,0.0007530726959607984
4.667,0.020561318795322355,0.0003973279298475118,0.0007534699695159168,0.0007534699695159168
4.668,0.020562962446925372,0.0003974366754907087,0.0007538673518189675,0.0007538673518189675
4.6690000000000005,0.020564605489881257,0.00039754541655183845,0.0007542648428653707,0.0007542648428653707
4.67,0.02056624792441539,0.0003976541530264454,0.0007546624426505423,0.0007546624426505423
4.671,0.020567889750753073,0.00039776288491007676,0.0007550601511698933,0.0007550601511698933
4.672,0.02056953096911952,0.0003978716121982823,0.0007554579684188307,0.0007554579684188307
4.673,0.020571171579739866,0.0003979803348866146,0.0007558558943927566,0.0007558558943927566
4.674,0.02057281158283916,0.00039808905297062893,0.0007562539290870691,0.0007562539290870691
4.675,0.020574450978642366,0.00039819776644588314,0.0007566520724971616,0.0007566520724971616
4.676,0.02057608976737437,0.00039830647530793794,0.0007570503246184232,0.0007570503246184232
4.6770000000000005,0.020577727949259973,0.0003984151795523567,0.0007574486854462383,0.0007574486854462383
4.678,0.020579365524523885,0.0003985238791747055,0.0007578471549759872,0.0007578471549759872
4.679,0.020581002493390742,0.000398632574170553,0.0007582457332030455,0.0007582457332030455
4.68,0.020582638856085095,0.00039874126453547077,0.0007586444201227846,0.0007586444201227846
4.681,0.020584274612831414,0.00039884995026503295,0.0007590432157305713,0.0007590432157305713
4.682,0.020585909763854077,0.00039895863135481634,0.0007594421200217681,0.0007594421200217681
4.683,0.020587544309377388,0.00039906730780040053,0.0007598411329917329,0.0007598411329917329
4.684,0.02058917824962556,0.0003991759795973678,0.0007602402546358193,0.0007602402546358193
4.6850000000000005,0.020590811584822732,0.00039928464674130306,0.0007606394849493766,0.0007606394849493766
4.686,0.020592444315192953,0.00039939330922779393,0.0007610388239277494,0.0007610388239277494
4.687,0.020594076440960195,0.0003995019670524308,0.0007614382715662782,0.0007614382715662782
4.688,0.020595707962348338,0.0003996106202108066,0.0007618378278602988,0.0007618378278602988
4.689,0.02059733887958119,0.00039971926869851714,0.0007622374928051429,0.0007622374928051429
4.69,0.020598969192882465,0.00039982791251116077,0.0007626372663961375,0.0007626372663961375
4.691,0.020600598902475807,0.00039993655164433854,0.0007630371486286053,0.0007630371486286053
4.692,0.020602228008584765,0.00040004518609365424,0.0007634371394978648,0.0007634371394978648
4.6930000000000005,0.020603856511432813,0.00040015381585471434,0.0007638372389992299,0.0007638372389992299
4.694,0.02060548441124334,0.00040026244092312795,0.00076423744712801,0.00076423744712801
4.695,0.02060711170823965,0.0004003710612945069,0.0007646377638795105,0.0007646377638795105
4.696,0.020608738402644964,0.0004004796769644657,0.0007650381892490319,0.0007650381892490319
4.697,0.020610364494682426,0.0004005882879286215,0.0007654387232318708,0.0007654387232318708
4.698,0.020611989984575092,0.0004006968941825942,0.000765839365823319,0.000765839365823319
4.699,0.02061361487254594,0.0004008054957220063,0.0007662401170186645,0.0007662401170186645
4.7,0.020615239158817862,0.00040091409254248305,0.0007666409768131901,0.0007666409768131901
4.7010000000000005,0.020616862843613665,0.0004010226846396523,0.000767041945202175,0.000767041945202175
4.702,0.02061848592715608,0.0004011312720091446,0.0007674430221808935,0.0007674430221808935
4.703,0.02062010840966775,0.0004012398546465932,0.000767844207744616,0.000767844207744616
4.704,0.020621730291371237,0.00040134843254763404,0.0007682455018886079,0.0007682455018886079
4.705,0.020623351572489027,0.0004014570057079057,0.0007686469046081309,0.0007686469046081309
4.706,0.02062497225324351,0.0004015655741230494,0.000769048415898442,0.000769048415898442
4.707,0.02062659233385701,0.000401674137788709,0.0007694500357547938,0.0007694500357547938
4.708,0.020628211814551756,0.0004017826967005312,0.0007698517641724347,0.0007698517641724347
4.7090000000000005,0.020629830695549897,0.0004018912508541651,0.0007702536011466088,0.0007702536011466088
4.71,0.020631448977073506,0.00040199980024526274,0.0007706555466725555,0.0007706555466725555
4.711,0.020633066659344567,0.0004021083448694786,0.0007710576007455103,0.0007710576007455103
4.712,0.020634683742584984,0.00040221688472247,0.000771459763360704,0.000771459763360704
4.713,0.02063630022701658,0.00040232541979989676,0.0007718620345133633,0.0007718620345133633
4.714,0.020637916112861095,0.0004024339500974215,0.0007722644141987104,0.0007722644141987104
4.715,0.020639531400340184,0.0004025424756107094,0.0007726669024119634,0.0007726669024119634
4.716,0.020641146089675426,0.00040265099633542833,0.0007730694991483357,0.0007730694991483357
4.7170000000000005,0.020642760181088314,0.00040275951226724884,0.0007734722044030366,0.0007734722044030366
4.718,0.02064437367480026,0.0004028680234018441,0.0007738750181712711,0.0007738750181712711
4.719,0.020645986571032594,0.00040297652973489,0.0007742779404482398,0.0007742779404482398
4.72,0.020647598870006563,0.000403085031262065,0.0007746809712291389,0.0007746809712291389
4.721,0.020649210571943334,0.0004031935279790502,0.0007750841105091605,0.0007750841105091605
4.722,0.02065082167706399,0.0004033020198815295,0.0007754873582834922,0.0007754873582834922
4.723,0.020652432185589535,0.00040341050696518927,0.0007758907145473174,0.0007758907145473174
4.724,0.020654042097740886,0.0004035189892257186,0.0007762941792958149,0.0007762941792958149
4.7250000000000005,0.02065565141373888,0.00040362746665880924,0.0007766977525241597,0.0007766977525241597
4.726,0.02065726013380428,0.0004037359392601556,0.000777101434227522,0.000777101434227522
4.727,0.020658868258157756,0.00040384440702545473,0.000777505224401068,0.000777505224401068
4.728,0.0206604757870199,0.0004039528699504062,0.0007779091230399594,0.0007779091230399594
4.729,0.020662082720611232,0.00040406132803071245,0.0007783131301393539,0.0007783131301393539
4.73,0.02066368905915217,0.00040416978126207837,0.0007787172456944046,0.0007787172456944046
4.731,0.020665294802863072,0.00040427822964021157,0.0007791214697002603,0.0007791214697002603
4.732,0.0206668999519642,0.0004043866731608223,0.0007795258021520658,0.0007795258021520658
4.7330000000000005,0.02066850450667574,0.00040449511181962343,0.0007799302430449613,0.0007799302430449613
4.734,0.020670108467217795,0.0004046035456123305,0.000780334792374083,0.000780334792374083
4.735,0.020671711833810388,0.0004047119745346616,0.0007807394501345625,0.0007807394501345625
4.736,0.02067331460667346,0.00040482039858233756,0.0007811442163215273,0.0007811442163215273
4.737,0.020674916786026867,0.0004049288177510818,0.0007815490909301008,0.0007815490909301008
4.738,0.020676518372090388,0.00040503723203662035,0.0007819540739554018,0.0007819540739554018
4.739,0.020678119365083722,0.0004051456414346819,0.0007823591653925449,0.0007823591653925449
4.74,0.020679719765226482,0.0004052540459409977,0.0007827643652366405,0.0007827643652366405
4.741,0.0206813195727382,0.0004053624455513018,0.0007831696734827948,0.0007831696734827948
4.742,0.02068291878783833,0.0004054708402613307,0.0007835750901261097,0.0007835750901261097
4.743,0.020684517410746246,0.00040557923006682354,0.0007839806151616826,0.0007839806151616826
4.744,0.02068611544168123,0.0004056876149635222,0.0007843862485846071,0.0007843862485846071
4.745,0.020687712880862498,0.0004057959949471712,0.000784791990389972,0.000784791990389972
4.746,0.020689309728509176,0.00040590437001351745,0.0007851978405728624,0.0007851978405728624
4.747,0.02069090598484031,0.0004060127401583107,0.0007856037991283586,0.0007856037991283586
4.748,0.02069250165007486,0.00040612110537730325,0.0007860098660515371,0.0007860098660515371
4.749,0.020694096724431718,0.00040622946566625006,0.0007864160413374699,0.0007864160413374699
4.75,0.020695691208129682,0.00040633782102090864,0.0007868223249812248,0.0007868223249812248
4.751,0.020697285101387478,0.00040644617143703913,0.0007872287169778655,0.0007872287169778655
4.752,0.020698878404423745,0.00040655451691040434,0.0007876352173224512,0.0007876352173224512
4.753,0.020700471117457042,0.00040666285743676966,0.0007880418260100372,0.0007880418260100372
4.7540000000000004,0.02070206324070585,0.0004067711930119031,0.0007884485430356743,0.0007884485430356743
4.755,0.020703654774388566,0.0004068795236315753,0.0007888553683944093,0.0007888553683944093
4.756,0.020705245718723505,0.00040698784929155943,0.0007892623020812844,0.0007892623020812844
4.757,0.020706836073928907,0.00040709616998763136,0.0007896693440913378,0.0007896693440913378
4.758,0.02070842584022293,0.00040720448571556953,0.0007900764944196036,0.0007900764944196036
4.759,0.020710015017823644,0.000407312796471155,0.0007904837530611114,0.0007904837530611114
4.76,0.020711603606949045,0.0004074211022501714,0.000790891120010887,0.000790891120010887
4.761,0.020713191607817046,0.0004075294030484051,0.0007912985952639516,0.0007912985952639516
4.7620000000000005,0.02071477902064548,0.00040763769886164485,0.0007917061788153222,0.0007917061788153222
4.763,0.0207163658456521,0.0004077459896856822,0.0007921138706600119,0.0007921138706600119
4.764,0.02071795208305458,0.0004078542755163112,0.0007925216707930291,0.0007925216707930291
4.765,0.020719537733070503,0.0004079625563493285,0.0007929295792093785,0.0007929295792093785
4.766,0.020721122795917386,0.0004080708321805335,0.0007933375959040604,0.0007933375959040604
4.767,0.020722707271812656,0.00040817910300572797,0.0007937457208720709,0.0007937457208720709
4.768,0.020724291160973664,0.00040828736882071644,0.0007941539541084018,0.0007941539541084018
4.769,0.020725874463617677,0.0004083956296213059,0.0007945622956080408,0.0007945622956080408
4.7700000000000005,0.020727457179961883,0.0004085038854033061,0.0007949707453659715,0.0007949707453659715
4.771,0.020729039310223393,0.0004086121361625293,0.0007953793033771731,0.0007953793033771731
4.772,0.02073062085461923,0.00040872038189479037,0.0007957879696366208,0.0007957879696366208
4.773,0.020732201813366345,0.00040882862259590666,0.0007961967441392857,0.0007961967441392857
4.774,0.020733782186681603,0.0004089368582616983,0.0007966056268801342,0.0007966056268801342
4.775,0.02073536197478179,0.00040904508888798787,0.0007970146178541292,0.0007970146178541292
4.776,0.020736941177883616,0.0004091533144706006,0.000797423717056229,0.000797423717056229
4.777,0.020738519796203704,0.0004092615350053643,0.0007978329244813878,0.0007978329244813878
4.7780000000000005,0.020740097829958597,0.00040936975048810935,0.0007982422401245557,0.0007982422401245557
4.779,0.020741675279364765,0.00040947796091466874,0.0007986516639806785,0.0007986516639806785
4.78,0.02074325214463859,0.00040958616628087804,0.0007990611960446982,0.0007990611960446982
4.781,0.02074482842599638,0.0004096943665825754,0.0007994708363115521,0.0007994708363115521
4.782,0.02074640412365436,0.00040980256181560144,0.0007998805847761738,0.0007998805847761738
4.783,0.020747979237828673,0.0004099107519757996,0.0008002904414334923,0.0008002904414334923
4.784,0.020749553768735385,0.00041001893705901567,0.000800700406278433,0.000800700406278433
4.785,0.02075112771659048,0.00041012711706109816,0.0008011104793059166,0.0008011104793059166
4.7860000000000005,0.020752701081609863,0.0004102352919778981,0.0008015206605108601,0.0008015206605108601
4.787,0.02075427386400936,0.00041034346180526907,0.000801930949888176,0.000801930949888176
4.788,0.02075584606400472,0.0004104516265390673,0.0008023413474327728,0.0008023413474327728
4.789,0.020757417681811604,0.0004105597861751516,0.0008027518531395549,0.0008027518531395549
4.79,0.020758988717645598,0.0004106679407093832,0.0008031624670034224,0.0008031624670034224
4.791,0.020760559171722207,0.00041077609013762605,0.0008035731890192716,0.0008035731890192716
4.792,0.02076212904425686,0.0004108842344557466,0.0008039840191819943,0.0008039840191819943
4.793,0.0207636983354649,0.000410992373659614,0.0008043949574864784,0.0008043949574864784
4.7940000000000005,0.020765267045561593,0.0004111005077450998,0.0008048060039276074,0.0008048060039276074
4.795,0.020766835174762126,0.0004112086367080781,0.0008052171585002611,0.0008052171585002611
4.796,0.020768402723281607,0.0004113167605444258,0.0008056284211993148,0.0008056284211993148
4.797,0.02076996969133506,0.0004114248792500221,0.0008060397920196397,0.0008060397920196397
4.798,0.02077153607913744,0.00041153299282074894,0.0008064512709561032,0.0008064512709561032
4.799,0.020773101886903608,0.00041164110125249074,0.0008068628580035682,0.0008068628580035682
4.8,0.020774667114848353,0.00041174920454113445,0.0008072745531568938,0.0008072745531568938
4.801,0.020776231763186388,0.0004118573026825697,0.0008076863564109348,0.0008076863564109348
4.8020000000000005,0.02077779583213234,0.0004119653956726886,0.0008080982677605419,0.0008080982677605419
4.803,0.020779359321900757,0.0004120734835073858,0.0008085102872005616,0.0008085102872005616
4.804,0.02078092223270611,0.0004121815661825586,0.0008089224147258368,0.0008089224147258368
4.805,0.020782484564762796,0.0004122896436941067,0.0008093346503312056,0.0008093346503312056
4.806,0.02078404631828512,0.00041239771603793245,0.0008097469940115025,0.0008097469940115025
4.807,0.020785607493487318,0.0004125057832099408,0.0008101594457615576,0.0008101594457615576
4.808,0.02078716809058354,0.0004126138452060392,0.0008105720055761971,0.0008105720055761971
4.809,0.02078872810978786,0.0004127219020221376,0.000810984673450243,0.000810984673450243
4.8100000000000005,0.020790287551314273,0.00041282995365414857,0.0008113974493785133,0.0008113974493785133
4.811,0.020791846415376694,0.0004129380000979873,0.0008118103333558218,0.0008118103333558218
4.812,0.02079340470218896,0.0004130460413495713,0.0008122233253769784,0.0008122233253769784
4.813,0.02079496241196483,0.00041315407740482083,0.0008126364254367888,0.0008126364254367888
4.814,0.020796519544917978,0.00041326210825965863,0.0008130496335300546,0.0008130496335300546
4.815,0.020798076101262004,0.00041337013391001,0.0008134629496515733,0.0008134629496515733
4.816,0.020799632081210426,0.00041347815435180277,0.0008138763737961385,0.0008138763737961385
4.817,0.020801187484976686,0.00041358616958096724,0.0008142899059585395,0.0008142899059585395
4.8180000000000005,0.020802742312774142,0.0004136941795934364,0.0008147035461335616,0.0008147035461335616
4.819,0.020804296564816083,0.00041380218438514567,0.0008151172943159862,0.0008151172943159862
4.82,0.020805850241315704,0.00041391018395203305,0.0008155311505005903,0.0008155311505005903
4.821,0.020807403342486135,0.0004140181782900391,0.0008159451146821472,0.0008159451146821472
4.822,0.02080895586854042,0.0004141261673951068,0.0008163591868554261,0.0008163591868554261
4.823,0.020810507819691525,0.0004142341512631818,0.0008167733670151918,0.0008167733670151918
4.824,0.020812059196152338,0.00041434212989021225,0.0008171876551562055,0.0008171876551562055
4.825,0.020813609998135668,0.00041445010327214877,0.0008176020512732239,0.0008176020512732239
4.8260000000000005,0.020815160225854244,0.0004145580714049446,0.000818016555361,0.000818016555361
4.827,0.02081670987952072,0.0004146660342845555,0.0008184311674142826,0.0008184311674142826
4.828,0.020818258959347666,0.0004147739919069397,0.0008188458874278167,0.0008188458874278167
4.829,0.02081980746554758,0.0004148819442680579,0.0008192607153963428,0.0008192607153963428
4.83,0.02082135539833287,0.0004149898913638736,0.0008196756513145977,0.0008196756513145977
4.831,0.020822902757915877,0.0004150978331903525,0.0008200906951773141,0.0008200906951773141
4.832,0.020824449544508856,0.000415205769743463,0.0008205058469792206,0.0008205058469792206
4.833,0.02082599575832399,0.0004153137010191761,0.0008209211067150419,0.0008209211067150419
4.8340000000000005,0.02082754139957338,0.00041542162701346504,0.0008213364743794986,0.0008213364743794986
4.835,0.02082908646846904,0.00041552954772230586,0.0008217519499673071,0.0008217519499673071
4.836,0.020830630965222925,0.00041563746314167703,0.0008221675334731801,0.0008221675334731801
4.837,0.020832174890046892,0.0004157453732675595,0.000822583224891826,0.000822583224891826
4.838,0.02083371824315273,0.00041585327809593684,0.0008229990242179493,0.0008229990242179493
4.839,0.02083526102475215,0.00041596117762279496,0.0008234149314462506,0.0008234149314462506
4.84,0.020836803235056777,0.0004160690718441224,0.0008238309465714264,0.0008238309465714264
4.841,0.020838344874278165,0.0004161769607559103,0.0008242470695881691,0.0008242470695881691
4.8420000000000005,0.020839885942627787,0.0004162848443541522,0.0008246633004911671,0.0008246633004911671
4.843,0.02084142644031704,0.00041639272263484413,0.0008250796392751049,0.0008250796392751049
4.844,0.020842966367557236,0.0004165005955939847,0.0008254960859346629,0.0008254960859346629
4.845,0.020844505724559616,0.000416608463227575,0.0008259126404645176,0.0008259126404645176
4.846,0.020846044511535343,0.00041671632553161867,0.0008263293028593416,0.0008263293028593416
4.847,0.020847582728695493,0.0004168241825021218,0.000826746073113803,0.000826746073113803
4.848,0.020849120376251074,0.00041693203413509304,0.0008271629512225666,0.0008271629512225666
4.849,0.02085065745441301,0.0004170398804265435,0.0008275799371802927,0.0008275799371802927
4.8500000000000005,0.02085219396339215,0.0004171477213724868,0.0008279970309816378,0.0008279970309816378
4.851,0.02085372990339926,0.0004172555569689391,0.0008284142326212545,0.0008284142326212545
4.852,0.020855265274645034,0.00041736338721191907,0.0008288315420937912,0.0008288315420937912
4.853,0.020856800077340084,0.00041747121209744783,0.0008292489593938925,0.0008292489593938925
4.854,0.020858334311694947,0.00041757903162154903,0.000829666484516199,0.000829666484516199
4.855,0.02085986797792008,0.00041768684578024885,0.0008300841174553472,0.0008300841174553472
4.856,0.02086140107622586,0.00041779465456957593,0.0008305018582059698,0.0008305018582059698
4.857,0.020862933606822592,0.0004179024579855614,0.0008309197067626953,0.0008309197067626953
4.8580000000000005,0.0208644655699205,0.00041801025602423894,0.0008313376631201484,0.0008313376631201484
4.859,0.020865996965729723,0.00041811804868164464,0.00083175572727295,0.00083175572727295
4.86,0.020867527794460338,0.0004182258359538171,0.0008321738992157166,0.0008321738992157166
4.861,0.02086905805632233,0.00041833361783679757,0.0008325921789430612,0.0008325921789430612
4.862,0.020870587751525616,0.00041844139432662954,0.0008330105664495924,0.0008330105664495924
4.863,0.020872116880280022,0.0004185491654193592,0.0008334290617299153,0.0008334290617299153
4.864,0.020873645442795314,0.0004186569311110351,0.0008338476647786308,0.0008338476647786308
4.865,0.020875173439281167,0.00041876469139770836,0.0008342663755903357,0.0008342663755903357
4.866,0.020876700869947182,0.00041887244627543255,0.0008346851941596232,0.0008346851941596232
4.867,0.020878227735002884,0.00041898019574026374,0.0008351041204810823,0.0008351041204810823
4.868,0.02087975403465772,0.00041908793978826046,0.0008355231545492981,0.0008355231545492981
4.869,0.02088127976912106,0.00041919567841548376,0.0008359422963588518,0.0008359422963588518
4.87,0.020882804938602197,0.00041930341161799717,0.0008363615459043209,0.0008363615459043209
4.871,0.02088432954331034,0.00041941113939186666,0.0008367809031802784,0.0008367809031802784
4.872,0.02088585358345463,0.00041951886173316076,0.0008372003681812938,0.0008372003681812938
4.873,0.020887377059244122,0.00041962657863795036,0.0008376199409019326,0.0008376199409019326
4.874,0.0208888999708878,0.00041973429010230893,0.0008380396213367563,0.0008380396213367563
4.875,0.020890422318594566,0.0004198419961223124,0.0008384594094803224,0.0008384594094803224
4.876,0.02089194410257325,0.0004199496966940392,0.0008388793053271848,0.0008388793053271848
4.877,0.0208934653230326,0.00042005739181357013,0.0008392993088718932,0.0008392993088718932
4.878,0.020894985980181288,0.0004201650814769886,0.0008397194201089933,0.0008397194201089933
4.8790000000000004,0.02089650607422791,0.00042027276568038034,0.0008401396390330272,0.0008401396390330272
4.88,0.020898025605380982,0.0004203804444198337,0.0008405599656385327,0.0008405599656385327
4.881,0.020899544573848947,0.00042048811769143944,0.0008409803999200442,0.0008409803999200442
4.882,0.020901062979840165,0.00042059578549129083,0.0008414009418720917,0.0008414009418720917
4.883,0.020902580823562927,0.0004207034478154835,0.0008418215914892016,0.0008418215914892016
4.884,0.020904098105225435,0.0004208111046601157,0.0008422423487658961,0.0008422423487658961
4.885,0.020905614825035827,0.000420918756021288,0.0008426632136966939,0.0008426632136966939
4.886,0.020907130983202155,0.00042102640189510353,0.0008430841862761096,0.0008430841862761096
4.8870000000000005,0.020908646579932397,0.00042113404227766784,0.0008435052664986537,0.0008435052664986537
4.888,0.020910161615434453,0.000421241677165089,0.0008439264543588332,0.0008439264543588332
4.889,0.02091167608991615,0.0004213493065534775,0.0008443477498511509,0.0008443477498511509
4.89,0.020913190003585234,0.0004214569304389463,0.0008447691529701058,0.0008447691529701058
4.891,0.020914703356649373,0.00042156454881761075,0.0008451906637101931,0.0008451906637101931
4.892,0.02091621614931616,0.0004216721616855888,0.0008456122820659041,0.0008456122820659041
4.893,0.020917728381793115,0.0004217797690390008,0.0008460340080317261,0.0008460340080317261
4.894,0.02091924005428767,0.00042188737087396947,0.0008464558416021425,0.0008464558416021425
4.8950000000000005,0.020920751167007194,0.0004219949671866201,0.0008468777827716332,0.0008468777827716332
4.896,0.02092226172015897,0.0004221025579730804,0.0008472998315346737,0.0008472998315346737
4.897,0.02092377171395021,0.0004222101432294805,0.000847721987885736,0.000847721987885736
4.898,0.020925281148588038,0.00042231772295195304,0.000848144251819288,0.000848144251819288
4.899,0.020926790024279517,0.0004224252971366331,0.000848566623329794,0.000848566623329794
4.9,0.020928298341231624,0.00042253286577965813,0.0008489891024117141,0.0008489891024117141
4.901,0.02092980609965126,0.00042264042887716816,0.0008494116890595048,0.0008494116890595048
4.902,0.020931313299745256,0.0004227479864253056,0.0008498343832676186,0.0008498343832676186
4.9030000000000005,0.020932819941720356,0.00042285553842021523,0.0008502571850305044,0.0008502571850305044
4.904,0.020934326025783233,0.00042296308485804447,0.0008506800943426068,0.0008506800943426068
4.905,0.02093583155214048,0.00042307062573494297,0.0008511031111983669,0.0008511031111983669
4.906,0.020937336520998624,0.00042317816104706297,0.0008515262355922217,0.0008515262355922217
4.907,0.0209388409325641,0.0004232856907905591,0.0008519494675186047,0.0008519494675186047
4.908,0.020940344787043277,0.0004233932149615885,0.0008523728069719453,0.0008523728069719453
4.909,0.02094184808464245,0.00042350073355631063,0.0008527962539466691,0.0008527962539466691
4.91,0.020943350825567825,0.0004236082465708875,0.0008532198084371978,0.0008532198084371978
4.9110000000000005,0.020944853010025542,0.0004237157540014834,0.0008536434704379495,0.0008536434704379495
4.912,0.020946354638221663,0.00042382325584426525,0.0008540672399433382,0.0008540672399433382
4.913,0.020947855710362173,0.00042393075209540233,0.0008544911169477741,0.0008544911169477741
4.914,0.02094935622665298,0.0004240382427510663,0.0008549151014456639,0.0008549151014456639
4.915,0.020950856187299916,0.0004241457278074314,0.0008553391934314099,0.0008553391934314099
4.916,0.020952355592508735,0.00042425320726067415,0.000855763392899411,0.000855763392899411
4.917,0.020953854442485122,0.0004243606811069736,0.0008561876998440622,0.0008561876998440622
4.918,0.020955352737434676,0.0004244681493425111,0.0008566121142597546,0.0008566121142597546
4.9190000000000005,0.020956850477562926,0.00042457561196347063,0.0008570366361408757,0.0008570366361408757
4.92,0.020958347663075323,0.0004246830689660384,0.0008574612654818089,0.0008574612654818089
4.921,0.02095984429417724,0.00042479052034640326,0.0008578860022769337,0.0008578860022769337
4.922,0.02096134037107398,0.0004248979661007563,0.0008583108465206263,0.0008583108465206263
4.923,0.020962835893970765,0.00042500540622529104,0.0008587357982072587,0.0008587357982072587
4.924,0.02096433086307274,0.0004251128407162036,0.0008591608573311991,0.0008591608573311991
4.925,0.020965825278584982,0.00042522026956969233,0.000859586023886812,0.000859586023886812
4.926,0.02096731914071248,0.00042532769278195813,0.000860011297868458,0.000860011297868458
4.9270000000000005,0.020968812449660156,0.00042543511034920427,0.0008604366792704941,0.0008604366792704941
4.928,0.020970305205632853,0.00042554252226763647,0.0008608621680872735,0.0008608621680872735
4.929,0.020971797408835337,0.0004256499285334628,0.0008612877643131453,0.0008612877643131453
4.93,0.020973289059472305,0.0004257573291428938,0.000861713467942455,0.000861713467942455
4.931,0.02097478015774837,0.00042586472409214245,0.0008621392789695443,0.0008621392789695443
4.932,0.020976270703868066,0.00042597211337742414,0.0008625651973887513,0.0008625651973887513
4.933,0.020977760698035867,0.00042607949699495663,0.00086299122319441,0.00086299122319441
4.934,0.02097925014045616,0.00042618687494096007,0.0008634173563808507,0.0008634173563808507
4.9350000000000005,0.02098073903133325,0.00042629424721165715,0.0008638435969424001,0.0008638435969424001
4.936,0.020982227370871385,0.00042640161380327283,0.000864269944873381,0.000864269944873381
4.937,0.020983715159274722,0.0004265089747120346,0.0008646964001681124,0.0008646964001681124
4.938,0.020985202396747348,0.00042661632993417226,0.0008651229628209096,0.0008651229628209096
4.939,0.02098668908349327,0.0004267236794659181,0.0008655496328260839,0.0008655496328260839
4.94,0.02098817521971643,0.00042683102330350677,0.0008659764101779433,0.0008659764101779433
4.941,0.02098966080562068,0.00042693836144317533,0.0008664032948707917,0.0008664032948707917
4.942,0.020991145841409813,0.0004270456938811633,0.0008668302868989292,0.0008668302868989292
4.9430000000000005,0.02099263032728753,0.00042715302061371245,0.0008672573862566522,0.0008672573862566522
4.944,0.020994114263457465,0.00042726034163706716,0.0008676845929382535,0.0008676845929382535
4.945,0.02099559765012318,0.00042736765694747407,0.0008681119069380219,0.0008681119069380219
4.946,0.020997080487488152,0.0004274749665411823,0.0008685393282502428,0.0008685393282502428
4.947,0.02099856277575579,0.0004275822704144433,0.0008689668568691975,0.0008689668568691975
4.948,0.02100004451512943,0.000427689568563511,0.0008693944927891636,0.0008693944927891636
4.949,0.021001525705812325,0.00042779686098464164,0.0008698222360044153,0.0008698222360044153
4.95,0.021003006348007655,0.00042790414767409393,0.0008702500865092225,0.0008702500865092225
4.9510000000000005,0.02100448644191853,0.0004280114286281289,0.0008706780442978517,0.0008706780442978517
4.952,0.021005965987747975,0.00042811870384301014,0.0008711061093645657,0.0008711061093645657
4.953,0.02100744498569895,0.00042822597331500337,0.0008715342817036234,0.0008715342817036234
4.954,0.021008923435974332,0.00042833323704037694,0.0008719625613092801,0.0008719625613092801
4.955,0.021010401338776928,0.0004284404950154015,0.0008723909481757874,0.0008723909481757874
4.956,0.02101187869430947,0.00042854774723635004,0.0008728194422973929,0.0008728194422973929
4.957,0.021013355502774608,0.000428654993699498,0.0008732480436683407,0.0008732480436683407
4.958,0.021014831764374926,0.00042876223440112325,0.0008736767522828713,0.0008736767522828713
4.9590000000000005,0.021016307479312928,0.00042886946933750594,0.0008741055681352212,0.0008741055681352212
4.96,0.021017782647791045,0.0004289766985049287,0.0008745344912196233,0.0008745344912196233
4.961,0.021019257270011634,0.0004290839218996765,0.0008749635215303068,0.0008749635215303068
4.962,0.02102073134617697,0.0004291911395180367,0.0008753926590614971,0.0008753926590614971
4.963,0.021022204876489262,0.00042929835135629903,0.0008758219038074161,0.0008758219038074161
4.964,0.021023677861150638,0.0004294055574107557,0.0008762512557622818,0.0008762512557622818
4.965,0.021025150300363154,0.00042951275767770113,0.0008766807149203084,0.0008766807149203084
4.966,0.021026622194328794,0.0004296199521534322,0.0008771102812757068,0.0008771102812757068
4.9670000000000005,0.02102809354324946,0.00042972714083424826,0.0008775399548226837,0.0008775399548226837
4.968,0.021029564347326984,0.0004298343237164509,0.0008779697355554424,0.0008779697355554424
4.969,0.021031034606763123,0.0004299415007963442,0.0008783996234681825,0.0008783996234681825
4.97,0.02103250432175956,0.0004300486720702345,0.0008788296185550999,0.0008788296185550999
4.971,0.0210339734925179,0.00043015583753443063,0.0008792597208103865,0.0008792597208103865
4.972,0.021035442119239675,0.0004302629971852437,0.0008796899302282309,0.0008796899302282309
4.973,0.021036910202126342,0.00043037015101898726,0.000880120246802818,0.000880120246802818
4.974,0.02103837774137929,0.0004304772990319772,0.0008805506705283286,0.0008805506705283286
4.9750000000000005,0.02103984473719982,0.0004305844412205318,0.0008809812013989404,0.0008809812013989404
4.976,0.02104131118978917,0.0004306915775809717,0.000881411839408827,0.000881411839408827
4.977,0.0210427770993485,0.0004307987081096198,0.0008818425845521584,0.0008818425845521584
4.978,0.021044242466078892,0.0004309058328028016,0.0008822734368231011,0.0008822734368231011
4.979,0.02104570729018136,0.0004310129516568448,0.0008827043962158176,0.0008827043962158176
4.98,0.021047171571856836,0.00043112006466807944,0.0008831354627244672,0.0008831354627244672
4.981,0.021048635311306185,0.00043122717183283806,0.000883566636343205,0.000883566636343205
4.982,0.021050098508730193,0.0004313342731474555,0.0008839979170661828,0.0008839979170661828
4.9830000000000005,0.021051561164329574,0.0004314413686082689,0.0008844293048875486,0.0008844293048875486
4.984,0.021053023278304966,0.00043154845821161787,0.0008848607998014469,0.0008848607998014469
4.985,0.021054484850856932,0.0004316555419538443,0.0008852924018020182,0.0008852924018020182
4.986,0.021055945882185963,0.00043176261983129244,0.0008857241108833996,0.0008857241108833996
4.987,0.021057406372492475,0.000431869691840309,0.0008861559270397246,0.0008861559270397246
4.988,0.02105886632197681,0.00043197675797724286,0.0008865878502651229,0.0008865878502651229
4.989,0.021060325730839234,0.0004320838182384454,0.0008870198805537206,0.0008870198805537206
4.99,0.02106178459927994,0.0004321908726202704,0.00088745201789964,0.00088745201789964
4.9910000000000005,0.021063242927499053,0.00043229792111907386,0.0008878842622970001,0.0008878842622970001
4.992,0.021064700715696612,0.00043240496373121414,0.000888316613739916,0.000888316613739916
4.993,0.021066157964072588,0.00043251200045305206,0.0008887490722224991,0.0008887490722224991
4.994,0.02106761467282688,0.00043261903128095073,0.0008891816377388574,0.0008891816377388574
4.995,0.02106907084215931,0.0004327260562112756,0.0008896143102830952,0.0008896143102830952
4.996,0.02107052647226963,0.0004328330752403944,0.0008900470898493129,0.0008900470898493129
4.997,0.02107198156335751,0.00043294008836467743,0.0008904799764316077,0.0008904799764316077
4.998,0.021073436115622554,0.0004330470955804971,0.0008909129700240728,0.0008909129700240728
4.999,0.021074890129264286,0.0004331540968842283,0.000891346070620798,0.000891346070620798
5.0,0.021076343604482163,0.00043326109227224816,0.0008917792782158693,0.0008917792782158693
